row_number,transaction_id,transaction_reference,sender_wallet_address,receiver_wallet_address,sender_customer_id,receiver_customer_id,amount,transaction_fee,total_debit_amount,currency_code,status,created_at
"1","b41de8f4-49f3-4420-b584-435c709c1a1f","TX_1778167204216_2AF1B9C820B6","ORG_WALLET_1778160276166_F5F14DB4910B","ORG_WALLET_1778160272171_3E1E9FC7005B","ORG_85042eae537c4c1cb51c1e84","ORG_cf345c7615cd49f19d54be4b","24.24","0.02424","24.26424","USD","CONFIRMED","2026-05-07T15:20:04.217Z"
"2","06aaaa98-46e0-479a-8726-7b0a8af09716","TX_1778167204226_67847887D9DC","ORG_WALLET_1778160278746_7064FF0F96E8","ORG_WALLET_1778160276248_B929B3B975EE","ORG_7cd6695ce0d64ff3815c79cb","ORG_10a2a0c34b3b47e3aedbe985","30.34","0.03034","30.37034","USD","CONFIRMED","2026-05-07T15:20:04.226Z"
"3","5d28c104-7de4-422a-8b00-538e509f6a6f","TX_1778167204233_F1747D890632","ORG_WALLET_1778160278130_FD9398A28CB7","ORG_WALLET_1778160272769_FD7534EDEC66","ORG_663382d38d544ef9b9ebb2c7","ORG_ac4284f48d50479c9cabbf1e","17.41","0.01741","17.42741","USD","CONFIRMED","2026-05-07T15:20:04.233Z"
"4","2d5b1d83-fbfa-445a-b3ba-ce68b20b49c7","TX_1778167204237_B900ABBB6D85","ORG_WALLET_1778160275423_53316FAFBA7A","WALLET_1778139950788_F2A29AB7B72B7","ORG_3e2627c9b50d4224b7ce732a","21","23.44","0.02344","23.46344","USD","CONFIRMED","2026-05-07T15:20:04.237Z"
"5","41604f43-0c96-4b1c-ac9e-7bb952688e5b","TX_1778167204242_C4FB97B9A3C5","ORG_WALLET_1778160273191_9F74EE690DA4","WALLET_1778067145106_5F898D69F5F79","ORG_bfd0a100c1f54521bf3575d3","15","42.51","0.04251","42.55251","USD","CONFIRMED","2026-05-07T15:20:04.242Z"
"6","de04d2bd-5663-4309-a9cd-ddbd9e9f0ab7","TX_1778167204246_B6793B2BE3EE","ORG_WALLET_1778160280641_07749B20BDD1","ORG_WALLET_1778160271420_10308936FCED","ORG_72acde45a0c54024bfa80e9a","ORG_c657f0a890c74ef99b1652bf","4.45","0.00445","4.45445","USD","CONFIRMED","2026-05-07T15:20:04.246Z"
"7","781adbd9-3b2a-4c64-ae79-5c7cd01d8ce9","TX_1778167204251_D51F236BF2C0","ORG_WALLET_1778160273191_9F74EE690DA4","ORG_WALLET_1778160283128_A2CB665268B0","ORG_bfd0a100c1f54521bf3575d3","ORG_7eb988a91e6c46b0b85aae07","34.48","0.03448","34.51448","USD","CONFIRMED","2026-05-07T15:20:04.251Z"
"8","58dbf9f6-39f0-48a0-9966-18b509ff8c22","TX_1778167204256_F297D360FBEE","ORG_WALLET_1778160278483_35C5D56EB87C","ORG_WALLET_1778160276854_01DB22D26B59","ORG_324af165c31348f89951e21f","ORG_96abde570dc346cb8fa1c4f8","47.44","0.04744","47.48744","USD","CONFIRMED","2026-05-07T15:20:04.256Z"
"9","1e829a64-1970-41cb-8aef-28c0b4e93d65","TX_1778167204260_129AD843129E","ORG_WALLET_1778160275836_D546B4A6AA4D","ORG_WALLET_1778160276248_B929B3B975EE","ORG_6cca990bda20451bb3b152ba","ORG_10a2a0c34b3b47e3aedbe985","21.4","0.0214","21.4214","USD","CONFIRMED","2026-05-07T15:20:04.260Z"
"10","e061b5ec-3d77-47e4-b3ad-5e6048cce429","TX_1778167204264_11BB5945310C","ORG_WALLET_1778160278996_A269C7AD8721","ORG_WALLET_1778160279487_4104A58B1146","ORG_1f8d33ab9ab44b54bd42620f","ORG_c15b8bf2293b4ea39f843947","3.13","0.00313","3.13313","USD","CONFIRMED","2026-05-07T15:20:04.265Z"
"11","763f4f40-0878-44d3-9c1f-14486ccc6279","TX_1778167204268_C21A3549E2D7","ORG_WALLET_1778160276084_319BD1098BC9","ORG_WALLET_1778160275341_7016E58B21CB","ORG_91c22bc167784571b4372d04","ORG_ba1f38d427344ade8b8000aa","45.74","0.04574","45.78574","USD","CONFIRMED","2026-05-07T15:20:04.268Z"
"12","ce3b05ad-7d79-43cc-8c93-8b29369fce47","TX_1778167204274_27D2C421037F","WALLET_1778067139764_D220C5EF78856","ORG_WALLET_1778160274599_128BAE8501ED","13","ORG_5d7ccd0921bf4a349d193ef4","30.37","0.03037","30.40037","USD","CONFIRMED","2026-05-07T15:20:04.274Z"
"13","4fc7d986-a5f1-4b73-b935-67065b793f55","TX_1778167204280_5BBB5B4763C0","ORG_WALLET_1778160280723_76881A40B86C","ORG_WALLET_1778160282964_AC07329D4648","ORG_ffb1b562e6c24779bc734630","ORG_3265ae8f978f4b7d9d6e5fa9","1.32","0.00132","1.32132","USD","CONFIRMED","2026-05-07T15:20:04.280Z"
"14","b3e5b6d1-31ef-4112-a50f-67756614acee","TX_1778167204285_6FE75F7E1133","ORG_WALLET_1778160282538_2FB7C9E73DEE","WALLET_1778153747020_1ECAE0E292C2A","ORG_6328ec72b8d1427a882a8d14","554070","21.59","0.02159","21.61159","USD","CONFIRMED","2026-05-07T15:20:04.285Z"
"15","f436e44d-7d05-4a4a-b98b-9b17ba89a911","TX_1778167204289_0B49326EFC73","ORG_WALLET_1778160273191_9F74EE690DA4","ORG_WALLET_1778160280975_445C3B87B0E4","ORG_bfd0a100c1f54521bf3575d3","ORG_7afe70881d4b4bf698b08a22","46.14","0.04614","46.18614","USD","CONFIRMED","2026-05-07T15:20:04.289Z"
"16","d72ba748-ef8f-4cae-bd02-619b92cb2949","TX_1778167204294_882AC6A78CB1","ORG_WALLET_1778160278570_DC0BF9503FE1","ORG_WALLET_1778160272427_347735F01EAC","ORG_0491778a7f0d4b3396e7c742","ORG_95f1c8263eb9403fa7c10857","2.14","0.00214","2.14214","USD","CONFIRMED","2026-05-07T15:20:04.294Z"
"17","a1bc111f-62ce-4eea-ac72-b1f507494e8b","TX_1778167204301_982BF3B58A9E","ORG_WALLET_1778160280723_76881A40B86C","ORG_WALLET_1778160275423_53316FAFBA7A","ORG_ffb1b562e6c24779bc734630","ORG_3e2627c9b50d4224b7ce732a","24.64","0.02464","24.66464","USD","CONFIRMED","2026-05-07T15:20:04.301Z"
"18","8e69630d-7c72-4597-852e-525edd2c0753","TX_1778167204306_A868E3C20504","ORG_WALLET_1778160283046_9BD4F086F512","ORG_WALLET_1778160279570_C6CB51444C14","ORG_4583de686dcd47b699bf4049","ORG_f4a88f302b404a3d88306ab9","3.67","0.00367","3.67367","USD","CONFIRMED","2026-05-07T15:20:04.306Z"
"19","a52426fd-362d-4d05-ad5d-15978b577af5","TX_1778167204309_A4834419C073","ORG_WALLET_1778160276762_EAAF396C2E3C","ORG_WALLET_1778160272597_395AFF437375","ORG_dfa5dbd88c9b475bae5822f9","ORG_27f72ecdd7eb4a9f89c477ac","6.78","0.00678","6.78678","USD","CONFIRMED","2026-05-07T15:20:04.309Z"
"20","16d1091c-cfef-4815-88c3-bd8686da855f","TX_1778167204313_C935FB809C7A","ORG_WALLET_1778160269733_0E05DF2FFF93","WALLET_1778146559160_44AE5F5A8DE82","ORG_8e5e15226c434f6db4c68dfe","554069","36.36","0.03636","36.39636","USD","CONFIRMED","2026-05-07T15:20:04.313Z"
"21","1513420d-e45e-44ce-9a81-21ee9513e7dd","TX_1778167204317_87C7DB7B5E75","ORG_WALLET_1778160283539_F49E60DD73DC","ORG_WALLET_1778160278570_DC0BF9503FE1","ORG_7092abecea7a4c3ea5d476c2","ORG_0491778a7f0d4b3396e7c742","15.24","0.01524","15.25524","USD","CONFIRMED","2026-05-07T15:20:04.317Z"
"22","42e1c409-8393-493e-8eaf-7afce3176d15","TX_1778167204321_712541E857F8","ORG_WALLET_1778160276854_01DB22D26B59","ORG_WALLET_1778160272512_224C2AE61622","ORG_96abde570dc346cb8fa1c4f8","ORG_826d10ed54ab49a0a02481cd","28.59","0.02859","28.61859","USD","CONFIRMED","2026-05-07T15:20:04.322Z"
"23","dd82a329-b603-44d8-a64c-25d593f2ab9b","TX_1778167204325_AD0F45D8C040","ORG_WALLET_1778160279241_D1D6C1B2EAAB","ORG_WALLET_1778160280145_1BD0EB49AB57","ORG_a86f8c15d8ce4214ae8d4b54","ORG_13ab97a389df4a27bdd054a8","16.43","0.01643","16.44643","USD","CONFIRMED","2026-05-07T15:20:04.325Z"
"24","d22210d8-2911-4da6-8f80-7943878e91ce","TX_1778167204329_1DD6AED5B0D7","ORG_WALLET_1778160279735_472CEB450301","ORG_WALLET_1778160281587_7507D0163D18","ORG_6575120899be4b2b93a8295a","ORG_0130bc4c8a4f483db60b9a07","3.68","0.00368","3.68368","USD","CONFIRMED","2026-05-07T15:20:04.329Z"
"25","f612423e-4e84-456a-93ce-fe433bb2bc49","TX_1778167204333_32D69DBEDBBA","ORG_WALLET_1778160276576_57F1AE36B2AC","ORG_WALLET_1778160274932_22FF89952550","ORG_bebd64d6740044d1bb3a41b9","ORG_3028e13c98ca4d07a3b5fa43","26.54","0.02654","26.56654","USD","CONFIRMED","2026-05-07T15:20:04.333Z"
"26","45feaebe-a300-4c2a-9edd-4bd0d4d80beb","TX_1778167204337_A86146C053EA","ORG_WALLET_1778160270244_8FA5322D5953","ORG_WALLET_1778160282964_AC07329D4648","ORG_2a4b739bfe4b4248b59c8c60","ORG_3265ae8f978f4b7d9d6e5fa9","44.6","0.0446","44.6446","USD","CONFIRMED","2026-05-07T15:20:04.337Z"
"27","5ec89f17-3cd7-4f9e-9459-572763c7367d","TX_1778167204342_3FEF80E836A9","ORG_WALLET_1778160279241_D1D6C1B2EAAB","ORG_WALLET_1778160271837_0C82F2D95DA1","ORG_a86f8c15d8ce4214ae8d4b54","ORG_b2c0e26bc8e4438380730970","2.25","0.00225","2.25225","USD","CONFIRMED","2026-05-07T15:20:04.342Z"
"28","a65ed1f1-4066-4d84-b84b-ce787b8d2599","TX_1778167204346_EBE4FB67A8A2","ORG_WALLET_1778160270079_0C0EAE39BC93","ORG_WALLET_1778160275919_BDF031F0A6D4","ORG_fdc6ce67a3af4909bf689efd","ORG_6e9b7fd7d6a84f5d89e1f07a","23.38","0.02338","23.40338","USD","CONFIRMED","2026-05-07T15:20:04.346Z"
"29","4ec53cb3-84ca-4441-b9ba-be851a8fc8a9","TX_1778167204350_50224F05F847","ORG_WALLET_1778160283539_F49E60DD73DC","ORG_WALLET_1778160273191_9F74EE690DA4","ORG_7092abecea7a4c3ea5d476c2","ORG_bfd0a100c1f54521bf3575d3","43.37","0.04337","43.41337","USD","CONFIRMED","2026-05-07T15:20:04.350Z"
"30","4b5699dd-5ff1-4e02-ae1c-cd9009bd15a5","TX_1778167204353_FAF4CA0B3E4A","ORG_WALLET_1778160278912_34CD89FC56F8","ORG_WALLET_1778160279899_A1DC55243B7F","ORG_ec29df2c50c64390af553958","ORG_f41a9b9ed2d64ef599b8a9ac","12.71","0.01271","12.72271","USD","CONFIRMED","2026-05-07T15:20:04.353Z"
"31","ac1482e8-bbc5-4c23-bd74-7ddd3388bcdc","TX_1778167204358_197C7116795C","ORG_WALLET_1778160276947_D26E37C2F505","ORG_WALLET_1778160281672_AC2B16ED3152","ORG_a9a322e9d1e743aca1161f69","ORG_ca5644b10bba4f4bb4d442cd","38.08","0.03808","38.11808","USD","CONFIRMED","2026-05-07T15:20:04.358Z"
"32","3200dc75-db0b-401b-a223-881c5d30614a","TX_1778167204362_B703D02641A5","ORG_WALLET_1778160280313_BC5103AB96CB","ORG_WALLET_1778160282538_2FB7C9E73DEE","ORG_383affa12a9d41fba9370e9c","ORG_6328ec72b8d1427a882a8d14","28.15","0.02815","28.17815","USD","CONFIRMED","2026-05-07T15:20:04.362Z"
"33","618c6fc6-d52b-4f96-a166-b3db097e6ab0","TX_1778167204366_06D427BDAFE3","ORG_WALLET_1778160278130_FD9398A28CB7","ORG_WALLET_1778160283212_04E49AAB0147","ORG_663382d38d544ef9b9ebb2c7","ORG_c11a6f2d78c941cea491491c","5.23","0.00523","5.23523","USD","CONFIRMED","2026-05-07T15:20:04.366Z"
"34","660e5bf6-4c0f-4fa7-8418-b859c0ce2c1d","TX_1778167204370_74CF4DE6A50E","ORG_WALLET_1778160281940_C938801D48CF","ORG_WALLET_1778160272512_224C2AE61622","ORG_db20c1255ff54714bcf79451","ORG_826d10ed54ab49a0a02481cd","40.91","0.04091","40.95091","USD","CONFIRMED","2026-05-07T15:20:04.370Z"
"35","21b4f5c2-5abe-4cf8-8a67-b2af753e646a","TX_1778167204374_FA048CBD46A1","ORG_WALLET_1778160279654_8F201F35E72D","ORG_WALLET_1778160270161_15BA2E79E909","ORG_429d704d895f4812a19c43e4","ORG_1389028bc1614aaa99dcd487","14.19","0.01419","14.20419","USD","CONFIRMED","2026-05-07T15:20:04.374Z"
"36","176562ec-948b-4ee2-8940-488683732e2d","TX_1778167204384_F2991F3F4E4A","ORG_WALLET_1778160277780_7B2360B8CA09","WALLET_1778154970895_D82B934E18EF1","ORG_a676d43c972f45ff882825e6","900475","29.16","0.02916","29.18916","USD","CONFIRMED","2026-05-07T15:20:04.384Z"
"37","81be4e79-d7f1-4716-9da1-063e4aef9b09","TX_1778167204387_2DF66C49449F","ORG_WALLET_1778160274429_B7A0D258D0C2","ORG_WALLET_1778160274766_F1C3DC6076C5","ORG_ee8a6761bdfa493095c2f4d2","ORG_20a1c457345d4a89afd74ee2","39.83","0.03983","39.86983","USD","CONFIRMED","2026-05-07T15:20:04.387Z"
"38","fece8c7e-5597-4b7e-aec4-5c270d70f7b5","TX_1778167204391_B9353E197C02","ORG_WALLET_1778160270161_15BA2E79E909","ORG_WALLET_1778160273603_8FD5638257B0","ORG_1389028bc1614aaa99dcd487","ORG_b209686058a44bbcae11cd83","27.98","0.02798","28.00798","USD","CONFIRMED","2026-05-07T15:20:04.391Z"
"39","d120dd5e-2b59-47e0-8f67-2224d05e542b","TX_1778167204394_9F164B87B7C4","ORG_WALLET_1778160273104_AC5499EBB8DB","ORG_WALLET_1778160281313_EE9CB4E26C8C","ORG_90b640dac1aa4692a7678e4e","ORG_aa878780244041f0ae807e6b","10.71","0.01071","10.72071","USD","CONFIRMED","2026-05-07T15:20:04.395Z"
"40","f9330ac0-d8cd-4e4e-9031-7b6a48f9a28e","TX_1778167204398_BD3D342B02CB","ORG_WALLET_1778160277948_02E3D888EC83","ORG_WALLET_1778160275753_082C4EAF7EAE","ORG_da6ada1190384d80bd40ae29","ORG_adf8170288c4481488d92098","23.11","0.02311","23.13311","USD","CONFIRMED","2026-05-07T15:20:04.398Z"
"41","df234478-d87e-4ad6-8ee0-19b53bfddb70","TX_1778167204402_C2810EECED52","ORG_WALLET_1778160272254_7495A0C77CC7","ORG_WALLET_1778160269349_7AA905F368B7","ORG_69dea77248dd439b8f15d0cd","ORG_d960392e058d4b21ae6e9131","39.21","0.03921","39.24921","USD","CONFIRMED","2026-05-07T15:20:04.402Z"
"42","1bec5997-cfeb-47a6-ab46-986187410cce","TX_1778167204405_798DE061071F","ORG_WALLET_1778160279159_80BBBFF13FEC","ORG_WALLET_1778160269996_0B5992C7E17C","ORG_8bc1abe06d03488889664f63","ORG_7fecdb9f77414f1e86f310d9","25.71","0.02571","25.73571","USD","CONFIRMED","2026-05-07T15:20:04.405Z"
"43","76bd1430-8f25-43aa-a4e4-040a2e159165","TX_1778167204409_2031C7B5E09B","ORG_WALLET_1778160272855_D00C90A0E963","ORG_WALLET_1778160269996_0B5992C7E17C","ORG_bae3ca8533f14130b6d9ed30","ORG_7fecdb9f77414f1e86f310d9","39.47","0.03947","39.50947","USD","CONFIRMED","2026-05-07T15:20:04.409Z"
"44","cc48f847-b0a3-4404-9cd0-b5fc990d86e7","TX_1778167204412_A58BB37EB981","ORG_WALLET_1778160283624_66BCB921051C","WALLET_1778070501985_A574CF7592927","ORG_3300234624e04d0cbe0a1413","19","28.26","0.02826","28.28826","USD","CONFIRMED","2026-05-07T15:20:04.412Z"
"45","b6820158-1978-4d11-878d-85e5d0f2b02b","TX_1778167204418_E6B927C3D057","ORG_WALLET_1778160280396_28AA8E30C40A","ORG_WALLET_1778160283376_55A249691809","ORG_445bfea799664a1a85c09e39","ORG_b93dc1ec5bed4bd3ab3f2bae","13.83","0.01383","13.84383","USD","CONFIRMED","2026-05-07T15:20:04.418Z"
"46","3cc2dab8-2acc-4f96-b561-92d380e9e5a7","TX_1778167204420_262504E45068","ORG_WALLET_1778160282456_45B023A9122D","ORG_WALLET_1778160281062_85389B0F8FB2","ORG_c6ac8dad23ef42638bc72069","ORG_37f71cc8ea3140579b5187c2","43.58","0.04358","43.62358","USD","CONFIRMED","2026-05-07T15:20:04.420Z"
"47","000d4a17-ef99-4c08-ace4-c98be4f5073b","TX_1778167204424_E88003B521CE","WALLET_1778153695898_3575061710329","ORG_WALLET_1778160280229_2A2D74805156","693779","ORG_6312f8a7d3254be0a87733a6","26.02","0.02602","26.04602","USD","CONFIRMED","2026-05-07T15:20:04.424Z"
"48","f3111c33-6b6b-46a0-bd9f-92ad6a389fd1","TX_1778167204427_A7FEE154D93E","ORG_WALLET_1778160281313_EE9CB4E26C8C","WALLET_1778153631813_640BB05C64D8D","ORG_aa878780244041f0ae807e6b","629571","8.38","0.00838","8.38838","USD","CONFIRMED","2026-05-07T15:20:04.427Z"
"49","644f4fee-3634-49b9-ad05-84917372d16b","TX_1778167204431_AE492717CE23","WALLET_1778072141107_075D86A2D86CE","ORG_WALLET_1778160283376_55A249691809","31","ORG_b93dc1ec5bed4bd3ab3f2bae","26.85","0.02685","26.87685","USD","CONFIRMED","2026-05-07T15:20:04.431Z"
"50","5306ec81-2b46-4d83-bc2f-8df3ad0f782f","TX_1778167204434_9F9A1406BF18","ORG_WALLET_1778160271588_5AEBB5495957","ORG_WALLET_1778160279899_A1DC55243B7F","ORG_ecce5b9c9b2d4c3aaf74df2b","ORG_f41a9b9ed2d64ef599b8a9ac","20.53","0.02053","20.55053","USD","CONFIRMED","2026-05-07T15:20:04.434Z"
"51","32d83f7f-88fe-4638-95ee-b7b7692c926a","TX_1778167204438_DB33037421A2","ORG_WALLET_1778160279405_6EA22C73E2BE","ORG_WALLET_1778160283624_66BCB921051C","ORG_02818d54afb548d3ab4e4a7c","ORG_3300234624e04d0cbe0a1413","34.14","0.03414","34.17414","USD","CONFIRMED","2026-05-07T15:20:04.438Z"
"52","27d2da5f-3493-474a-88aa-7d08d1973a20","TX_1778167204443_8337718F8053","ORG_WALLET_1778160280396_28AA8E30C40A","ORG_WALLET_1778160280723_76881A40B86C","ORG_445bfea799664a1a85c09e39","ORG_ffb1b562e6c24779bc734630","46.04","0.04604","46.08604","USD","CONFIRMED","2026-05-07T15:20:04.443Z"
"53","d817d9a2-2917-46ea-bcca-797e22a78b92","TX_1778167204447_34C02A972262","WALLET_1778143333918_F039E75D04FE3","ORG_WALLET_1778160279982_912AFF7751A5","311287","ORG_0516915df7d441f2b287f550","45.18","0.04518","45.22518","USD","CONFIRMED","2026-05-07T15:20:04.447Z"
"54","525ba620-13aa-41b8-b02d-c54725462be4","TX_1778167204451_392887F735F5","ORG_WALLET_1778160280145_1BD0EB49AB57","ORG_WALLET_1778160277532_B90C63AB1C19","ORG_13ab97a389df4a27bdd054a8","ORG_4fffbe49b22a4f23b2a37682","46.48","0.04648","46.52648","USD","CONFIRMED","2026-05-07T15:20:04.451Z"
"55","354562e5-baf5-449a-874b-58a909d23882","TX_1778167204454_9746588DF7E4","ORG_WALLET_1778160280975_445C3B87B0E4","ORG_WALLET_1778160277532_B90C63AB1C19","ORG_7afe70881d4b4bf698b08a22","ORG_4fffbe49b22a4f23b2a37682","11.15","0.01115","11.16115","USD","CONFIRMED","2026-05-07T15:20:04.454Z"
"56","78326031-42b9-4ae5-be02-cacd6460efdb","TX_1778167204458_A41A0492463D","ORG_WALLET_1778160271922_7B17C247593D","ORG_WALLET_1778160275097_4BF89DCDF762","ORG_65c1186c01ec473e8828d351","ORG_0f101297e7a64f86b1cf05c2","18.49","0.01849","18.50849","USD","CONFIRMED","2026-05-07T15:20:04.458Z"
"57","a006fb72-1a34-410d-944a-fcac6df78476","TX_1778167204462_3596E8B56881","ORG_WALLET_1778160272938_24D08982CD31","ORG_WALLET_1778160274850_C8FA65D01C69","ORG_1e01824ab59a4e68ae11f7a3","ORG_9334ac8c5d4b490fa13c098f","3.06","0.00306","3.06306","USD","CONFIRMED","2026-05-07T15:20:04.462Z"
"58","afe74a3f-72a1-4aa3-ba01-affdb59c5e90","TX_1778167204465_8C101FBF39DD","ORG_WALLET_1778160269547_3BA2D4A87165","ORG_WALLET_1778160279899_A1DC55243B7F","ORG_08c99def34c34b7a943795e8","ORG_f41a9b9ed2d64ef599b8a9ac","36.64","0.03664","36.67664","USD","CONFIRMED","2026-05-07T15:20:04.465Z"
"59","7571a622-ef32-4fe8-8fd2-c69d5ea5cef5","TX_1778167204469_27D01104AA2E","ORG_WALLET_1778160273686_674A3BB67D22","ORG_WALLET_1778160275505_F41736F76EA9","ORG_938d73070d6540978566cca4","ORG_3e4a83201e5b4f7dbdb74422","19.34","0.01934","19.35934","USD","CONFIRMED","2026-05-07T15:20:04.469Z"
"60","b9cf05e3-7023-4933-bfc0-517922f6dbaa","TX_1778167204473_BD35693505B8","ORG_WALLET_1778160278570_DC0BF9503FE1","WALLET_1778153695898_3575061710329","ORG_0491778a7f0d4b3396e7c742","693779","39.71","0.03971","39.74971","USD","CONFIRMED","2026-05-07T15:20:04.473Z"
"61","1c3c0f92-a2c5-4e12-87fa-90a34b1f67fe","TX_1778167204476_6532AA2CAD51","ORG_WALLET_1778160272855_D00C90A0E963","ORG_WALLET_1778160278032_16437CB118C2","ORG_bae3ca8533f14130b6d9ed30","ORG_67419309808345279b5259d7","11.38","0.01138","11.39138","USD","CONFIRMED","2026-05-07T15:20:04.476Z"
"62","a3457a24-48d2-4890-abec-3d11956e993b","TX_1778167204480_8A533E0DE68E","ORG_WALLET_1778160282024_FE7C5E5B3F76","ORG_WALLET_1778160270916_58F7499D02AE","ORG_fd61c0ae121b408888561065","ORG_3b0c736419434cb3915d9406","10.11","0.01011","10.12011","USD","CONFIRMED","2026-05-07T15:20:04.480Z"
"63","3591fe4d-3f7b-454e-98da-7f0edd2f356c","TX_1778167204487_D1A066A82178","ORG_WALLET_1778160278130_FD9398A28CB7","ORG_WALLET_1778160270161_15BA2E79E909","ORG_663382d38d544ef9b9ebb2c7","ORG_1389028bc1614aaa99dcd487","16.35","0.01635","16.36635","USD","CONFIRMED","2026-05-07T15:20:04.487Z"
"64","3a3cc8e3-7fbe-49e8-914a-0feacdc90d67","TX_1778167204490_9F810EB81815","WALLET_1778066536214_1CCF535AA5CB2","ORG_WALLET_1778160270828_FCD6A452F375","11","ORG_6a112b620a3b4d9db1c1b50d","31.38","0.03138","31.41138","USD","CONFIRMED","2026-05-07T15:20:04.490Z"
"65","e4bd2892-2633-44fb-bad2-032c7543b008","TX_1778167204493_39484FF154DD","ORG_WALLET_1778160279159_80BBBFF13FEC","ORG_WALLET_1778160269996_0B5992C7E17C","ORG_8bc1abe06d03488889664f63","ORG_7fecdb9f77414f1e86f310d9","4.01","0.00401","4.01401","USD","CONFIRMED","2026-05-07T15:20:04.493Z"
"66","41218752-9a63-4a63-b7a5-afa85999411e","TX_1778167204497_DDF6CEF20272","ORG_WALLET_1778160281672_AC2B16ED3152","ORG_WALLET_1778160276412_51B6857CB493","ORG_ca5644b10bba4f4bb4d442cd","ORG_bd5fbb777a224d3a93208bf3","35.43","0.03543","35.46543","USD","CONFIRMED","2026-05-07T15:20:04.497Z"
"67","8d267f7e-7ff5-41b5-b901-e0a471db2c10","TX_1778167204501_42972F7C0669","ORG_WALLET_1778160269547_3BA2D4A87165","ORG_WALLET_1778160281852_844849EF2828","ORG_08c99def34c34b7a943795e8","ORG_3fd58db1eff04be0b03a5642","22.42","0.02242","22.44242","USD","CONFIRMED","2026-05-07T15:20:04.501Z"
"68","4426bd5c-eb42-46e6-b30b-dbf47b9f5bac","TX_1778167204505_B59FA58D8A10","ORG_WALLET_1778160276576_57F1AE36B2AC","WALLET_1778066536214_1CCF535AA5CB2","ORG_bebd64d6740044d1bb3a41b9","11","26.72","0.02672","26.74672","USD","CONFIRMED","2026-05-07T15:20:04.505Z"
"69","2cae5bfc-5b55-49ae-b7bb-6029f3321fa1","TX_1778167204509_9DF5930F2BE1","ORG_WALLET_1778160269819_4C4BAD6CD589","ORG_WALLET_1778160280805_22EC8852FE9E","ORG_bbc3a46f4c964cf397cfedac","ORG_d3f28c40555a4b4eb89e74ed","24.39","0.02439","24.41439","USD","CONFIRMED","2026-05-07T15:20:04.509Z"
"70","581f454e-bbaf-4dc4-a9a7-dfbe064c23f6","TX_1778167204512_A0723ABB2164","ORG_WALLET_1778160271922_7B17C247593D","ORG_WALLET_1778160274932_22FF89952550","ORG_65c1186c01ec473e8828d351","ORG_3028e13c98ca4d07a3b5fa43","11.76","0.01176","11.77176","USD","CONFIRMED","2026-05-07T15:20:04.512Z"
"71","d2db5ffc-2dfb-43e1-b30f-d1ef0f4020a6","TX_1778167204517_4C3EAFFDCC03","ORG_WALLET_1778160277780_7B2360B8CA09","ORG_WALLET_1778160282964_AC07329D4648","ORG_a676d43c972f45ff882825e6","ORG_3265ae8f978f4b7d9d6e5fa9","33.74","0.03374","33.77374","USD","CONFIRMED","2026-05-07T15:20:04.517Z"
"72","babf9a11-cace-463a-a001-4c4b1ce173f8","TX_1778167204521_8E81BBC01292","ORG_WALLET_1778160280145_1BD0EB49AB57","ORG_WALLET_1778160270662_8E867A418388","ORG_13ab97a389df4a27bdd054a8","ORG_9497e6ea72dd46399b5fce26","40.08","0.04008","40.12008","USD","CONFIRMED","2026-05-07T15:20:04.521Z"
"73","982dcab2-2f14-4b82-b4e4-cc38e9e5fc9d","TX_1778167204525_DA893CF0305A","ORG_WALLET_1778160275753_082C4EAF7EAE","ORG_WALLET_1778160280559_426B10463347","ORG_adf8170288c4481488d92098","ORG_714136041c8c450e87db5646","25.57","0.02557","25.59557","USD","CONFIRMED","2026-05-07T15:20:04.525Z"
"74","03a11dbb-31c4-45b3-a3b5-e222b86b9c64","TX_1778167204529_DC773F413C3D","ORG_WALLET_1778160275423_53316FAFBA7A","ORG_WALLET_1778160268806_57EC325FBE88","ORG_3e2627c9b50d4224b7ce732a","ORG_6b079307700d496bb62aa72c","2.38","0.00238","2.38238","USD","CONFIRMED","2026-05-07T15:20:04.529Z"
"75","c62bb22c-d6df-4541-802d-5ca5869ade6a","TX_1778167204532_60FD05E265FB","ORG_WALLET_1778160275919_BDF031F0A6D4","WALLET_1778153631813_640BB05C64D8D","ORG_6e9b7fd7d6a84f5d89e1f07a","629571","5.14","0.00514","5.14514","USD","CONFIRMED","2026-05-07T15:20:04.532Z"
"76","d512abd4-0ab1-42c7-aaa2-a84bf98d8c3d","TX_1778167204537_F1DF0802DA10","ORG_WALLET_1778160270161_15BA2E79E909","ORG_WALLET_1778160281146_B8874C5AC610","ORG_1389028bc1614aaa99dcd487","ORG_ae90e61e64ff48a089d9a554","25.17","0.02517","25.19517","USD","CONFIRMED","2026-05-07T15:20:04.537Z"
"77","d7121e34-56fb-418b-b679-1aa65043a420","TX_1778167204540_CF975F577417","ORG_WALLET_1778160283706_5010AC071A4D","ORG_WALLET_1778160280889_D1B162DB74C8","ORG_0562df46bdb2435a9dbe31ce","ORG_7e715dea8d62490097b33a3b","34.51","0.03451","34.54451","USD","CONFIRMED","2026-05-07T15:20:04.540Z"
"78","16342536-3c6b-4f16-8fe3-6f08d5e7c85a","TX_1778167204543_1B5337AF07B4","ORG_WALLET_1778160279899_A1DC55243B7F","WALLET_1778154305518_2FC481B712D68","ORG_f41a9b9ed2d64ef599b8a9ac","900474","8.56","0.00856","8.56856","USD","CONFIRMED","2026-05-07T15:20:04.543Z"
"79","439711fc-3f27-4748-9767-9aa58eaf36c2","TX_1778167204549_78C034A33B4A","ORG_WALLET_1778160273686_674A3BB67D22","ORG_WALLET_1778160273932_CA183A14D77D","ORG_938d73070d6540978566cca4","ORG_8a0e365a49bf4ed392152198","20.97","0.02097","20.99097","USD","CONFIRMED","2026-05-07T15:20:04.549Z"
"80","b64fae00-11aa-4e2d-97c6-46deaacfd586","TX_1778167204553_0708F84410B5","ORG_WALLET_1778160276576_57F1AE36B2AC","ORG_WALLET_1778160278483_35C5D56EB87C","ORG_bebd64d6740044d1bb3a41b9","ORG_324af165c31348f89951e21f","20.43","0.02043","20.45043","USD","CONFIRMED","2026-05-07T15:20:04.553Z"
"81","57447bab-2792-4642-ba04-d3277e8a2b39","TX_1778167204556_6F8E6AF00332","WALLET_1778071441355_6612E1BB0599A","ORG_WALLET_1778160278656_2AA9E6362FDE","22","ORG_8121c92f968d451094666b4d","20.2","0.0202","20.2202","USD","CONFIRMED","2026-05-07T15:20:04.556Z"
"82","ff3fb0d2-6e05-4424-bdf3-ef143f154bcc","TX_1778167204560_5A97DF0B10A5","ORG_WALLET_1778160271420_10308936FCED","ORG_WALLET_1778160268806_57EC325FBE88","ORG_c657f0a890c74ef99b1652bf","ORG_6b079307700d496bb62aa72c","10.1","0.0101","10.1101","USD","CONFIRMED","2026-05-07T15:20:04.560Z"
"83","21ddd1eb-90c4-4d69-bc1c-24ed3cde1eea","TX_1778167204564_CA3F923DD132","ORG_WALLET_1778160280396_28AA8E30C40A","ORG_WALLET_1778160276331_4051DC1CA743","ORG_445bfea799664a1a85c09e39","ORG_3a9b9c870e0640eeb07e124b","8.69","0.00869","8.69869","USD","CONFIRMED","2026-05-07T15:20:04.564Z"
"84","e3f75f8f-1cbd-451f-991c-7f0dbc307008","TX_1778167204567_04697AAA626F","ORG_WALLET_1778160279487_4104A58B1146","WALLET_1778070501985_A574CF7592927","ORG_c15b8bf2293b4ea39f843947","19","18.73","0.01873","18.74873","USD","CONFIRMED","2026-05-07T15:20:04.567Z"
"85","7ca3334d-40af-4738-9610-946704396773","TX_1778167204571_47589290033E","ORG_WALLET_1778160283624_66BCB921051C","ORG_WALLET_1778160270578_5F67C563B639","ORG_3300234624e04d0cbe0a1413","ORG_577fac19d1184e1da9dc121c","27.14","0.02714","27.16714","USD","CONFIRMED","2026-05-07T15:20:04.571Z"
"86","f5a70937-46d4-4498-bfd3-a8eaeaab9741","TX_1778167204575_7FD1407287CA","ORG_WALLET_1778160278386_D640F5E98EC7","ORG_WALLET_1778160280313_BC5103AB96CB","ORG_ab9877b6b83245749a5629bb","ORG_383affa12a9d41fba9370e9c","22.19","0.02219","22.21219","USD","CONFIRMED","2026-05-07T15:20:04.575Z"
"87","32a54a34-c36d-4229-a387-bf516402a877","TX_1778167204579_128F8811A23F","ORG_WALLET_1778160275341_7016E58B21CB","ORG_WALLET_1778160269819_4C4BAD6CD589","ORG_ba1f38d427344ade8b8000aa","ORG_bbc3a46f4c964cf397cfedac","1.65","0.00165","1.65165","USD","CONFIRMED","2026-05-07T15:20:04.579Z"
"88","fd3cf49d-b20c-4291-8c68-3bbe1678c82f","TX_1778167204582_B15AC6A5F8AF","ORG_WALLET_1778160278912_34CD89FC56F8","ORG_WALLET_1778160276762_EAAF396C2E3C","ORG_ec29df2c50c64390af553958","ORG_dfa5dbd88c9b475bae5822f9","7.41","0.00741","7.41741","USD","CONFIRMED","2026-05-07T15:20:04.582Z"
"89","e6655cf0-1ef7-4940-ada2-61e280dc90c0","TX_1778167204586_C8D1627891E6","ORG_WALLET_1778160279159_80BBBFF13FEC","WALLET_1778067202023_7BFE17ECAE335","ORG_8bc1abe06d03488889664f63","16","13.24","0.01324","13.25324","USD","CONFIRMED","2026-05-07T15:20:04.586Z"
"90","ec7917e7-da60-49f1-b1f3-840589af0e73","TX_1778167204589_62D09839A4EF","ORG_WALLET_1778160280313_BC5103AB96CB","ORG_WALLET_1778160280805_22EC8852FE9E","ORG_383affa12a9d41fba9370e9c","ORG_d3f28c40555a4b4eb89e74ed","26.66","0.02666","26.68666","USD","CONFIRMED","2026-05-07T15:20:04.589Z"
"91","9a7d0788-0013-4cd1-be5c-ce0611a72b6e","TX_1778167204594_3713336641B9","ORG_WALLET_1778160282964_AC07329D4648","ORG_WALLET_1778160273932_CA183A14D77D","ORG_3265ae8f978f4b7d9d6e5fa9","ORG_8a0e365a49bf4ed392152198","42.05","0.04205","42.09205","USD","CONFIRMED","2026-05-07T15:20:04.594Z"
"92","9f5014b8-92e9-4360-aedf-7f3b6c5a24b7","TX_1778167204598_F0F83A596B24","ORG_WALLET_1778160281062_85389B0F8FB2","ORG_WALLET_1778160277199_E35225A60825","ORG_37f71cc8ea3140579b5187c2","ORG_27c30d81ee7a4fb88450f457","11.75","0.01175","11.76175","USD","CONFIRMED","2026-05-07T15:20:04.598Z"
"93","bb64d6f7-eeef-4704-9216-fa6d261e92c7","TX_1778167204602_7C9865320EDD","ORG_WALLET_1778160272340_1AE5D72A11D5","ORG_WALLET_1778160283294_DD0951E0B2B5","ORG_85680328ba424fdb8c6f80c4","ORG_954c8c749d354ee6bf59a4ec","38.77","0.03877","38.80877","USD","CONFIRMED","2026-05-07T15:20:04.602Z"
"94","cdb18190-efeb-4d90-96f7-20b4c41e9352","TX_1778167204605_A829FCE015E0","ORG_WALLET_1778160279817_5EFE6A9486F3","ORG_WALLET_1778160271336_332D39319141","ORG_9ba2d7575584423586bec8a3","ORG_aac3beae4c654f7f84f04e44","1.24","0.00124","1.24124","USD","CONFIRMED","2026-05-07T15:20:04.606Z"
"95","18e3a4ca-4093-491e-9d18-62366f3eb0f7","TX_1778167204609_270372826F1F","ORG_WALLET_1778160269455_E26051935907","ORG_WALLET_1778160275178_6BFE22ABCAE0","ORG_631c51145ae141e2a709d288","ORG_f8763b870e3945858dab1964","17.59","0.01759","17.60759","USD","CONFIRMED","2026-05-07T15:20:04.609Z"
"96","cfebce14-0feb-48be-a5bd-dc179dcc060a","TX_1778167204613_11AC094AB28C","ORG_WALLET_1778160282964_AC07329D4648","ORG_WALLET_1778160275753_082C4EAF7EAE","ORG_3265ae8f978f4b7d9d6e5fa9","ORG_adf8170288c4481488d92098","27.67","0.02767","27.69767","USD","CONFIRMED","2026-05-07T15:20:04.613Z"
"97","acac4522-b926-47a7-bcf8-709cc2f87d81","TX_1778167204618_E87D4406C88E","ORG_WALLET_1778160271169_01A8D14E09DE","ORG_WALLET_1778160276084_319BD1098BC9","ORG_5111da2a38544e5f9ff43bf1","ORG_91c22bc167784571b4372d04","41.27","0.04127","41.31127","USD","CONFIRMED","2026-05-07T15:20:04.618Z"
"98","9167ca48-76ff-482a-9759-aadeb85dde7d","TX_1778167204621_A0959853CC05","WALLET_1778159049528_C73FC1C68B888","ORG_WALLET_1778160274262_42055E8BD8F4","900477","ORG_f8f1b069c0684be2875182d8","15.4","0.0154","15.4154","USD","CONFIRMED","2026-05-07T15:20:04.622Z"
"99","36fc31d7-cdf6-43af-9419-df9e71929fde","TX_1778167204625_BACC89D5BDAC","ORG_WALLET_1778160281761_D0E2A46DF0CD","ORG_WALLET_1778160275014_18D1A4CDCE47","ORG_7346434746a24847bbb306fe","ORG_1279f3ac8c8345a9bd0d57cf","39.03","0.03903","39.06903","USD","CONFIRMED","2026-05-07T15:20:04.625Z"
"100","2860d409-0bd2-4e13-adb5-97db5cdd7cb4","TX_1778167204630_9E4D5875E395","ORG_WALLET_1778160269349_7AA905F368B7","ORG_WALLET_1778160282538_2FB7C9E73DEE","ORG_d960392e058d4b21ae6e9131","ORG_6328ec72b8d1427a882a8d14","11.88","0.01188","11.89188","USD","CONFIRMED","2026-05-07T15:20:04.630Z"
"101","fde749ec-2ad1-47c1-9285-54b093f4cdb6","TX_1778167204635_F330BBF11EA3","ORG_WALLET_1778160278829_27222539D362","ORG_WALLET_1778160270578_5F67C563B639","ORG_3f069e8026b3411fb09ee1b9","ORG_577fac19d1184e1da9dc121c","21.11","0.02111","21.13111","USD","CONFIRMED","2026-05-07T15:20:04.635Z"
"102","72823b4d-e035-40ac-8611-4557970b3968","TX_1778167204639_BF0D10A1B47E","ORG_WALLET_1778160278483_35C5D56EB87C","ORG_WALLET_1778160279817_5EFE6A9486F3","ORG_324af165c31348f89951e21f","ORG_9ba2d7575584423586bec8a3","15.47","0.01547","15.48547","USD","CONFIRMED","2026-05-07T15:20:04.639Z"
"103","dca33483-a2b3-47a1-8419-57d07c461ca2","TX_1778167204642_810D1AD7EC04","ORG_WALLET_1778160282882_721F365A8568","ORG_WALLET_1778160271922_7B17C247593D","ORG_ca0453f9444845208f60654d","ORG_65c1186c01ec473e8828d351","27.66","0.02766","27.68766","USD","CONFIRMED","2026-05-07T15:20:04.643Z"
"104","3b734ce9-6564-400e-951c-fe6ebef0bcb8","TX_1778167204646_8B6E66DEF207","ORG_WALLET_1778160272340_1AE5D72A11D5","ORG_WALLET_1778160272938_24D08982CD31","ORG_85680328ba424fdb8c6f80c4","ORG_1e01824ab59a4e68ae11f7a3","22.93","0.02293","22.95293","USD","CONFIRMED","2026-05-07T15:20:04.646Z"
"105","b983bb1a-45bf-4e5d-b07a-70baada7332a","TX_1778167204650_A5D448021757","ORG_WALLET_1778160277365_03FDBA4E2E67","ORG_WALLET_1778160281062_85389B0F8FB2","ORG_4630e3b4b65b4eda89b6f23b","ORG_37f71cc8ea3140579b5187c2","28.36","0.02836","28.38836","USD","CONFIRMED","2026-05-07T15:20:04.650Z"
"106","317bc222-4918-4087-b19c-af7a78e3c988","TX_1778167204654_5AB187A5DFC3","ORG_WALLET_1778160275423_53316FAFBA7A","ORG_WALLET_1778160282456_45B023A9122D","ORG_3e2627c9b50d4224b7ce732a","ORG_c6ac8dad23ef42638bc72069","25.65","0.02565","25.67565","USD","CONFIRMED","2026-05-07T15:20:04.654Z"
"107","8e3436b6-5538-49b9-80ce-6593061110c2","TX_1778167204658_D10674943F4E","ORG_WALLET_1778160277281_E7A1D5DF049D","ORG_WALLET_1778160271922_7B17C247593D","ORG_3dec97d5b52e4315a8dc28ee","ORG_65c1186c01ec473e8828d351","34.7","0.0347","34.7347","USD","CONFIRMED","2026-05-07T15:20:04.658Z"
"108","0713e663-3f07-4fa9-a5e9-64a8bd6c0e7b","TX_1778167204661_C4209FACA75F","ORG_WALLET_1778160273768_A69B0D0A7F28","ORG_WALLET_1778160277281_E7A1D5DF049D","ORG_8b82065a06c744edb8815cb9","ORG_3dec97d5b52e4315a8dc28ee","11.08","0.01108","11.09108","USD","CONFIRMED","2026-05-07T15:20:04.661Z"
"109","0dbbc15c-3a71-4f13-ac19-3f2909ed0a07","TX_1778167204665_51101581E8BB","ORG_WALLET_1778160271837_0C82F2D95DA1","ORG_WALLET_1778160273850_0D5093565581","ORG_b2c0e26bc8e4438380730970","ORG_33b9e287d79e4e8c9fba6274","38.85","0.03885","38.88885","USD","CONFIRMED","2026-05-07T15:20:04.665Z"
"110","88c87459-96e6-46ec-8d8a-ac2972da5109","TX_1778167204670_C4168EBA221C","ORG_WALLET_1778160269059_6971AFBA84D6","ORG_WALLET_1778160271252_67D918BA6E84","ORG_2da30634595b4a878b928a3b","ORG_f6d121503eec494299f9bf40","18.67","0.01867","18.68867","USD","CONFIRMED","2026-05-07T15:20:04.670Z"
"111","cc43d1de-68d1-4141-8913-12f51fa398e0","TX_1778167204673_57B2816461BF","ORG_WALLET_1778160283128_A2CB665268B0","ORG_WALLET_1778160278656_2AA9E6362FDE","ORG_7eb988a91e6c46b0b85aae07","ORG_8121c92f968d451094666b4d","9.79","0.00979","9.79979","USD","CONFIRMED","2026-05-07T15:20:04.673Z"
"112","9b572fb0-cf62-400e-b0cd-362a8b06be48","TX_1778167204677_5E744E531899","ORG_WALLET_1778160274599_128BAE8501ED","ORG_WALLET_1778160283294_DD0951E0B2B5","ORG_5d7ccd0921bf4a349d193ef4","ORG_954c8c749d354ee6bf59a4ec","18.84","0.01884","18.85884","USD","CONFIRMED","2026-05-07T15:20:04.677Z"
"113","424dd728-563a-4cc9-9185-c3dc5919a727","TX_1778167204681_8EA0D670D54B","ORG_WALLET_1778160271169_01A8D14E09DE","ORG_WALLET_1778160280396_28AA8E30C40A","ORG_5111da2a38544e5f9ff43bf1","ORG_445bfea799664a1a85c09e39","9.75","0.00975","9.75975","USD","CONFIRMED","2026-05-07T15:20:04.681Z"
"114","42d4b879-9990-40ef-9dc2-af95954b43d4","TX_1778167204685_2E7E76C32445","ORG_WALLET_1778160279982_912AFF7751A5","ORG_WALLET_1778160270161_15BA2E79E909","ORG_0516915df7d441f2b287f550","ORG_1389028bc1614aaa99dcd487","8.47","0.00847","8.47847","USD","CONFIRMED","2026-05-07T15:20:04.685Z"
"115","a04aee1d-db03-467a-86c3-380f9d27fc0f","TX_1778167204692_847C89BE2688","ORG_WALLET_1778160269996_0B5992C7E17C","ORG_WALLET_1778160275178_6BFE22ABCAE0","ORG_7fecdb9f77414f1e86f310d9","ORG_f8763b870e3945858dab1964","20.64","0.02064","20.66064","USD","CONFIRMED","2026-05-07T15:20:04.692Z"
"116","b5e44080-5db8-4638-8115-96bbe44f301d","TX_1778167204697_CB9320267600","ORG_WALLET_1778160278032_16437CB118C2","ORG_WALLET_1778160273275_19AD91E00789","ORG_67419309808345279b5259d7","ORG_f27a7bac46bf4ceb842fec9d","28.35","0.02835","28.37835","USD","CONFIRMED","2026-05-07T15:20:04.697Z"
"117","b71862f1-de40-42e3-8776-48bf10d4f918","TX_1778167204701_CCCADAFE903F","ORG_WALLET_1778160272855_D00C90A0E963","ORG_WALLET_1778160277532_B90C63AB1C19","ORG_bae3ca8533f14130b6d9ed30","ORG_4fffbe49b22a4f23b2a37682","39.21","0.03921","39.24921","USD","CONFIRMED","2026-05-07T15:20:04.701Z"
"118","2d202ae9-914b-4f1d-b056-d7679aaeadd0","TX_1778167204705_555C31D1D112","ORG_WALLET_1778160277696_1E4BED96895A","ORG_WALLET_1778160272427_347735F01EAC","ORG_98c417cc5a45471cb8d8400e","ORG_95f1c8263eb9403fa7c10857","32.36","0.03236","32.39236","USD","CONFIRMED","2026-05-07T15:20:04.705Z"
"119","93567b08-9bcf-4322-9373-d845e8236960","TX_1778167204709_309D16E42BF1","ORG_WALLET_1778160282795_9C53EAE8B868","ORG_WALLET_1778160269733_0E05DF2FFF93","ORG_5c4beb22cfcd447399663e8d","ORG_8e5e15226c434f6db4c68dfe","11.67","0.01167","11.68167","USD","CONFIRMED","2026-05-07T15:20:04.709Z"
"120","57bc50aa-b080-4594-a7bd-314202376f8e","TX_1778167204713_9BC24415F69D","ORG_WALLET_1778160276001_05A50D53087F","ORG_WALLET_1778160282795_9C53EAE8B868","ORG_4f875438f0ae42e8af201d6f","ORG_5c4beb22cfcd447399663e8d","48.69","0.04869","48.73869","USD","CONFIRMED","2026-05-07T15:20:04.713Z"
"121","42921095-4209-4782-9225-861c8ebbe719","TX_1778167204717_1BA0875C594D","ORG_WALLET_1778160271336_332D39319141","ORG_WALLET_1778160278300_D29F97057D02","ORG_aac3beae4c654f7f84f04e44","ORG_fd7b8664935248b5999f8970","27","0.027","27.027","USD","CONFIRMED","2026-05-07T15:20:04.717Z"
"122","58280065-15d2-44e2-8868-e5938b846f8b","TX_1778167204721_4DFE9E43300A","ORG_WALLET_1778160280063_AAF51069402B","ORG_WALLET_1778160281228_62BF0507BF95","ORG_9ebccad56d8746aba1f28a74","ORG_875af1ba8fb94bc4b83fad9f","23.55","0.02355","23.57355","USD","CONFIRMED","2026-05-07T15:20:04.721Z"
"123","34248936-6021-468c-95a5-d6cab9049f32","TX_1778167204725_B063DCA02C37","ORG_WALLET_1778160271754_0357D97220C1","WALLET_1778158164274_EEBF658010844","ORG_25fbaf76c088457a8422b979","900476","25.55","0.02555","25.57555","USD","CONFIRMED","2026-05-07T15:20:04.725Z"
"124","26583ea6-5644-45a2-8919-91b2e82ab320","TX_1778167204729_6369647139F4","ORG_WALLET_1778160282706_E877F04E8A8C","ORG_WALLET_1778160280063_AAF51069402B","ORG_2de29862c3dc42e7ac2411df","ORG_9ebccad56d8746aba1f28a74","4.01","0.00401","4.01401","USD","CONFIRMED","2026-05-07T15:20:04.729Z"
"125","5aba9414-75b0-44d0-a173-9d9578ed8887","TX_1778167204733_94721E54C1DD","WALLET_1778154305518_2FC481B712D68","ORG_WALLET_1778160282024_FE7C5E5B3F76","900474","ORG_fd61c0ae121b408888561065","5.67","0.00567","5.67567","USD","CONFIRMED","2026-05-07T15:20:04.733Z"
"126","450ec01d-942a-4136-88e1-671f40a33235","TX_1778167204736_9759EB130C20","WALLET_1778160871693_0EA008B15BECE","WALLET_1778067202023_7BFE17ECAE335","900478","16","15.64","0.01564","15.65564","USD","CONFIRMED","2026-05-07T15:20:04.736Z"
"127","b4b1be9f-1e9e-48d9-87d9-0f9278e803fb","TX_1778167204740_7F46A990206A","ORG_WALLET_1778160277036_D88468BE2F0D","ORG_WALLET_1778160276669_B5FBDAD5E398","ORG_602f8a0e45d24e59815b6795","ORG_9e23f808f3544113a4ba0620","31.98","0.03198","32.01198","USD","CONFIRMED","2026-05-07T15:20:04.740Z"
"128","3dd0a78c-80eb-468a-b1a3-650471e29a3c","TX_1778167204744_BE67D4B501C8","ORG_WALLET_1778160278300_D29F97057D02","ORG_WALLET_1778160272427_347735F01EAC","ORG_fd7b8664935248b5999f8970","ORG_95f1c8263eb9403fa7c10857","49.34","0.04934","49.38934","USD","CONFIRMED","2026-05-07T15:20:04.744Z"
"129","c51e9de8-19a5-4cb6-be6f-fcc25d376392","TX_1778167204747_0BD2B3D3883B","ORG_WALLET_1778160269996_0B5992C7E17C","ORG_WALLET_1778160278746_7064FF0F96E8","ORG_7fecdb9f77414f1e86f310d9","ORG_7cd6695ce0d64ff3815c79cb","16.21","0.01621","16.22621","USD","CONFIRMED","2026-05-07T15:20:04.748Z"
"130","d7f475f8-738a-4175-9d24-336071e864e3","TX_1778167204751_37618A025AAD","ORG_WALLET_1778160282024_FE7C5E5B3F76","ORG_WALLET_1778160273603_8FD5638257B0","ORG_fd61c0ae121b408888561065","ORG_b209686058a44bbcae11cd83","36.89","0.03689","36.92689","USD","CONFIRMED","2026-05-07T15:20:04.751Z"
"131","dedf3a18-b840-4921-a4b8-c79aedbec837","TX_1778167204754_B61E28F88933","ORG_WALLET_1778160274098_0A5EF90FB47E","ORG_WALLET_1778160280478_74B6B9C7E314","ORG_a73b423c03aa4e7da5788a37","ORG_319431175959410eab0a0351","3.32","0.00332","3.32332","USD","CONFIRMED","2026-05-07T15:20:04.754Z"
"132","ac9d2248-2857-45b6-a70d-4817572e1cfc","TX_1778167204759_9259EF480A28","ORG_WALLET_1778160272004_218D14D9D927","ORG_WALLET_1778160279735_472CEB450301","ORG_9e0677e9cdda4332a318f099","ORG_6575120899be4b2b93a8295a","10.97","0.01097","10.98097","USD","CONFIRMED","2026-05-07T15:20:04.759Z"
"133","c672f1c5-0e90-47a7-ad03-d60f945c275e","TX_1778167204764_D1F165A38CA7","ORG_WALLET_1778160275589_C9E67150825E","ORG_WALLET_1778160271336_332D39319141","ORG_63e743b83e9d4500b9679527","ORG_aac3beae4c654f7f84f04e44","16.03","0.01603","16.04603","USD","CONFIRMED","2026-05-07T15:20:04.764Z"
"134","582c85f0-49b6-4869-a402-5e2eeaba5a8b","TX_1778167204769_08A59BDDE986","WALLET_1778159049528_C73FC1C68B888","ORG_WALLET_1778160275014_18D1A4CDCE47","900477","ORG_1279f3ac8c8345a9bd0d57cf","11.21","0.01121","11.22121","USD","CONFIRMED","2026-05-07T15:20:04.769Z"
"135","858a65cb-57bf-4424-a950-46d9a1082991","TX_1778167204772_171CC44278FD","ORG_WALLET_1778160281399_E2C38644A950","ORG_WALLET_1778160271086_EEFE4F412D2E","ORG_b11bbcf3ec4b4e0680428a05","ORG_21f9c483dfae4315b138bac7","26.81","0.02681","26.83681","USD","CONFIRMED","2026-05-07T15:20:04.772Z"
"136","fa1956a0-1c31-4bc8-b473-85a619b86e14","TX_1778167204776_DE4071878728","ORG_WALLET_1778160281761_D0E2A46DF0CD","ORG_WALLET_1778160270744_5C3A6545AD72","ORG_7346434746a24847bbb306fe","ORG_4a6dba69e91e40eaae01a77f","22.18","0.02218","22.20218","USD","CONFIRMED","2026-05-07T15:20:04.776Z"
"137","673159ff-e0ea-4865-9f9d-fd7db5cdb059","TX_1778167204780_6095C4633229","ORG_WALLET_1778160282116_06B29CDD554E","ORG_WALLET_1778160269819_4C4BAD6CD589","ORG_4e2887482991445eb836ba60","ORG_bbc3a46f4c964cf397cfedac","23.33","0.02333","23.35333","USD","CONFIRMED","2026-05-07T15:20:04.780Z"
"138","0d4bba67-ccca-45cd-a1c7-b0911ca50f9f","TX_1778167204785_0E676402669C","ORG_WALLET_1778160281761_D0E2A46DF0CD","ORG_WALLET_1778160280229_2A2D74805156","ORG_7346434746a24847bbb306fe","ORG_6312f8a7d3254be0a87733a6","10.66","0.01066","10.67066","USD","CONFIRMED","2026-05-07T15:20:04.785Z"
"139","1e7377f1-00f6-4094-bec5-7f475d5cab8e","TX_1778167204789_AB353600BE86","ORG_WALLET_1778160271336_332D39319141","WALLET_1778146559160_44AE5F5A8DE82","ORG_aac3beae4c654f7f84f04e44","554069","29.82","0.02982","29.84982","USD","CONFIRMED","2026-05-07T15:20:04.789Z"
"140","6bf3ffed-8a54-4261-b8ed-d100af56840a","TX_1778167204792_4F0C667DA30A","ORG_WALLET_1778160276331_4051DC1CA743","ORG_WALLET_1778160282116_06B29CDD554E","ORG_3a9b9c870e0640eeb07e124b","ORG_4e2887482991445eb836ba60","19.02","0.01902","19.03902","USD","CONFIRMED","2026-05-07T15:20:04.792Z"
"141","1ca8c162-6ab6-48ff-bcf7-227665f1c601","TX_1778167204796_93E968491935","ORG_WALLET_1778160280478_74B6B9C7E314","ORG_WALLET_1778160278032_16437CB118C2","ORG_319431175959410eab0a0351","ORG_67419309808345279b5259d7","39.44","0.03944","39.47944","USD","CONFIRMED","2026-05-07T15:20:04.796Z"
"142","06b9d109-e3ce-479c-96d5-8bf2111f2911","TX_1778167204800_59664F7A9F65","WALLET_1778143333918_F039E75D04FE3","ORG_WALLET_1778160270916_58F7499D02AE","311287","ORG_3b0c736419434cb3915d9406","28.05","0.02805","28.07805","USD","CONFIRMED","2026-05-07T15:20:04.800Z"
"143","f780e918-6640-499b-a3f8-c2e9e5e5c092","TX_1778167204803_926B4CB8CCA2","WALLET_1778067139764_D220C5EF78856","ORG_WALLET_1778160275671_04596EB26676","13","ORG_cb4afdce1d614e709ea35423","3","0.003","3.003","USD","CONFIRMED","2026-05-07T15:20:04.803Z"
"144","89db9d8a-9a30-4443-9f53-59a599fa2dc1","TX_1778167204807_5687175B4C00","ORG_WALLET_1778160274346_C1801622C4F1","ORG_WALLET_1778160282795_9C53EAE8B868","ORG_eb4457964c8e4d2c85073cbc","ORG_5c4beb22cfcd447399663e8d","34.59","0.03459","34.62459","USD","CONFIRMED","2026-05-07T15:20:04.807Z"
"145","38e10fba-618b-4d74-b25c-a3c170cd6ce3","TX_1778167204813_52865FA4A113","ORG_WALLET_1778160279654_8F201F35E72D","ORG_WALLET_1778160280145_1BD0EB49AB57","ORG_429d704d895f4812a19c43e4","ORG_13ab97a389df4a27bdd054a8","29.45","0.02945","29.47945","USD","CONFIRMED","2026-05-07T15:20:04.813Z"
"146","aa1d681a-d48a-4bdf-ae21-86fc2621c644","TX_1778167204817_09C4642C3B8F","ORG_WALLET_1778160282284_EC6234CEFA04","ORG_WALLET_1778160271837_0C82F2D95DA1","ORG_5b9400e661504c4f968243c0","ORG_b2c0e26bc8e4438380730970","4","0.004","4.004","USD","CONFIRMED","2026-05-07T15:20:04.817Z"
"147","6a0aa3ff-d67a-4c08-9acd-41a83f0d95fb","TX_1778167204821_AF46D0F320A8","ORG_WALLET_1778160277780_7B2360B8CA09","ORG_WALLET_1778160270410_EEC9BBFE5154","ORG_a676d43c972f45ff882825e6","ORG_9f9a3d44b94a4515b31ff405","32.5","0.0325","32.5325","USD","CONFIRMED","2026-05-07T15:20:04.821Z"
"148","fbb59af3-efaf-4bf4-9924-4e9103a28794","TX_1778167204826_9D4E1D15F383","WALLET_1778067488069_3704C026E691","ORG_WALLET_1778160271420_10308936FCED","17","ORG_c657f0a890c74ef99b1652bf","22.92","0.02292","22.94292","USD","CONFIRMED","2026-05-07T15:20:04.826Z"
"149","de5375b1-8aa8-450d-b396-e293ce31a2dd","TX_1778167204830_BE26C22302D7","ORG_WALLET_1778160276001_05A50D53087F","ORG_WALLET_1778160278483_35C5D56EB87C","ORG_4f875438f0ae42e8af201d6f","ORG_324af165c31348f89951e21f","6.46","0.00646","6.46646","USD","CONFIRMED","2026-05-07T15:20:04.830Z"
"150","f9b3c34d-c788-40f3-9b7a-89e323b16483","TX_1778167204833_C804E5F1F78A","ORG_WALLET_1778160275505_F41736F76EA9","WALLET_1778066885551_3953C6C1EF125","ORG_3e4a83201e5b4f7dbdb74422","12","11.03","0.01103","11.04103","USD","CONFIRMED","2026-05-07T15:20:04.834Z"
"151","9cc509d5-9cf4-4cd1-b674-3aa1eb3d7cde","TX_1778167204838_F8B7C795C2D0","ORG_WALLET_1778160282372_B62DC72D41CD","ORG_WALLET_1778160280396_28AA8E30C40A","ORG_390298c5f209426d9b91ea2b","ORG_445bfea799664a1a85c09e39","4.14","0.00414","4.14414","USD","CONFIRMED","2026-05-07T15:20:04.838Z"
"152","3535c4fb-6ab2-4097-b8bf-5376e08578f6","TX_1778167204842_561430BB3C75","ORG_WALLET_1778160281146_B8874C5AC610","ORG_WALLET_1778160279899_A1DC55243B7F","ORG_ae90e61e64ff48a089d9a554","ORG_f41a9b9ed2d64ef599b8a9ac","38.93","0.03893","38.96893","USD","CONFIRMED","2026-05-07T15:20:04.842Z"
"153","0d857f94-91cd-4f01-be08-01752603dd6a","TX_1778167204845_C4FACDCD6758","ORG_WALLET_1778160275014_18D1A4CDCE47","ORG_WALLET_1778160276084_319BD1098BC9","ORG_1279f3ac8c8345a9bd0d57cf","ORG_91c22bc167784571b4372d04","30.69","0.03069","30.72069","USD","CONFIRMED","2026-05-07T15:20:04.845Z"
"154","ce473a32-8960-417b-bdb2-f0a5ef6a4c63","TX_1778167204849_32380E958627","ORG_WALLET_1778160280559_426B10463347","ORG_WALLET_1778160278746_7064FF0F96E8","ORG_714136041c8c450e87db5646","ORG_7cd6695ce0d64ff3815c79cb","33.89","0.03389","33.92389","USD","CONFIRMED","2026-05-07T15:20:04.849Z"
"155","e6c59114-284b-4c95-a573-dd857b3a02ea","TX_1778167204852_5F89B38B838A","ORG_WALLET_1778160272254_7495A0C77CC7","ORG_WALLET_1778160276762_EAAF396C2E3C","ORG_69dea77248dd439b8f15d0cd","ORG_dfa5dbd88c9b475bae5822f9","19.57","0.01957","19.58957","USD","CONFIRMED","2026-05-07T15:20:04.852Z"
"156","3c6b7cec-46d1-4588-bdfe-9b6c3828bd14","TX_1778167204857_F79B50C8C92A","ORG_WALLET_1778160279078_A5374ADC2320","ORG_WALLET_1778160283624_66BCB921051C","ORG_c4b9ddb3c679416b903f4368","ORG_3300234624e04d0cbe0a1413","11.84","0.01184","11.85184","USD","CONFIRMED","2026-05-07T15:20:04.857Z"
"157","b105b8c3-2e21-451c-8303-8a5d1a2b1080","TX_1778167204861_D677E5D3A6C4","WALLET_1778154305518_2FC481B712D68","ORG_WALLET_1778160280805_22EC8852FE9E","900474","ORG_d3f28c40555a4b4eb89e74ed","43.97","0.04397","44.01397","USD","CONFIRMED","2026-05-07T15:20:04.861Z"
"158","3554f5cc-07ca-4917-9bd4-7af0314cab86","TX_1778167204865_0DAC8A5DA9C9","ORG_WALLET_1778160278300_D29F97057D02","ORG_WALLET_1778160277780_7B2360B8CA09","ORG_fd7b8664935248b5999f8970","ORG_a676d43c972f45ff882825e6","9.8","0.0098","9.8098","USD","CONFIRMED","2026-05-07T15:20:04.865Z"
"159","4a796850-172f-4c96-a15c-fb4fc29af676","TX_1778167204869_7402220BD1E9","WALLET_1778071441355_6612E1BB0599A","ORG_WALLET_1778160275014_18D1A4CDCE47","22","ORG_1279f3ac8c8345a9bd0d57cf","29.22","0.02922","29.24922","USD","CONFIRMED","2026-05-07T15:20:04.869Z"
"160","51523114-8825-4019-b46c-7fd2578808b3","TX_1778167204872_CEF0FD6EBCD1","ORG_WALLET_1778160276331_4051DC1CA743","ORG_WALLET_1778160276166_F5F14DB4910B","ORG_3a9b9c870e0640eeb07e124b","ORG_85042eae537c4c1cb51c1e84","36.65","0.03665","36.68665","USD","CONFIRMED","2026-05-07T15:20:04.872Z"
"161","999be505-e2f9-4db4-92c3-958c38087d81","TX_1778167204877_F535941D8089","ORG_WALLET_1778160277696_1E4BED96895A","WALLET_1778146559160_44AE5F5A8DE82","ORG_98c417cc5a45471cb8d8400e","554069","20.67","0.02067","20.69067","USD","CONFIRMED","2026-05-07T15:20:04.877Z"
"162","fee2476c-8919-4960-bdbb-9dcc12848270","TX_1778167204881_E4FE9876DD8C","ORG_WALLET_1778160270662_8E867A418388","ORG_WALLET_1778160270578_5F67C563B639","ORG_9497e6ea72dd46399b5fce26","ORG_577fac19d1184e1da9dc121c","39.85","0.03985","39.88985","USD","CONFIRMED","2026-05-07T15:20:04.881Z"
"163","29a3a09a-780b-44a6-a3df-b26c8ab03af0","TX_1778167204885_0399ABF04439","ORG_WALLET_1778160276854_01DB22D26B59","ORG_WALLET_1778160278912_34CD89FC56F8","ORG_96abde570dc346cb8fa1c4f8","ORG_ec29df2c50c64390af553958","32.75","0.03275","32.78275","USD","CONFIRMED","2026-05-07T15:20:04.885Z"
"164","4992c38e-95b8-4dc1-bd6c-ff663fbc358f","TX_1778167204890_72AA80311CFB","ORG_WALLET_1778160275423_53316FAFBA7A","ORG_WALLET_1778160283376_55A249691809","ORG_3e2627c9b50d4224b7ce732a","ORG_b93dc1ec5bed4bd3ab3f2bae","1.43","0.00143","1.43143","USD","CONFIRMED","2026-05-07T15:20:04.890Z"
"165","7a7348fb-fbcc-40bd-98c8-980551027e03","TX_1778167204924_A574F01ECD8B","ORG_WALLET_1778160274682_5965E6AC8E74","WALLET_1778153906827_07651C59B5DEE","ORG_a6e4e132067d444abfd40382","900473","8.4","0.0084","8.4084","USD","CONFIRMED","2026-05-07T15:20:04.924Z"
"166","68cc8587-a8f3-487d-b03a-95036e131a0e","TX_1778167204928_728DD41F9EEE","ORG_WALLET_1778160272855_D00C90A0E963","WALLET_1778158164274_EEBF658010844","ORG_bae3ca8533f14130b6d9ed30","900476","8.85","0.00885","8.85885","USD","CONFIRMED","2026-05-07T15:20:04.928Z"
"167","a293ed94-cad8-40a0-ac93-308543be928a","TX_1778167204932_84C6536E7300","WALLET_1778153631813_640BB05C64D8D","WALLET_1778067488069_3704C026E691","629571","17","26.57","0.02657","26.59657","USD","CONFIRMED","2026-05-07T15:20:04.932Z"
"168","aa31c478-4189-47c1-837a-ce2cb5b2952a","TX_1778167204935_65ECE81409AA","ORG_WALLET_1778160273275_19AD91E00789","ORG_WALLET_1778160281940_C938801D48CF","ORG_f27a7bac46bf4ceb842fec9d","ORG_db20c1255ff54714bcf79451","48.67","0.04867","48.71867","USD","CONFIRMED","2026-05-07T15:20:04.935Z"
"169","d3dbbf91-2fbf-4bf6-88f1-899d10d75983","TX_1778167204939_14C569AF175D","ORG_WALLET_1778160276576_57F1AE36B2AC","ORG_WALLET_1778160282372_B62DC72D41CD","ORG_bebd64d6740044d1bb3a41b9","ORG_390298c5f209426d9b91ea2b","31.37","0.03137","31.40137","USD","CONFIRMED","2026-05-07T15:20:04.939Z"
"170","4fc6f705-d09b-4cd5-ad1c-420ace03fb23","TX_1778167204944_33C00399CB23","ORG_WALLET_1778160282116_06B29CDD554E","ORG_WALLET_1778160276166_F5F14DB4910B","ORG_4e2887482991445eb836ba60","ORG_85042eae537c4c1cb51c1e84","28.58","0.02858","28.60858","USD","CONFIRMED","2026-05-07T15:20:04.944Z"
"171","603489b8-bf45-491c-997f-bed7022474c9","TX_1778167204947_4D87A5FFA4BD","ORG_WALLET_1778160279078_A5374ADC2320","ORG_WALLET_1778160272512_224C2AE61622","ORG_c4b9ddb3c679416b903f4368","ORG_826d10ed54ab49a0a02481cd","40.08","0.04008","40.12008","USD","CONFIRMED","2026-05-07T15:20:04.947Z"
"172","fb874460-c376-4434-aafb-b37c91baae16","TX_1778167204952_440AC9360A5B","ORG_WALLET_1778160282199_5426CD38E9D1","ORG_WALLET_1778160276576_57F1AE36B2AC","ORG_f2aa8c43d06346a09f7f1a33","ORG_bebd64d6740044d1bb3a41b9","49.6","0.0496","49.6496","USD","CONFIRMED","2026-05-07T15:20:04.952Z"
"173","d32ab70d-665d-45c2-87f7-8a230357da18","TX_1778167204956_0247A173354D","ORG_WALLET_1778160283212_04E49AAB0147","WALLET_1778143333918_F039E75D04FE3","ORG_c11a6f2d78c941cea491491c","311287","17.24","0.01724","17.25724","USD","CONFIRMED","2026-05-07T15:20:04.956Z"
"174","68e389ec-b1df-4bb4-8809-b75272737c1a","TX_1778167204960_DFBE243A5872","ORG_WALLET_1778160277036_D88468BE2F0D","ORG_WALLET_1778160281940_C938801D48CF","ORG_602f8a0e45d24e59815b6795","ORG_db20c1255ff54714bcf79451","18.02","0.01802","18.03802","USD","CONFIRMED","2026-05-07T15:20:04.960Z"
"175","2cc3052d-0bee-44bf-b37b-4cca9c976070","TX_1778167204964_B2383829DD5A","ORG_WALLET_1778160280063_AAF51069402B","ORG_WALLET_1778160274850_C8FA65D01C69","ORG_9ebccad56d8746aba1f28a74","ORG_9334ac8c5d4b490fa13c098f","18.01","0.01801","18.02801","USD","CONFIRMED","2026-05-07T15:20:04.964Z"
"176","5ffb9ba2-61e4-4ece-9fae-63f9df162ae9","TX_1778167204967_2BAF7FE944CF","ORG_WALLET_1778160281672_AC2B16ED3152","ORG_WALLET_1778160278386_D640F5E98EC7","ORG_ca5644b10bba4f4bb4d442cd","ORG_ab9877b6b83245749a5629bb","36.76","0.03676","36.79676","USD","CONFIRMED","2026-05-07T15:20:04.967Z"
"177","f69e96bf-92bb-46ac-849c-2570a740860a","TX_1778167204971_78D365E1A229","ORG_WALLET_1778160277118_C70DF08FF521","ORG_WALLET_1778160272512_224C2AE61622","ORG_1ea32c1b16bc4f64adf2679b","ORG_826d10ed54ab49a0a02481cd","31.7","0.0317","31.7317","USD","CONFIRMED","2026-05-07T15:20:04.971Z"
"178","89cc4053-4c15-4db9-b44d-438113dff8be","TX_1778167204975_C620CFEB3160","WALLET_1778143333918_F039E75D04FE3","ORG_WALLET_1778160277281_E7A1D5DF049D","311287","ORG_3dec97d5b52e4315a8dc28ee","35.16","0.03516","35.19516","USD","CONFIRMED","2026-05-07T15:20:04.975Z"
"179","cea227d2-e0e7-493c-befa-5913944b7742","TX_1778167204979_49B78777DD4E","ORG_WALLET_1778160279487_4104A58B1146","ORG_WALLET_1778160280889_D1B162DB74C8","ORG_c15b8bf2293b4ea39f843947","ORG_7e715dea8d62490097b33a3b","14.5","0.0145","14.5145","USD","CONFIRMED","2026-05-07T15:20:04.980Z"
"180","2e6d7720-c160-4d81-ae4f-cc98bb7e2a17","TX_1778167204983_443755B1898D","ORG_WALLET_1778160277532_B90C63AB1C19","ORG_WALLET_1778160282964_AC07329D4648","ORG_4fffbe49b22a4f23b2a37682","ORG_3265ae8f978f4b7d9d6e5fa9","3","0.003","3.003","USD","CONFIRMED","2026-05-07T15:20:04.983Z"
"181","8bd9ca1c-10b4-4a3b-b8ee-d81581602b39","TX_1778167204987_29C49E608FF9","WALLET_1778159049528_C73FC1C68B888","ORG_WALLET_1778160275097_4BF89DCDF762","900477","ORG_0f101297e7a64f86b1cf05c2","14.55","0.01455","14.56455","USD","CONFIRMED","2026-05-07T15:20:04.987Z"
"182","a9deebb9-dbf2-4a24-99f5-fd4935a657f2","TX_1778167204991_F7745F4BF523","ORG_WALLET_1778160282706_E877F04E8A8C","ORG_WALLET_1778160281852_844849EF2828","ORG_2de29862c3dc42e7ac2411df","ORG_3fd58db1eff04be0b03a5642","23.2","0.0232","23.2232","USD","CONFIRMED","2026-05-07T15:20:04.991Z"
"183","1a0d9e9b-58fa-4067-8798-4b55a5d67ad7","TX_1778167204995_64F0053FB61F","ORG_WALLET_1778160270828_FCD6A452F375","ORG_WALLET_1778160278032_16437CB118C2","ORG_6a112b620a3b4d9db1c1b50d","ORG_67419309808345279b5259d7","11.8","0.0118","11.8118","USD","CONFIRMED","2026-05-07T15:20:04.995Z"
"184","b41bd1ed-9f4b-485b-864f-869322b9c07f","TX_1778167204999_DDC95D75CDCA","ORG_WALLET_1778160277948_02E3D888EC83","ORG_WALLET_1778160272340_1AE5D72A11D5","ORG_da6ada1190384d80bd40ae29","ORG_85680328ba424fdb8c6f80c4","20","0.02","20.02","USD","CONFIRMED","2026-05-07T15:20:04.999Z"
"185","55624a82-1112-494c-9fde-bb855b75c91a","TX_1778167205003_7BA0454CC96F","ORG_WALLET_1778160270578_5F67C563B639","ORG_WALLET_1778160280975_445C3B87B0E4","ORG_577fac19d1184e1da9dc121c","ORG_7afe70881d4b4bf698b08a22","25.27","0.02527","25.29527","USD","CONFIRMED","2026-05-07T15:20:05.003Z"
"186","82446bb4-cfbf-4b99-9036-286226e0083b","TX_1778167205007_ED59D4BF3FB8","ORG_WALLET_1778160278130_FD9398A28CB7","WALLET_1778153631813_640BB05C64D8D","ORG_663382d38d544ef9b9ebb2c7","629571","42.74","0.04274","42.78274","USD","CONFIRMED","2026-05-07T15:20:05.007Z"
"187","c28390af-4032-41c6-b356-ed3e0940797d","TX_1778167205012_E44369968894","ORG_WALLET_1778160281399_E2C38644A950","ORG_WALLET_1778160273104_AC5499EBB8DB","ORG_b11bbcf3ec4b4e0680428a05","ORG_90b640dac1aa4692a7678e4e","35.58","0.03558","35.61558","USD","CONFIRMED","2026-05-07T15:20:05.012Z"
"188","aef829c5-df3e-4ee1-a2bd-ae452e3eb272","TX_1778167205016_E58226D3B2AC","ORG_WALLET_1778160269349_7AA905F368B7","ORG_WALLET_1778160278300_D29F97057D02","ORG_d960392e058d4b21ae6e9131","ORG_fd7b8664935248b5999f8970","18.89","0.01889","18.90889","USD","CONFIRMED","2026-05-07T15:20:05.016Z"
"189","ca27c398-34f7-46a8-9d8f-bbdade6225fc","TX_1778167205020_7F75C2931D1F","WALLET_1778159049528_C73FC1C68B888","ORG_WALLET_1778160283458_0920F8B3705D","900477","ORG_94651c45d31b407fad86b7ef","1.55","0.00155","1.55155","USD","CONFIRMED","2026-05-07T15:20:05.020Z"
"190","81beb75b-c225-41ac-a9a8-a98967fbd633","TX_1778167205023_4951F9E9B66E","ORG_WALLET_1778160271672_EF8D127944C6","ORG_WALLET_1778160274682_5965E6AC8E74","ORG_fe7e985bb291407888115b56","ORG_a6e4e132067d444abfd40382","12.06","0.01206","12.07206","USD","CONFIRMED","2026-05-07T15:20:05.023Z"
"191","d15efdb1-5bd1-4b14-94fa-39c9f97daa63","TX_1778167205027_F82E27FBAB71","ORG_WALLET_1778160270744_5C3A6545AD72","ORG_WALLET_1778160273359_C48B3E1ED6E4","ORG_4a6dba69e91e40eaae01a77f","ORG_be93a91b05f04b018a2cc595","32.65","0.03265","32.68265","USD","CONFIRMED","2026-05-07T15:20:05.027Z"
"192","ea6821ad-96bf-436f-a966-047562950da8","TX_1778167205032_238A7EFBDAA3","ORG_WALLET_1778160279899_A1DC55243B7F","ORG_WALLET_1778160279570_C6CB51444C14","ORG_f41a9b9ed2d64ef599b8a9ac","ORG_f4a88f302b404a3d88306ab9","49.91","0.04991","49.95991","USD","CONFIRMED","2026-05-07T15:20:05.032Z"
"193","6da1f7de-297c-4fe5-a86f-e25b6363ed5f","TX_1778167205036_DB100029F10B","ORG_WALLET_1778160277780_7B2360B8CA09","ORG_WALLET_1778160276084_319BD1098BC9","ORG_a676d43c972f45ff882825e6","ORG_91c22bc167784571b4372d04","33.24","0.03324","33.27324","USD","CONFIRMED","2026-05-07T15:20:05.036Z"
"194","2f0bfde4-06c1-4c75-94f2-5e055c8b3ffb","TX_1778167205040_73E699996AFC","ORG_WALLET_1778160282706_E877F04E8A8C","WALLET_1778153631813_640BB05C64D8D","ORG_2de29862c3dc42e7ac2411df","629571","35.17","0.03517","35.20517","USD","CONFIRMED","2026-05-07T15:20:05.040Z"
"195","9f72a22f-6865-4a2e-8e83-6c70436553b7","TX_1778167205044_377EE10ADD52","ORG_WALLET_1778160272340_1AE5D72A11D5","ORG_WALLET_1778160273686_674A3BB67D22","ORG_85680328ba424fdb8c6f80c4","ORG_938d73070d6540978566cca4","48.39","0.04839","48.43839","USD","CONFIRMED","2026-05-07T15:20:05.044Z"
"196","02fdfc25-97aa-456f-8114-be02bc1f9d95","TX_1778167205049_B5294D45CC1C","ORG_WALLET_1778160280975_445C3B87B0E4","ORG_WALLET_1778160282024_FE7C5E5B3F76","ORG_7afe70881d4b4bf698b08a22","ORG_fd61c0ae121b408888561065","41.61","0.04161","41.65161","USD","CONFIRMED","2026-05-07T15:20:05.049Z"
"197","7f6fd932-46f8-4e33-8acd-5bef30277474","TX_1778167205053_8BF8CF0A65FB","ORG_WALLET_1778160273191_9F74EE690DA4","ORG_WALLET_1778160277118_C70DF08FF521","ORG_bfd0a100c1f54521bf3575d3","ORG_1ea32c1b16bc4f64adf2679b","23.89","0.02389","23.91389","USD","CONFIRMED","2026-05-07T15:20:05.053Z"
"198","54382786-4a35-44ff-bd19-eac051f201e9","TX_1778167205056_C43E3B5E7E71","ORG_WALLET_1778160280313_BC5103AB96CB","ORG_WALLET_1778160279817_5EFE6A9486F3","ORG_383affa12a9d41fba9370e9c","ORG_9ba2d7575584423586bec8a3","3.3","0.0033","3.3033","USD","CONFIRMED","2026-05-07T15:20:05.056Z"
"199","862a015c-d197-4977-9879-097430ef699e","TX_1778167205060_3C74FDEC3B69","ORG_WALLET_1778160273603_8FD5638257B0","ORG_WALLET_1778160276084_319BD1098BC9","ORG_b209686058a44bbcae11cd83","ORG_91c22bc167784571b4372d04","11.65","0.01165","11.66165","USD","CONFIRMED","2026-05-07T15:20:05.060Z"
"200","efd8b4d0-f744-4779-8858-fb479241ce67","TX_1778167205065_C1CA74C80846","ORG_WALLET_1778160279899_A1DC55243B7F","ORG_WALLET_1778160282284_EC6234CEFA04","ORG_f41a9b9ed2d64ef599b8a9ac","ORG_5b9400e661504c4f968243c0","22.71","0.02271","22.73271","USD","CONFIRMED","2026-05-07T15:20:05.065Z"
"201","f78bc44d-f536-4af7-9bbf-02f980a5c3e7","TX_1778167205069_815477C83FCB","ORG_WALLET_1778160278215_9B0E7B324524","ORG_WALLET_1778160282199_5426CD38E9D1","ORG_23c3b1e647eb4bf9ae6d36a7","ORG_f2aa8c43d06346a09f7f1a33","33.16","0.03316","33.19316","USD","CONFIRMED","2026-05-07T15:20:05.069Z"
"202","24a9e0a0-d594-4860-b8b9-9a33eb0c6ed5","TX_1778167205073_25EDDF28B249","ORG_WALLET_1778160275423_53316FAFBA7A","ORG_WALLET_1778160282795_9C53EAE8B868","ORG_3e2627c9b50d4224b7ce732a","ORG_5c4beb22cfcd447399663e8d","4.58","0.00458","4.58458","USD","CONFIRMED","2026-05-07T15:20:05.073Z"
"203","6acf3a88-eb5a-48ed-a61f-cb61c5ba809e","TX_1778167205078_61D1A2C8C88C","ORG_WALLET_1778160269642_AC616EC444B0","ORG_WALLET_1778160269547_3BA2D4A87165","ORG_1adb610aa37047cc88784c1b","ORG_08c99def34c34b7a943795e8","41.32","0.04132","41.36132","USD","CONFIRMED","2026-05-07T15:20:05.078Z"
"204","41048a03-f59c-40a0-8197-b1b3d0257a23","TX_1778167205084_67D9B2BB0985","ORG_WALLET_1778160280145_1BD0EB49AB57","ORG_WALLET_1778160269733_0E05DF2FFF93","ORG_13ab97a389df4a27bdd054a8","ORG_8e5e15226c434f6db4c68dfe","6.06","0.00606","6.06606","USD","CONFIRMED","2026-05-07T15:20:05.084Z"
"205","42e4262e-4f6e-4d65-8756-8b4f004eff29","TX_1778167205087_100194F73E57","ORG_WALLET_1778160271336_332D39319141","ORG_WALLET_1778160275014_18D1A4CDCE47","ORG_aac3beae4c654f7f84f04e44","ORG_1279f3ac8c8345a9bd0d57cf","21.24","0.02124","21.26124","USD","CONFIRMED","2026-05-07T15:20:05.087Z"
"206","8a2dcf36-f60f-4a1e-b50a-e25593736f67","TX_1778167205091_C99563A1966E","ORG_WALLET_1778160269819_4C4BAD6CD589","ORG_WALLET_1778160274599_128BAE8501ED","ORG_bbc3a46f4c964cf397cfedac","ORG_5d7ccd0921bf4a349d193ef4","38.93","0.03893","38.96893","USD","CONFIRMED","2026-05-07T15:20:05.091Z"
"207","5beea83a-d0fa-470a-948b-396e39cee512","TX_1778167205097_72BE3CFBF0B0","ORG_WALLET_1778160277780_7B2360B8CA09","ORG_WALLET_1778160271252_67D918BA6E84","ORG_a676d43c972f45ff882825e6","ORG_f6d121503eec494299f9bf40","48.53","0.04853","48.57853","USD","CONFIRMED","2026-05-07T15:20:05.097Z"
"208","468ca09d-ef9f-4a9a-b808-561ec5546fff","TX_1778167205101_6252CC1A95BA","ORG_WALLET_1778160273686_674A3BB67D22","ORG_WALLET_1778160270244_8FA5322D5953","ORG_938d73070d6540978566cca4","ORG_2a4b739bfe4b4248b59c8c60","5.64","0.00564","5.64564","USD","CONFIRMED","2026-05-07T15:20:05.101Z"
"209","f4922187-b21b-41c0-95f9-9b91570ae4b7","TX_1778167205105_753BBA98B7B4","ORG_WALLET_1778160282964_AC07329D4648","ORG_WALLET_1778160270327_6C4C9C272F9B","ORG_3265ae8f978f4b7d9d6e5fa9","ORG_029c24335b3e47f1b1bfb215","4.67","0.00467","4.67467","USD","CONFIRMED","2026-05-07T15:20:05.105Z"
"210","654a9ce6-01b2-4faa-8b75-25d75007ecdd","TX_1778167205109_4770A76D07E8","ORG_WALLET_1778160280889_D1B162DB74C8","WALLET_1778066536214_1CCF535AA5CB2","ORG_7e715dea8d62490097b33a3b","11","18.89","0.01889","18.90889","USD","CONFIRMED","2026-05-07T15:20:05.109Z"
"211","c8942378-98a5-4569-a0ca-19a2eb862f6a","TX_1778167205113_F69E2B41F2F7","ORG_WALLET_1778160271837_0C82F2D95DA1","ORG_WALLET_1778160276248_B929B3B975EE","ORG_b2c0e26bc8e4438380730970","ORG_10a2a0c34b3b47e3aedbe985","17.41","0.01741","17.42741","USD","CONFIRMED","2026-05-07T15:20:05.113Z"
"212","50c3aeb1-eb72-42ca-96e2-21b2eadea4dc","TX_1778167205117_94E9C6A70F1E","ORG_WALLET_1778160275014_18D1A4CDCE47","ORG_WALLET_1778160270662_8E867A418388","ORG_1279f3ac8c8345a9bd0d57cf","ORG_9497e6ea72dd46399b5fce26","30.6","0.0306","30.6306","USD","CONFIRMED","2026-05-07T15:20:05.117Z"
"213","73ed1f5d-3a14-4e13-a0ad-017afc6dd139","TX_1778167205121_CBF2C741B5EE","ORG_WALLET_1778160277614_15833B79651A","WALLET_1778067145106_5F898D69F5F79","ORG_f7b1a0494b744787b67b76a1","15","25.46","0.02546","25.48546","USD","CONFIRMED","2026-05-07T15:20:05.121Z"
"214","49280fab-f02e-4013-8d3d-b8112e2b30c2","TX_1778167205126_8FE8684D8791","ORG_WALLET_1778160275423_53316FAFBA7A","ORG_WALLET_1778160269142_CB003D9B2929","ORG_3e2627c9b50d4224b7ce732a","ORG_288825f92b7e403785420727","15.7","0.0157","15.7157","USD","CONFIRMED","2026-05-07T15:20:05.126Z"
"215","bdc1c0de-9754-41a2-9600-8fc4dcffeb91","TX_1778167205130_2DA24D0ED814","ORG_WALLET_1778160270494_527614AD5ED1","ORG_WALLET_1778160276248_B929B3B975EE","ORG_52501adb75e9456880834763","ORG_10a2a0c34b3b47e3aedbe985","37.02","0.03702","37.05702","USD","CONFIRMED","2026-05-07T15:20:05.131Z"
"216","2ecc47f8-d01d-4dd8-8968-b2a9f5732885","TX_1778167205135_6F7BEA9B780D","WALLET_1778067202023_7BFE17ECAE335","ORG_WALLET_1778160270578_5F67C563B639","16","ORG_577fac19d1184e1da9dc121c","38.47","0.03847","38.50847","USD","CONFIRMED","2026-05-07T15:20:05.135Z"
"217","25e9a50b-45cb-4c7f-9959-8a8867d32e02","TX_1778167205140_652F3E576533","ORG_WALLET_1778160268806_57EC325FBE88","ORG_WALLET_1778160273359_C48B3E1ED6E4","ORG_6b079307700d496bb62aa72c","ORG_be93a91b05f04b018a2cc595","29.95","0.02995","29.97995","USD","CONFIRMED","2026-05-07T15:20:05.140Z"
"218","09c340b8-148a-470a-8f16-dc2affb79dc6","TX_1778167205144_278BE089CD3F","WALLET_1778158164274_EEBF658010844","ORG_WALLET_1778160269239_48CD73B4012D","900476","ORG_27d97e5a920d445294b83bef","14.05","0.01405","14.06405","USD","CONFIRMED","2026-05-07T15:20:05.144Z"
"219","4d78ca03-f713-4d00-9dd0-5f3311fd3c38","TX_1778167205148_BEB8E26019D6","ORG_WALLET_1778160270916_58F7499D02AE","WALLET_1778067145106_5F898D69F5F79","ORG_3b0c736419434cb3915d9406","15","47.82","0.04782","47.86782","USD","CONFIRMED","2026-05-07T15:20:05.148Z"
"220","da7f73b5-ba7a-43c2-937c-042f9b96327f","TX_1778167205152_BF605DD12BCB","ORG_WALLET_1778160280889_D1B162DB74C8","ORG_WALLET_1778160273441_F81077FBB190","ORG_7e715dea8d62490097b33a3b","ORG_63cb10b5b1e5475fbd0d95a0","8.79","0.00879","8.79879","USD","CONFIRMED","2026-05-07T15:20:05.152Z"
"221","16f1f453-2b1c-4001-abde-a65d883d24b9","TX_1778167205156_C7E270EDD98A","WALLET_1778159049528_C73FC1C68B888","ORG_WALLET_1778160272087_2324BE187015","900477","ORG_1947e9ee30de4becb2794d04","2.75","0.00275","2.75275","USD","CONFIRMED","2026-05-07T15:20:05.156Z"
"222","8c570d52-e7ca-4af0-8546-dc935eca332f","TX_1778167205160_D43E322ECF6E","ORG_WALLET_1778160283212_04E49AAB0147","ORG_WALLET_1778160276762_EAAF396C2E3C","ORG_c11a6f2d78c941cea491491c","ORG_dfa5dbd88c9b475bae5822f9","1.29","0.00129","1.29129","USD","CONFIRMED","2026-05-07T15:20:05.160Z"
"223","b78adc25-1ea9-4256-94b8-a3d8ac3a9213","TX_1778167205164_0B27C9D83449","ORG_WALLET_1778160282024_FE7C5E5B3F76","ORG_WALLET_1778160271588_5AEBB5495957","ORG_fd61c0ae121b408888561065","ORG_ecce5b9c9b2d4c3aaf74df2b","34.4","0.0344","34.4344","USD","CONFIRMED","2026-05-07T15:20:05.164Z"
"224","203880c9-0569-4e3f-af8d-c14e3ac207ab","TX_1778167205168_CB4584CD30A3","ORG_WALLET_1778160279654_8F201F35E72D","ORG_WALLET_1778160275097_4BF89DCDF762","ORG_429d704d895f4812a19c43e4","ORG_0f101297e7a64f86b1cf05c2","46.03","0.04603","46.07603","USD","CONFIRMED","2026-05-07T15:20:05.168Z"
"225","bb76a57a-54fe-4be3-ba18-e06668e76e54","TX_1778167205172_C6F7F7D3C3C1","ORG_WALLET_1778160276669_B5FBDAD5E398","ORG_WALLET_1778160273359_C48B3E1ED6E4","ORG_9e23f808f3544113a4ba0620","ORG_be93a91b05f04b018a2cc595","36.11","0.03611","36.14611","USD","CONFIRMED","2026-05-07T15:20:05.172Z"
"226","797e48f3-d16f-4f71-bfc1-a1c32dc4234b","TX_1778167205176_DADA23F854B4","ORG_WALLET_1778160282199_5426CD38E9D1","ORG_WALLET_1778160269059_6971AFBA84D6","ORG_f2aa8c43d06346a09f7f1a33","ORG_2da30634595b4a878b928a3b","41.23","0.04123","41.27123","USD","CONFIRMED","2026-05-07T15:20:05.176Z"
"227","5d353bff-ed5c-411f-b852-22d77b8416c1","TX_1778167205180_38E9C6421074","ORG_WALLET_1778160269547_3BA2D4A87165","ORG_WALLET_1778160276084_319BD1098BC9","ORG_08c99def34c34b7a943795e8","ORG_91c22bc167784571b4372d04","12.8","0.0128","12.8128","USD","CONFIRMED","2026-05-07T15:20:05.180Z"
"228","b7f156a1-cb8f-43a0-9721-88de64b7eafb","TX_1778167205184_01F7D843D0D0","ORG_WALLET_1778160276084_319BD1098BC9","ORG_WALLET_1778160282284_EC6234CEFA04","ORG_91c22bc167784571b4372d04","ORG_5b9400e661504c4f968243c0","33.44","0.03344","33.47344","USD","CONFIRMED","2026-05-07T15:20:05.184Z"
"229","f2ff06fe-e612-4156-911e-cc1a0b17ac22","TX_1778167205188_C131C89394FA","ORG_WALLET_1778160276248_B929B3B975EE","ORG_WALLET_1778160276331_4051DC1CA743","ORG_10a2a0c34b3b47e3aedbe985","ORG_3a9b9c870e0640eeb07e124b","33.05","0.03305","33.08305","USD","CONFIRMED","2026-05-07T15:20:05.188Z"
"230","a38a47ac-633f-4a31-819b-ff20b195532b","TX_1778167205191_735F43AAC7A8","WALLET_1778153747020_1ECAE0E292C2A","ORG_WALLET_1778160270578_5F67C563B639","554070","ORG_577fac19d1184e1da9dc121c","47.51","0.04751","47.55751","USD","CONFIRMED","2026-05-07T15:20:05.191Z"
"231","cfbdafcd-77cd-4ebc-a348-9f0c24a78c80","TX_1778167205195_28DFC94AF88A","ORG_WALLET_1778160272427_347735F01EAC","ORG_WALLET_1778160275505_F41736F76EA9","ORG_95f1c8263eb9403fa7c10857","ORG_3e4a83201e5b4f7dbdb74422","16.88","0.01688","16.89688","USD","CONFIRMED","2026-05-07T15:20:05.195Z"
"232","69db7a5b-8123-47bb-98ab-d639618d5ae3","TX_1778167205199_39B8AFDEAE4E","WALLET_1778160871693_0EA008B15BECE","ORG_WALLET_1778160277696_1E4BED96895A","900478","ORG_98c417cc5a45471cb8d8400e","38.06","0.03806","38.09806","USD","CONFIRMED","2026-05-07T15:20:05.199Z"
"233","d0b7a585-7a88-4990-a6c3-122eda0214e7","TX_1778167205203_EEDBE73F689A","ORG_WALLET_1778160273191_9F74EE690DA4","ORG_WALLET_1778160282964_AC07329D4648","ORG_bfd0a100c1f54521bf3575d3","ORG_3265ae8f978f4b7d9d6e5fa9","30.49","0.03049","30.52049","USD","CONFIRMED","2026-05-07T15:20:05.203Z"
"234","bfc2e326-c25c-480c-b868-9fa8538b09df","TX_1778167205208_2AD09C237675","ORG_WALLET_1778160282116_06B29CDD554E","ORG_WALLET_1778160276001_05A50D53087F","ORG_4e2887482991445eb836ba60","ORG_4f875438f0ae42e8af201d6f","19.78","0.01978","19.79978","USD","CONFIRMED","2026-05-07T15:20:05.208Z"
"235","9bb4adb4-071f-4d0f-b386-311375b8985a","TX_1778167205211_B37F76352482","ORG_WALLET_1778160274516_CEC24B06855F","ORG_WALLET_1778160276762_EAAF396C2E3C","ORG_cf3821c41c2a41c7a668fc65","ORG_dfa5dbd88c9b475bae5822f9","24.16","0.02416","24.18416","USD","CONFIRMED","2026-05-07T15:20:05.211Z"
"236","f92e8cce-4141-4c26-894c-e4486524e793","TX_1778167205216_00C74EEC554A","ORG_WALLET_1778160280641_07749B20BDD1","ORG_WALLET_1778160270079_0C0EAE39BC93","ORG_72acde45a0c54024bfa80e9a","ORG_fdc6ce67a3af4909bf689efd","26.94","0.02694","26.96694","USD","CONFIRMED","2026-05-07T15:20:05.216Z"
"237","0d68677e-5208-4d03-a86e-cefe3d02d7c7","TX_1778167205220_D233E6595918","ORG_WALLET_1778160279982_912AFF7751A5","ORG_WALLET_1778160279241_D1D6C1B2EAAB","ORG_0516915df7d441f2b287f550","ORG_a86f8c15d8ce4214ae8d4b54","1.88","0.00188","1.88188","USD","CONFIRMED","2026-05-07T15:20:05.220Z"
"238","75cf18e5-0041-45c1-89e4-bcc8937f99c1","TX_1778167205224_FCE93BFA0B16","WALLET_1778153906827_07651C59B5DEE","ORG_WALLET_1778160283212_04E49AAB0147","900473","ORG_c11a6f2d78c941cea491491c","8.5","0.0085","8.5085","USD","CONFIRMED","2026-05-07T15:20:05.224Z"
"239","35149f40-e6bb-4501-91d7-e65c3c7e8189","TX_1778167205228_BEC11533865E","ORG_WALLET_1778160281488_23CC588BB422","ORG_WALLET_1778160272340_1AE5D72A11D5","ORG_8a9b8d089c7f4860b97c17ba","ORG_85680328ba424fdb8c6f80c4","40.85","0.04085","40.89085","USD","CONFIRMED","2026-05-07T15:20:05.228Z"
"240","6728c624-d3a7-479b-8254-b31218b027f5","TX_1778167205232_4B330D91C069","ORG_WALLET_1778160278130_FD9398A28CB7","ORG_WALLET_1778160279241_D1D6C1B2EAAB","ORG_663382d38d544ef9b9ebb2c7","ORG_a86f8c15d8ce4214ae8d4b54","21.63","0.02163","21.65163","USD","CONFIRMED","2026-05-07T15:20:05.232Z"
"241","091debe0-da4a-4c0f-8e35-17e7eb1c89bf","TX_1778167205237_BC714FDA3CDC","ORG_WALLET_1778160277281_E7A1D5DF049D","ORG_WALLET_1778160282199_5426CD38E9D1","ORG_3dec97d5b52e4315a8dc28ee","ORG_f2aa8c43d06346a09f7f1a33","42.88","0.04288","42.92288","USD","CONFIRMED","2026-05-07T15:20:05.237Z"
"242","4474e28b-c448-4d91-aa0a-584e75641d12","TX_1778167205241_39595F3FBA40","ORG_WALLET_1778160279570_C6CB51444C14","ORG_WALLET_1778160272171_3E1E9FC7005B","ORG_f4a88f302b404a3d88306ab9","ORG_cf345c7615cd49f19d54be4b","35.6","0.0356","35.6356","USD","CONFIRMED","2026-05-07T15:20:05.241Z"
"243","e4fa9572-0f90-4172-b4cd-bbf00aed87d6","TX_1778167205245_D9A0FE201657","ORG_WALLET_1778160272938_24D08982CD31","ORG_WALLET_1778160274016_A8FA1F846E1C","ORG_1e01824ab59a4e68ae11f7a3","ORG_70fa302ec4944a7aa53832f8","24.74","0.02474","24.76474","USD","CONFIRMED","2026-05-07T15:20:05.245Z"
"244","1e5dda81-4152-4618-a6e6-bcb2ab477437","TX_1778167205249_4F6E2D900407","ORG_WALLET_1778160282538_2FB7C9E73DEE","ORG_WALLET_1778160283376_55A249691809","ORG_6328ec72b8d1427a882a8d14","ORG_b93dc1ec5bed4bd3ab3f2bae","28.45","0.02845","28.47845","USD","CONFIRMED","2026-05-07T15:20:05.249Z"
"245","2c562dd3-45a6-4e16-9aa3-33d56fe14782","TX_1778167205252_D29371535A8F","ORG_WALLET_1778160283294_DD0951E0B2B5","ORG_WALLET_1778160276576_57F1AE36B2AC","ORG_954c8c749d354ee6bf59a4ec","ORG_bebd64d6740044d1bb3a41b9","38.62","0.03862","38.65862","USD","CONFIRMED","2026-05-07T15:20:05.252Z"
"246","87b4a3c5-9ced-497c-a762-4fd2278f0d73","TX_1778167205256_1BA97345FF30","ORG_WALLET_1778160282024_FE7C5E5B3F76","ORG_WALLET_1778160276166_F5F14DB4910B","ORG_fd61c0ae121b408888561065","ORG_85042eae537c4c1cb51c1e84","10.81","0.01081","10.82081","USD","CONFIRMED","2026-05-07T15:20:05.256Z"
"247","ceb1aef9-1913-4365-ba88-1b94a06e4f84","TX_1778167205260_E0EC2572B58E","ORG_WALLET_1778160279735_472CEB450301","WALLET_1778139950788_F2A29AB7B72B7","ORG_6575120899be4b2b93a8295a","21","25.91","0.02591","25.93591","USD","CONFIRMED","2026-05-07T15:20:05.260Z"
"248","fb23797b-1114-4750-81c0-ce4cdffce361","TX_1778167205264_56C76F4277EB","WALLET_1778154970895_D82B934E18EF1","ORG_WALLET_1778160283128_A2CB665268B0","900475","ORG_7eb988a91e6c46b0b85aae07","1.47","0.00147","1.47147","USD","CONFIRMED","2026-05-07T15:20:05.264Z"
"249","48970fb8-f217-45ee-8c1b-bd1ef08d1bd0","TX_1778167205268_F4337D7E2824","ORG_WALLET_1778160281488_23CC588BB422","ORG_WALLET_1778160272254_7495A0C77CC7","ORG_8a9b8d089c7f4860b97c17ba","ORG_69dea77248dd439b8f15d0cd","32.75","0.03275","32.78275","USD","CONFIRMED","2026-05-07T15:20:05.268Z"
"250","6ca9433c-1b26-42fa-ac28-3597d89ce488","TX_1778167205273_A6D8FC900F8E","WALLET_1778154305518_2FC481B712D68","ORG_WALLET_1778160278656_2AA9E6362FDE","900474","ORG_8121c92f968d451094666b4d","12.63","0.01263","12.64263","USD","CONFIRMED","2026-05-07T15:20:05.273Z"
"251","14a6fdd5-ed09-4698-b160-88147ad2437b","TX_1778167205278_F28A7B8C53B3","ORG_WALLET_1778160281062_85389B0F8FB2","ORG_WALLET_1778160275671_04596EB26676","ORG_37f71cc8ea3140579b5187c2","ORG_cb4afdce1d614e709ea35423","45.04","0.04504","45.08504","USD","CONFIRMED","2026-05-07T15:20:05.278Z"
"252","e91750a8-c51b-448e-ba71-b4d7851a25f7","TX_1778167205283_1AA126F882D2","ORG_WALLET_1778160278032_16437CB118C2","ORG_WALLET_1778160271754_0357D97220C1","ORG_67419309808345279b5259d7","ORG_25fbaf76c088457a8422b979","40.33","0.04033","40.37033","USD","CONFIRMED","2026-05-07T15:20:05.283Z"
"253","b5b34b61-67ef-4201-b109-a0157ea58604","TX_1778167205286_B0FC1A8239F5","ORG_WALLET_1778160279241_D1D6C1B2EAAB","ORG_WALLET_1778160276331_4051DC1CA743","ORG_a86f8c15d8ce4214ae8d4b54","ORG_3a9b9c870e0640eeb07e124b","9.44","0.00944","9.44944","USD","CONFIRMED","2026-05-07T15:20:05.286Z"
"254","56ed9caf-b8a1-4547-aa1e-0ccbdccfac5b","TX_1778167205290_89C1E5CE7768","ORG_WALLET_1778160276084_319BD1098BC9","ORG_WALLET_1778160276854_01DB22D26B59","ORG_91c22bc167784571b4372d04","ORG_96abde570dc346cb8fa1c4f8","8.28","0.00828","8.28828","USD","CONFIRMED","2026-05-07T15:20:05.290Z"
"255","13178cb1-c268-4141-9e00-82983483b7c8","TX_1778167205295_E0E62E28DB87","ORG_WALLET_1778160276248_B929B3B975EE","ORG_WALLET_1778160270494_527614AD5ED1","ORG_10a2a0c34b3b47e3aedbe985","ORG_52501adb75e9456880834763","12.76","0.01276","12.77276","USD","CONFIRMED","2026-05-07T15:20:05.295Z"
"256","9a3e37a3-183d-4b0d-bb1e-e8c938883636","TX_1778167205299_808D6F5FF3FB","ORG_WALLET_1778160277118_C70DF08FF521","WALLET_1778146559160_44AE5F5A8DE82","ORG_1ea32c1b16bc4f64adf2679b","554069","32.29","0.03229","32.32229","USD","CONFIRMED","2026-05-07T15:20:05.299Z"
"257","f4ad28c4-3653-4a4f-950f-5bffc2fa3c4a","TX_1778167205303_36134E45D33F","ORG_WALLET_1778160270410_EEC9BBFE5154","ORG_WALLET_1778160275178_6BFE22ABCAE0","ORG_9f9a3d44b94a4515b31ff405","ORG_f8763b870e3945858dab1964","18.79","0.01879","18.80879","USD","CONFIRMED","2026-05-07T15:20:05.303Z"
"258","aef01ba5-5f04-45c3-8043-d167c7a85a25","TX_1778167205307_2D75AA1A32E1","ORG_WALLET_1778160283212_04E49AAB0147","ORG_WALLET_1778160280723_76881A40B86C","ORG_c11a6f2d78c941cea491491c","ORG_ffb1b562e6c24779bc734630","44.07","0.04407","44.11407","USD","CONFIRMED","2026-05-07T15:20:05.307Z"
"259","f8fd4b46-8fe0-486b-bd03-10e79a389a3d","TX_1778167205311_150B8079302E","ORG_WALLET_1778160271169_01A8D14E09DE","ORG_WALLET_1778160274262_42055E8BD8F4","ORG_5111da2a38544e5f9ff43bf1","ORG_f8f1b069c0684be2875182d8","8.61","0.00861","8.61861","USD","CONFIRMED","2026-05-07T15:20:05.311Z"
"260","ce3a8849-68fa-4241-84f6-e2ea4625dece","TX_1778167205316_3334A71D026C","ORG_WALLET_1778160271754_0357D97220C1","ORG_WALLET_1778160280478_74B6B9C7E314","ORG_25fbaf76c088457a8422b979","ORG_319431175959410eab0a0351","30.33","0.03033","30.36033","USD","CONFIRMED","2026-05-07T15:20:05.316Z"
"261","92b46c3f-4892-4ad3-af0e-b80acb577f18","TX_1778167205320_E845C2FC4BD3","ORG_WALLET_1778160277532_B90C63AB1C19","WALLET_1778153747020_1ECAE0E292C2A","ORG_4fffbe49b22a4f23b2a37682","554070","23.82","0.02382","23.84382","USD","CONFIRMED","2026-05-07T15:20:05.321Z"
"262","5c37dd3a-1bd4-4094-8c70-89f1f8b2151d","TX_1778167205325_DA2FB0388522","ORG_WALLET_1778160278656_2AA9E6362FDE","WALLET_1778153695898_3575061710329","ORG_8121c92f968d451094666b4d","693779","22.71","0.02271","22.73271","USD","CONFIRMED","2026-05-07T15:20:05.325Z"
"263","a8d2b1b2-c906-44f3-985a-d8616aca3306","TX_1778167205334_FC5E068D6695","WALLET_1778066536214_1CCF535AA5CB2","ORG_WALLET_1778160269547_3BA2D4A87165","11","ORG_08c99def34c34b7a943795e8","3.62","0.00362","3.62362","USD","CONFIRMED","2026-05-07T15:20:05.334Z"
"264","ce66ae08-13dd-4e54-bad1-a4c2b9298e97","TX_1778167205339_543E101BCD71","ORG_WALLET_1778160268893_3F8C90E5DA98","ORG_WALLET_1778160273191_9F74EE690DA4","ORG_a34da9d20f934482ba962b14","ORG_bfd0a100c1f54521bf3575d3","13.75","0.01375","13.76375","USD","CONFIRMED","2026-05-07T15:20:05.339Z"
"265","7b881111-81a6-4be6-b326-d7eced83dc77","TX_1778167205343_02B93728B00D","ORG_WALLET_1778160273441_F81077FBB190","ORG_WALLET_1778160280559_426B10463347","ORG_63cb10b5b1e5475fbd0d95a0","ORG_714136041c8c450e87db5646","21.22","0.02122","21.24122","USD","CONFIRMED","2026-05-07T15:20:05.343Z"
"266","5cef060a-b19b-4af3-b24b-9120101c8b24","TX_1778167205347_F7F4180DE5A8","ORG_WALLET_1778160274346_C1801622C4F1","ORG_WALLET_1778160270410_EEC9BBFE5154","ORG_eb4457964c8e4d2c85073cbc","ORG_9f9a3d44b94a4515b31ff405","34.73","0.03473","34.76473","USD","CONFIRMED","2026-05-07T15:20:05.347Z"
"267","540287e3-02dc-4fbc-b791-c72a2df00e1f","TX_1778167205350_5928DDB94347","ORG_WALLET_1778160280805_22EC8852FE9E","ORG_WALLET_1778160269059_6971AFBA84D6","ORG_d3f28c40555a4b4eb89e74ed","ORG_2da30634595b4a878b928a3b","49.14","0.04914","49.18914","USD","CONFIRMED","2026-05-07T15:20:05.351Z"
"268","0dc1518d-e256-47d5-9f66-ef7c4ba38c7b","TX_1778167205354_9E839798F076","ORG_WALLET_1778160279982_912AFF7751A5","ORG_WALLET_1778160274098_0A5EF90FB47E","ORG_0516915df7d441f2b287f550","ORG_a73b423c03aa4e7da5788a37","6.76","0.00676","6.76676","USD","CONFIRMED","2026-05-07T15:20:05.354Z"
"269","63f2f263-9c04-4933-9e26-4aaa3de27029","TX_1778167205359_0E4EBCAC9862","ORG_WALLET_1778160277696_1E4BED96895A","WALLET_1778067202023_7BFE17ECAE335","ORG_98c417cc5a45471cb8d8400e","16","14.82","0.01482","14.83482","USD","CONFIRMED","2026-05-07T15:20:05.359Z"
"270","4c34874e-7574-4c94-a54a-1dd1d26eae0e","TX_1778167205364_B6CD987D0572","ORG_WALLET_1778160269733_0E05DF2FFF93","ORG_WALLET_1778160283294_DD0951E0B2B5","ORG_8e5e15226c434f6db4c68dfe","ORG_954c8c749d354ee6bf59a4ec","32.57","0.03257","32.60257","USD","CONFIRMED","2026-05-07T15:20:05.364Z"
"271","5a4c0cdf-70fd-46e8-baac-66749ec5a2ea","TX_1778167205367_F21920334702","ORG_WALLET_1778160273768_A69B0D0A7F28","ORG_WALLET_1778160270744_5C3A6545AD72","ORG_8b82065a06c744edb8815cb9","ORG_4a6dba69e91e40eaae01a77f","34.39","0.03439","34.42439","USD","CONFIRMED","2026-05-07T15:20:05.368Z"
"272","61111dca-c87f-48d0-a802-86ae18fedd95","TX_1778167205372_9D28089BD6DC","ORG_WALLET_1778160283294_DD0951E0B2B5","ORG_WALLET_1778160282882_721F365A8568","ORG_954c8c749d354ee6bf59a4ec","ORG_ca0453f9444845208f60654d","14.3","0.0143","14.3143","USD","CONFIRMED","2026-05-07T15:20:05.372Z"
"273","61ee4f04-3796-4869-aad5-a9757493d8f6","TX_1778167205376_0224FB3494B8","ORG_WALLET_1778160275341_7016E58B21CB","ORG_WALLET_1778160269733_0E05DF2FFF93","ORG_ba1f38d427344ade8b8000aa","ORG_8e5e15226c434f6db4c68dfe","19.5","0.0195","19.5195","USD","CONFIRMED","2026-05-07T15:20:05.376Z"
"274","90f62b4e-1ff4-4ecc-8f27-20ce44f894a1","TX_1778167205380_2D0F0C1B1C53","ORG_WALLET_1778160282795_9C53EAE8B868","ORG_WALLET_1778160275505_F41736F76EA9","ORG_5c4beb22cfcd447399663e8d","ORG_3e4a83201e5b4f7dbdb74422","40.54","0.04054","40.58054","USD","CONFIRMED","2026-05-07T15:20:05.380Z"
"275","e6ee36d6-747e-41e7-b057-d5bd767461ce","TX_1778167205384_B7F0A15276FC","WALLET_1778071441355_6612E1BB0599A","ORG_WALLET_1778160278130_FD9398A28CB7","22","ORG_663382d38d544ef9b9ebb2c7","49.2","0.0492","49.2492","USD","CONFIRMED","2026-05-07T15:20:05.384Z"
"276","926e3247-2c9d-46e5-9b5d-6027d2096b7b","TX_1778167205390_EF2B34FEA7B9","ORG_WALLET_1778160282372_B62DC72D41CD","ORG_WALLET_1778160276001_05A50D53087F","ORG_390298c5f209426d9b91ea2b","ORG_4f875438f0ae42e8af201d6f","38.02","0.03802","38.05802","USD","CONFIRMED","2026-05-07T15:20:05.390Z"
"277","955caa67-6921-4a78-9ae5-b4010bc2d2fa","TX_1778167205394_C77CFA8EC1D7","ORG_WALLET_1778160276001_05A50D53087F","WALLET_1778066536214_1CCF535AA5CB2","ORG_4f875438f0ae42e8af201d6f","11","7.9","0.0079","7.9079","USD","CONFIRMED","2026-05-07T15:20:05.394Z"
"278","4a1ce51e-0703-441c-ae16-53b1ca6a7262","TX_1778167205399_09FE1C703444","ORG_WALLET_1778160269142_CB003D9B2929","ORG_WALLET_1778160275753_082C4EAF7EAE","ORG_288825f92b7e403785420727","ORG_adf8170288c4481488d92098","9.75","0.00975","9.75975","USD","CONFIRMED","2026-05-07T15:20:05.399Z"
"279","2aff3b1e-9b8a-45b9-adc9-5fa2ba64e73d","TX_1778167205403_35322EC727D2","ORG_WALLET_1778160276084_319BD1098BC9","WALLET_1778154970895_D82B934E18EF1","ORG_91c22bc167784571b4372d04","900475","46.39","0.04639","46.43639","USD","CONFIRMED","2026-05-07T15:20:05.403Z"
"280","79153b65-d407-42da-acd9-6b3d557a843d","TX_1778167205408_4DE0BBBD2610","ORG_WALLET_1778160270662_8E867A418388","ORG_WALLET_1778160276762_EAAF396C2E3C","ORG_9497e6ea72dd46399b5fce26","ORG_dfa5dbd88c9b475bae5822f9","33.05","0.03305","33.08305","USD","CONFIRMED","2026-05-07T15:20:05.408Z"
"281","35936941-f60d-4ea7-8901-9814405ca9ee","TX_1778167205411_7A7AAFD89F65","WALLET_1778071441355_6612E1BB0599A","ORG_WALLET_1778160282882_721F365A8568","22","ORG_ca0453f9444845208f60654d","36.83","0.03683","36.86683","USD","CONFIRMED","2026-05-07T15:20:05.411Z"
"282","563913b4-5c30-4188-bfa2-df639102184c","TX_1778167205415_965C9D1EBBCC","ORG_WALLET_1778160281399_E2C38644A950","ORG_WALLET_1778160281587_7507D0163D18","ORG_b11bbcf3ec4b4e0680428a05","ORG_0130bc4c8a4f483db60b9a07","16.52","0.01652","16.53652","USD","CONFIRMED","2026-05-07T15:20:05.415Z"
"283","98bbb0c2-cdd8-44ac-92ab-f23f6ef39f83","TX_1778167205419_53AEBB9B36BC","ORG_WALLET_1778160270744_5C3A6545AD72","ORG_WALLET_1778160271588_5AEBB5495957","ORG_4a6dba69e91e40eaae01a77f","ORG_ecce5b9c9b2d4c3aaf74df2b","29.98","0.02998","30.00998","USD","CONFIRMED","2026-05-07T15:20:05.419Z"
"284","53c2c076-5c0d-4786-9d53-7b0f695e1104","TX_1778167205423_F8AFE14B08B3","ORG_WALLET_1778160276669_B5FBDAD5E398","ORG_WALLET_1778160270916_58F7499D02AE","ORG_9e23f808f3544113a4ba0620","ORG_3b0c736419434cb3915d9406","45.07","0.04507","45.11507","USD","CONFIRMED","2026-05-07T15:20:05.423Z"
"285","02ed4d08-17e0-406a-b0ee-c213292082bf","TX_1778167205428_03471C84E5D0","WALLET_1778153695898_3575061710329","ORG_WALLET_1778160276412_51B6857CB493","693779","ORG_bd5fbb777a224d3a93208bf3","18.12","0.01812","18.13812","USD","CONFIRMED","2026-05-07T15:20:05.428Z"
"286","1873357f-b9b1-4373-81ea-cf850de71be3","TX_1778167205432_37F833BE5C5D","ORG_WALLET_1778160276494_506DC7CD27D4","ORG_WALLET_1778160271252_67D918BA6E84","ORG_03290d8bceec4c578406b6ff","ORG_f6d121503eec494299f9bf40","42.24","0.04224","42.28224","USD","CONFIRMED","2026-05-07T15:20:05.432Z"
"287","77de2bd8-fed9-4340-a1d6-3b7917550e18","TX_1778167205437_C15D83418D72","ORG_WALLET_1778160277036_D88468BE2F0D","ORG_WALLET_1778160273768_A69B0D0A7F28","ORG_602f8a0e45d24e59815b6795","ORG_8b82065a06c744edb8815cb9","19.22","0.01922","19.23922","USD","CONFIRMED","2026-05-07T15:20:05.437Z"
"288","8a10736e-f610-464a-8a35-aa5264eb9f3c","TX_1778167205441_1973B8E0FBB3","WALLET_1778066536214_1CCF535AA5CB2","ORG_WALLET_1778160273603_8FD5638257B0","11","ORG_b209686058a44bbcae11cd83","23.8","0.0238","23.8238","USD","CONFIRMED","2026-05-07T15:20:05.441Z"
"289","d269a2f4-3a2e-4753-b814-e2908e2b829e","TX_1778167205446_5CA69A5AD0BA","ORG_WALLET_1778160269142_CB003D9B2929","ORG_WALLET_1778160272769_FD7534EDEC66","ORG_288825f92b7e403785420727","ORG_ac4284f48d50479c9cabbf1e","27.1","0.0271","27.1271","USD","CONFIRMED","2026-05-07T15:20:05.446Z"
"290","5bb8bf3a-f9a4-4d53-bc5d-45eb8ba5ca07","TX_1778167205450_2B35F6473650","ORG_WALLET_1778160283294_DD0951E0B2B5","ORG_WALLET_1778160276001_05A50D53087F","ORG_954c8c749d354ee6bf59a4ec","ORG_4f875438f0ae42e8af201d6f","18.87","0.01887","18.88887","USD","CONFIRMED","2026-05-07T15:20:05.450Z"
"291","1547dd22-3ee5-4ce8-991f-492fecfd3f6c","TX_1778167205455_894871479900","ORG_WALLET_1778160273359_C48B3E1ED6E4","ORG_WALLET_1778160275753_082C4EAF7EAE","ORG_be93a91b05f04b018a2cc595","ORG_adf8170288c4481488d92098","7.33","0.00733","7.33733","USD","CONFIRMED","2026-05-07T15:20:05.455Z"
"292","0861c658-e475-4be0-a391-5b8ce3f807e8","TX_1778167205459_7A1AE38CDD22","ORG_WALLET_1778160278032_16437CB118C2","ORG_WALLET_1778160270494_527614AD5ED1","ORG_67419309808345279b5259d7","ORG_52501adb75e9456880834763","32.78","0.03278","32.81278","USD","CONFIRMED","2026-05-07T15:20:05.459Z"
"293","a019a113-6229-490d-ae1f-3733375d8683","TX_1778167205464_FF12B6627E97","ORG_WALLET_1778160280805_22EC8852FE9E","ORG_WALLET_1778160271336_332D39319141","ORG_d3f28c40555a4b4eb89e74ed","ORG_aac3beae4c654f7f84f04e44","2.66","0.00266","2.66266","USD","CONFIRMED","2026-05-07T15:20:05.465Z"
"294","3ae30d4d-c347-4b87-95a1-f22e2b1b377d","TX_1778167205469_4225184452C9","ORG_WALLET_1778160273441_F81077FBB190","ORG_WALLET_1778160280641_07749B20BDD1","ORG_63cb10b5b1e5475fbd0d95a0","ORG_72acde45a0c54024bfa80e9a","5.6","0.0056","5.6056","USD","CONFIRMED","2026-05-07T15:20:05.469Z"
"295","2abb825b-da72-4d66-a9ba-9ab3a112e481","TX_1778167205474_2A0B2A3F24DA","ORG_WALLET_1778160281672_AC2B16ED3152","ORG_WALLET_1778160281146_B8874C5AC610","ORG_ca5644b10bba4f4bb4d442cd","ORG_ae90e61e64ff48a089d9a554","28.16","0.02816","28.18816","USD","CONFIRMED","2026-05-07T15:20:05.474Z"
"296","91c36115-131a-48ea-b6b3-c78ed41985f1","TX_1778167205478_AD448DF5E5C5","ORG_WALLET_1778160275753_082C4EAF7EAE","ORG_WALLET_1778160269642_AC616EC444B0","ORG_adf8170288c4481488d92098","ORG_1adb610aa37047cc88784c1b","10.07","0.01007","10.08007","USD","CONFIRMED","2026-05-07T15:20:05.478Z"
"297","c3ff16d6-a2ac-4732-ab04-80d3135599a2","TX_1778167205482_333674804F5B","ORG_WALLET_1778160278746_7064FF0F96E8","ORG_WALLET_1778160280229_2A2D74805156","ORG_7cd6695ce0d64ff3815c79cb","ORG_6312f8a7d3254be0a87733a6","43.34","0.04334","43.38334","USD","CONFIRMED","2026-05-07T15:20:05.482Z"
"298","33bf7190-61d1-4d44-8346-5d253f12eaed","TX_1778167205486_E491765B5075","ORG_WALLET_1778160274262_42055E8BD8F4","ORG_WALLET_1778160281488_23CC588BB422","ORG_f8f1b069c0684be2875182d8","ORG_8a9b8d089c7f4860b97c17ba","46.53","0.04653","46.57653","USD","CONFIRMED","2026-05-07T15:20:05.486Z"
"299","6c4ac9b1-4568-4570-bc0a-96ec049ee1f8","TX_1778167205490_F8BAC90E757B","ORG_WALLET_1778160272427_347735F01EAC","ORG_WALLET_1778160282284_EC6234CEFA04","ORG_95f1c8263eb9403fa7c10857","ORG_5b9400e661504c4f968243c0","17.75","0.01775","17.76775","USD","CONFIRMED","2026-05-07T15:20:05.490Z"
"300","d3276cf6-3516-4b49-bc93-763f22cdd421","TX_1778167205494_30B408488B48","ORG_WALLET_1778160282372_B62DC72D41CD","ORG_WALLET_1778160280396_28AA8E30C40A","ORG_390298c5f209426d9b91ea2b","ORG_445bfea799664a1a85c09e39","33.02","0.03302","33.05302","USD","CONFIRMED","2026-05-07T15:20:05.494Z"
"301","902824a3-97f5-43ae-a916-529dff31c45d","TX_1778167205498_283661A2FA87","ORG_WALLET_1778160279735_472CEB450301","ORG_WALLET_1778160280313_BC5103AB96CB","ORG_6575120899be4b2b93a8295a","ORG_383affa12a9d41fba9370e9c","2.62","0.00262","2.62262","USD","CONFIRMED","2026-05-07T15:20:05.499Z"
"302","324ffeae-3875-401c-a127-adb584c16ac8","TX_1778167205502_CE570CE31503","ORG_WALLET_1778160280478_74B6B9C7E314","WALLET_1778143333918_F039E75D04FE3","ORG_319431175959410eab0a0351","311287","30.16","0.03016","30.19016","USD","CONFIRMED","2026-05-07T15:20:05.502Z"
"303","5efaf3a1-3893-4208-a6bb-786797576167","TX_1778167205506_C4751C87293B","ORG_WALLET_1778160275097_4BF89DCDF762","ORG_WALLET_1778160277281_E7A1D5DF049D","ORG_0f101297e7a64f86b1cf05c2","ORG_3dec97d5b52e4315a8dc28ee","46.49","0.04649","46.53649","USD","CONFIRMED","2026-05-07T15:20:05.506Z"
"304","87af5d28-51fd-43f7-8f18-ff56780e927e","TX_1778167205510_CDE470EE067F","ORG_WALLET_1778160269996_0B5992C7E17C","ORG_WALLET_1778160279817_5EFE6A9486F3","ORG_7fecdb9f77414f1e86f310d9","ORG_9ba2d7575584423586bec8a3","48.36","0.04836","48.40836","USD","CONFIRMED","2026-05-07T15:20:05.510Z"
"305","d38ef903-75ca-4b1b-bc9f-1972c560fcdc","TX_1778167205514_7B3FEFE7AC0B","WALLET_1778071441355_6612E1BB0599A","ORG_WALLET_1778160269059_6971AFBA84D6","22","ORG_2da30634595b4a878b928a3b","44.07","0.04407","44.11407","USD","CONFIRMED","2026-05-07T15:20:05.514Z"
"306","3d4580f7-8c8f-49c2-9a1a-a22437898f0e","TX_1778167205519_4B337A795E9D","ORG_WALLET_1778158080621_9D3B20D175BC1","ORG_WALLET_1778160276001_05A50D53087F","ORG_1d0a64007d7149ba8b5a7aa3","ORG_4f875438f0ae42e8af201d6f","3.68","0.00368","3.68368","USD","CONFIRMED","2026-05-07T15:20:05.519Z"
"307","5a4977a8-8a7c-4e60-a514-9ca33b92d599","TX_1778167205523_8553355AFDB1","ORG_WALLET_1778160271252_67D918BA6E84","ORG_WALLET_1778160277118_C70DF08FF521","ORG_f6d121503eec494299f9bf40","ORG_1ea32c1b16bc4f64adf2679b","33.09","0.03309","33.12309","USD","CONFIRMED","2026-05-07T15:20:05.523Z"
"308","442efca8-d2af-46ef-870f-c09ad62e62ee","TX_1778167205527_F251B5F79160","ORG_WALLET_1778160279654_8F201F35E72D","ORG_WALLET_1778160281488_23CC588BB422","ORG_429d704d895f4812a19c43e4","ORG_8a9b8d089c7f4860b97c17ba","36.25","0.03625","36.28625","USD","CONFIRMED","2026-05-07T15:20:05.527Z"
"309","81f26a36-b2f7-482e-b0b8-a72cef534325","TX_1778167205531_A17307C788E6","ORG_WALLET_1778160269349_7AA905F368B7","ORG_WALLET_1778160283458_0920F8B3705D","ORG_d960392e058d4b21ae6e9131","ORG_94651c45d31b407fad86b7ef","48.34","0.04834","48.38834","USD","CONFIRMED","2026-05-07T15:20:05.531Z"
"310","4b9e4603-261c-4d90-b97d-1ca772442e40","TX_1778167205535_93B50197F795","ORG_WALLET_1778160276331_4051DC1CA743","ORG_WALLET_1778160271169_01A8D14E09DE","ORG_3a9b9c870e0640eeb07e124b","ORG_5111da2a38544e5f9ff43bf1","22.68","0.02268","22.70268","USD","CONFIRMED","2026-05-07T15:20:05.535Z"
"311","19128254-3c69-47b0-87d3-c6fa4e3ab120","TX_1778167205539_575E0174858A","ORG_WALLET_1778160277365_03FDBA4E2E67","ORG_WALLET_1778160281761_D0E2A46DF0CD","ORG_4630e3b4b65b4eda89b6f23b","ORG_7346434746a24847bbb306fe","18.05","0.01805","18.06805","USD","CONFIRMED","2026-05-07T15:20:05.539Z"
"312","3f5625d3-ae75-46c0-822e-dcabfd51ead9","TX_1778167205543_36AB680E707F","WALLET_1778067202023_7BFE17ECAE335","ORG_WALLET_1778160275341_7016E58B21CB","16","ORG_ba1f38d427344ade8b8000aa","3.04","0.00304","3.04304","USD","CONFIRMED","2026-05-07T15:20:05.543Z"
"313","f5fbec05-1c59-4adc-a04b-4a86bb4b130e","TX_1778167205548_C995ECD6C6EC","ORG_WALLET_1778160273522_42531C1DB4E5","ORG_WALLET_1778160282456_45B023A9122D","ORG_3c6c51517af94cb69ea0a094","ORG_c6ac8dad23ef42638bc72069","42.87","0.04287","42.91287","USD","CONFIRMED","2026-05-07T15:20:05.548Z"
"314","bb19f322-490c-41bc-9cf5-afd1d84808ee","TX_1778167205553_94C0375E1210","ORG_WALLET_1778160277866_C651D9A96A38","ORG_WALLET_1778160275836_D546B4A6AA4D","ORG_c97a5bd146424af892b521b5","ORG_6cca990bda20451bb3b152ba","4.04","0.00404","4.04404","USD","CONFIRMED","2026-05-07T15:20:05.553Z"
"315","da044dd5-d5f6-4782-b41d-e3f2d57f4843","TX_1778167205557_BC3A00175D48","ORG_WALLET_1778160282116_06B29CDD554E","ORG_WALLET_1778160282199_5426CD38E9D1","ORG_4e2887482991445eb836ba60","ORG_f2aa8c43d06346a09f7f1a33","15","0.015","15.015","USD","CONFIRMED","2026-05-07T15:20:05.557Z"
"316","525ac03a-9d73-442c-b1b9-ab7ee2883823","TX_1778167205561_7D3E4F5EB45C","ORG_WALLET_1778160278829_27222539D362","ORG_WALLET_1778160272340_1AE5D72A11D5","ORG_3f069e8026b3411fb09ee1b9","ORG_85680328ba424fdb8c6f80c4","9.15","0.00915","9.15915","USD","CONFIRMED","2026-05-07T15:20:05.561Z"
"317","52d4fc52-02bf-4de9-8fd4-abdbe0db47d1","TX_1778167205566_F0199D5364DC","ORG_WALLET_1778160278746_7064FF0F96E8","WALLET_1778153631813_640BB05C64D8D","ORG_7cd6695ce0d64ff3815c79cb","629571","2.28","0.00228","2.28228","USD","CONFIRMED","2026-05-07T15:20:05.566Z"
"318","ab0367db-6fac-4815-b82a-cf3d0f745dc6","TX_1778167205574_F88579031CC0","ORG_WALLET_1778160271169_01A8D14E09DE","ORG_WALLET_1778160271003_F583CBD68022","ORG_5111da2a38544e5f9ff43bf1","ORG_a73f457b6aeb4420a9d5bd5b","30.39","0.03039","30.42039","USD","CONFIRMED","2026-05-07T15:20:05.574Z"
"319","70a992a2-58fe-4418-a7c1-59f9bd9be58e","TX_1778167205578_0D6D4D40EB27","ORG_WALLET_1778160278300_D29F97057D02","ORG_WALLET_1778160280145_1BD0EB49AB57","ORG_fd7b8664935248b5999f8970","ORG_13ab97a389df4a27bdd054a8","25.12","0.02512","25.14512","USD","CONFIRMED","2026-05-07T15:20:05.578Z"
"320","a58ec098-1cf7-4071-a657-636a4783d24a","TX_1778167205581_80DC8EF4FD5C","ORG_WALLET_1778160271672_EF8D127944C6","ORG_WALLET_1778160277532_B90C63AB1C19","ORG_fe7e985bb291407888115b56","ORG_4fffbe49b22a4f23b2a37682","31.91","0.03191","31.94191","USD","CONFIRMED","2026-05-07T15:20:05.582Z"
"321","c2347c08-4d32-433f-aad8-4e51bdb07c34","TX_1778167205586_7957342EC4F9","ORG_WALLET_1778160275178_6BFE22ABCAE0","ORG_WALLET_1778160280805_22EC8852FE9E","ORG_f8763b870e3945858dab1964","ORG_d3f28c40555a4b4eb89e74ed","6.79","0.00679","6.79679","USD","CONFIRMED","2026-05-07T15:20:05.586Z"
"322","4dc38a86-dfa0-4437-afe5-1a6f77ac8b17","TX_1778167205590_00C15D20F0BD","ORG_WALLET_1778160274516_CEC24B06855F","ORG_WALLET_1778160281672_AC2B16ED3152","ORG_cf3821c41c2a41c7a668fc65","ORG_ca5644b10bba4f4bb4d442cd","18.99","0.01899","19.00899","USD","CONFIRMED","2026-05-07T15:20:05.590Z"
"323","50e5487f-bd2c-4e61-9b4d-b3ae3cd08401","TX_1778167205594_53933E484EDA","ORG_WALLET_1778160279322_2515D0F54F47","ORG_WALLET_1778160280313_BC5103AB96CB","ORG_5d1a9275bc4a4a92b3fa18ae","ORG_383affa12a9d41fba9370e9c","9.12","0.00912","9.12912","USD","CONFIRMED","2026-05-07T15:20:05.594Z"
"324","02d97779-1792-46f1-a9f4-be5d3b79f356","TX_1778167205598_37CA1F23E6FF","ORG_WALLET_1778160269547_3BA2D4A87165","ORG_WALLET_1778160273021_441FA524915E","ORG_08c99def34c34b7a943795e8","ORG_a71d85d229504155adb16888","10.34","0.01034","10.35034","USD","CONFIRMED","2026-05-07T15:20:05.598Z"
"325","034873bf-f424-4d7d-9517-c65ce5846ac7","TX_1778167205602_6DAA8EAA9FBC","WALLET_1778067145106_5F898D69F5F79","ORG_WALLET_1778160276001_05A50D53087F","15","ORG_4f875438f0ae42e8af201d6f","34.92","0.03492","34.95492","USD","CONFIRMED","2026-05-07T15:20:05.603Z"
"326","c08f364c-3462-4d8f-90c1-6428a9322419","TX_1778167205606_9AEE3D496B4D","ORG_WALLET_1778160270578_5F67C563B639","ORG_WALLET_1778160274850_C8FA65D01C69","ORG_577fac19d1184e1da9dc121c","ORG_9334ac8c5d4b490fa13c098f","9.9","0.0099","9.9099","USD","CONFIRMED","2026-05-07T15:20:05.606Z"
"327","7a7d2f78-bc6a-45cc-961f-3c595cc3537c","TX_1778167205610_F9D3BE825F18","WALLET_1778143333918_F039E75D04FE3","ORG_WALLET_1778160274682_5965E6AC8E74","311287","ORG_a6e4e132067d444abfd40382","14.98","0.01498","14.99498","USD","CONFIRMED","2026-05-07T15:20:05.610Z"
"328","a8e84589-db08-4781-b6d4-7c8948725c52","TX_1778167205613_1576ABC11663","WALLET_1778153906827_07651C59B5DEE","ORG_WALLET_1778160269907_D47531E61879","900473","ORG_c3b862b4e7ff4ce4a8bdd56e","39.61","0.03961","39.64961","USD","CONFIRMED","2026-05-07T15:20:05.613Z"
"329","bbf805df-d413-4ff6-877d-84ab7f257088","TX_1778167205617_751B8785C9FB","ORG_WALLET_1778160280723_76881A40B86C","ORG_WALLET_1778160278130_FD9398A28CB7","ORG_ffb1b562e6c24779bc734630","ORG_663382d38d544ef9b9ebb2c7","30.95","0.03095","30.98095","USD","CONFIRMED","2026-05-07T15:20:05.617Z"
"330","8dae4155-c5b9-4e55-876e-d6df22ed8d40","TX_1778167205621_EB02B374DB06","ORG_WALLET_1778160282964_AC07329D4648","ORG_WALLET_1778160274180_D68BEDEE7D6D","ORG_3265ae8f978f4b7d9d6e5fa9","ORG_edd410705d74447cbf477a86","30.59","0.03059","30.62059","USD","CONFIRMED","2026-05-07T15:20:05.621Z"
"331","755aebe0-95e3-41c8-904a-243056c5a10a","TX_1778167205625_3002999A0B36","ORG_WALLET_1778160277780_7B2360B8CA09","ORG_WALLET_1778160273359_C48B3E1ED6E4","ORG_a676d43c972f45ff882825e6","ORG_be93a91b05f04b018a2cc595","39.37","0.03937","39.40937","USD","CONFIRMED","2026-05-07T15:20:05.625Z"
"332","a0c2fe23-245a-4310-bff4-4d0310d44750","TX_1778167205629_609EDE51431B","ORG_WALLET_1778160278912_34CD89FC56F8","ORG_WALLET_1778160276762_EAAF396C2E3C","ORG_ec29df2c50c64390af553958","ORG_dfa5dbd88c9b475bae5822f9","35.79","0.03579","35.82579","USD","CONFIRMED","2026-05-07T15:20:05.629Z"
"333","ceeb0b5f-5dec-40e0-8492-79d01300b61a","TX_1778167205633_0C71703A2105","ORG_WALLET_1778160280478_74B6B9C7E314","ORG_WALLET_1778160282795_9C53EAE8B868","ORG_319431175959410eab0a0351","ORG_5c4beb22cfcd447399663e8d","6.52","0.00652","6.52652","USD","CONFIRMED","2026-05-07T15:20:05.633Z"
"334","5c3be0de-93a2-4878-8c45-c37811c996b4","TX_1778167205637_1FD17230C1EF","ORG_WALLET_1778160269142_CB003D9B2929","ORG_WALLET_1778160270494_527614AD5ED1","ORG_288825f92b7e403785420727","ORG_52501adb75e9456880834763","44.12","0.04412","44.16412","USD","CONFIRMED","2026-05-07T15:20:05.637Z"
"335","59abde72-a810-452b-99d6-f9b0ab2c4fc1","TX_1778167205641_DBB57CC95D3A","ORG_WALLET_1778160278386_D640F5E98EC7","ORG_WALLET_1778160271503_26D7F9F47165","ORG_ab9877b6b83245749a5629bb","ORG_3284baf117844e8289acfa39","38.19","0.03819","38.22819","USD","CONFIRMED","2026-05-07T15:20:05.641Z"
"336","3078c770-6407-4567-8936-fc1569773175","TX_1778167205644_EE214F3141E1","ORG_WALLET_1778160268806_57EC325FBE88","WALLET_1778139950788_F2A29AB7B72B7","ORG_6b079307700d496bb62aa72c","21","17.16","0.01716","17.17716","USD","CONFIRMED","2026-05-07T15:20:05.644Z"
"337","5cef320b-e060-455a-8d66-d444695c2f37","TX_1778167205649_6FA08710101B","ORG_WALLET_1778160273275_19AD91E00789","ORG_WALLET_1778160282372_B62DC72D41CD","ORG_f27a7bac46bf4ceb842fec9d","ORG_390298c5f209426d9b91ea2b","8.05","0.00805","8.05805","USD","CONFIRMED","2026-05-07T15:20:05.649Z"
"338","093f833c-4081-4c46-8ac4-e8143296d4fd","TX_1778167205653_89FAB66018C9","ORG_WALLET_1778160280145_1BD0EB49AB57","ORG_WALLET_1778160282199_5426CD38E9D1","ORG_13ab97a389df4a27bdd054a8","ORG_f2aa8c43d06346a09f7f1a33","17.05","0.01705","17.06705","USD","CONFIRMED","2026-05-07T15:20:05.653Z"
"339","e80ed809-cdb8-4bd6-b3b4-af4bd4881bb5","TX_1778167205657_00EF3479AD51","ORG_WALLET_1778160272427_347735F01EAC","ORG_WALLET_1778160276412_51B6857CB493","ORG_95f1c8263eb9403fa7c10857","ORG_bd5fbb777a224d3a93208bf3","47.22","0.04722","47.26722","USD","CONFIRMED","2026-05-07T15:20:05.657Z"
"340","9fda1236-fb07-42ec-87da-a3da08757cd9","TX_1778167205661_EC2D036C1430","ORG_WALLET_1778160270578_5F67C563B639","ORG_WALLET_1778160274346_C1801622C4F1","ORG_577fac19d1184e1da9dc121c","ORG_eb4457964c8e4d2c85073cbc","20.17","0.02017","20.19017","USD","CONFIRMED","2026-05-07T15:20:05.661Z"
"341","f8abefd7-c2fb-41c0-adfd-6902d7e227ee","TX_1778167205665_D64CD3523DDE","ORG_WALLET_1778160273603_8FD5638257B0","ORG_WALLET_1778160269455_E26051935907","ORG_b209686058a44bbcae11cd83","ORG_631c51145ae141e2a709d288","6.68","0.00668","6.68668","USD","CONFIRMED","2026-05-07T15:20:05.665Z"
"342","7c333f3d-1356-460b-a48c-28efe7db7543","TX_1778167205668_41BA793FFDD8","ORG_WALLET_1778160281313_EE9CB4E26C8C","ORG_WALLET_1778160268893_3F8C90E5DA98","ORG_aa878780244041f0ae807e6b","ORG_a34da9d20f934482ba962b14","4.98","0.00498","4.98498","USD","CONFIRMED","2026-05-07T15:20:05.668Z"
"343","13c801a0-4e1c-4978-9cec-40accb8a9a8d","TX_1778167205673_875D5DC50FFA","ORG_WALLET_1778160281761_D0E2A46DF0CD","ORG_WALLET_1778160269733_0E05DF2FFF93","ORG_7346434746a24847bbb306fe","ORG_8e5e15226c434f6db4c68dfe","36.55","0.03655","36.58655","USD","CONFIRMED","2026-05-07T15:20:05.673Z"
"344","0169f751-f784-4407-b469-076801507a3a","TX_1778167205676_5E6D47565D70","ORG_WALLET_1778160272938_24D08982CD31","ORG_WALLET_1778160279654_8F201F35E72D","ORG_1e01824ab59a4e68ae11f7a3","ORG_429d704d895f4812a19c43e4","5.77","0.00577","5.77577","USD","CONFIRMED","2026-05-07T15:20:05.677Z"
"345","a7545a53-ea0d-4318-afa6-b25a37bf00e3","TX_1778167205681_C041B654304C","ORG_WALLET_1778160279654_8F201F35E72D","ORG_WALLET_1778160278483_35C5D56EB87C","ORG_429d704d895f4812a19c43e4","ORG_324af165c31348f89951e21f","9.71","0.00971","9.71971","USD","CONFIRMED","2026-05-07T15:20:05.681Z"
"346","9fa27a61-cbe4-4bc3-8901-2b97571f15da","TX_1778167205685_E4F09AA8841D","ORG_WALLET_1778160277199_E35225A60825","ORG_WALLET_1778160272597_395AFF437375","ORG_27c30d81ee7a4fb88450f457","ORG_27f72ecdd7eb4a9f89c477ac","45.08","0.04508","45.12508","USD","CONFIRMED","2026-05-07T15:20:05.685Z"
"347","472c7592-c30b-4c51-8e76-cbedd20fcfee","TX_1778167205688_51D040436A64","WALLET_1778146559160_44AE5F5A8DE82","ORG_WALLET_1778160271503_26D7F9F47165","554069","ORG_3284baf117844e8289acfa39","46.74","0.04674","46.78674","USD","CONFIRMED","2026-05-07T15:20:05.688Z"
"348","d584fe6d-56b9-44a3-b4bf-77425b34de55","TX_1778167205692_ED5A1A1003D1","WALLET_1778153695898_3575061710329","ORG_WALLET_1778160278215_9B0E7B324524","693779","ORG_23c3b1e647eb4bf9ae6d36a7","15.93","0.01593","15.94593","USD","CONFIRMED","2026-05-07T15:20:05.692Z"
"349","b20f2309-c43b-4723-bc5f-27882607be7d","TX_1778167205696_4138F309D5FA","ORG_WALLET_1778160275589_C9E67150825E","ORG_WALLET_1778160281313_EE9CB4E26C8C","ORG_63e743b83e9d4500b9679527","ORG_aa878780244041f0ae807e6b","13.08","0.01308","13.09308","USD","CONFIRMED","2026-05-07T15:20:05.696Z"
"350","d9ad8e68-188a-4e74-81d2-fd803cacfdcf","TX_1778167205700_068942510BFC","WALLET_1778153695898_3575061710329","ORG_WALLET_1778160269547_3BA2D4A87165","693779","ORG_08c99def34c34b7a943795e8","3.72","0.00372","3.72372","USD","CONFIRMED","2026-05-07T15:20:05.700Z"
"351","d17bea3a-2990-48a9-989f-394e539c093f","TX_1778167205704_AD303F8E914E","WALLET_1778070501985_A574CF7592927","ORG_WALLET_1778160279159_80BBBFF13FEC","19","ORG_8bc1abe06d03488889664f63","27.83","0.02783","27.85783","USD","CONFIRMED","2026-05-07T15:20:05.704Z"
"352","a1814a32-af55-434e-81ec-0d42b7664723","TX_1778167205708_62F2A03F6BB9","ORG_WALLET_1778160271336_332D39319141","ORG_WALLET_1778160278483_35C5D56EB87C","ORG_aac3beae4c654f7f84f04e44","ORG_324af165c31348f89951e21f","11.85","0.01185","11.86185","USD","CONFIRMED","2026-05-07T15:20:05.708Z"
"353","1216a3f2-b034-4ec8-ab5e-36815c0d8bc1","TX_1778167205711_648A4AD2DD0A","WALLET_1778071441355_6612E1BB0599A","ORG_WALLET_1778160274346_C1801622C4F1","22","ORG_eb4457964c8e4d2c85073cbc","23.13","0.02313","23.15313","USD","CONFIRMED","2026-05-07T15:20:05.711Z"
"354","5a9b423d-f8a0-4069-832c-fcd9fa7b23d2","TX_1778167205714_DC36F0A92708","ORG_WALLET_1778160278215_9B0E7B324524","WALLET_1778067139764_D220C5EF78856","ORG_23c3b1e647eb4bf9ae6d36a7","13","25.73","0.02573","25.75573","USD","CONFIRMED","2026-05-07T15:20:05.714Z"
"355","7feb605a-ced4-45cf-afcb-913838ba228b","TX_1778167205718_D9FB2391EB89","ORG_WALLET_1778160275671_04596EB26676","WALLET_1778067145106_5F898D69F5F79","ORG_cb4afdce1d614e709ea35423","15","4.55","0.00455","4.55455","USD","CONFIRMED","2026-05-07T15:20:05.718Z"
"356","55717556-1d94-4b41-8f23-86ab6e9e0a2c","TX_1778167205721_37E99C4ABDC9","ORG_WALLET_1778160281062_85389B0F8FB2","ORG_WALLET_1778160281940_C938801D48CF","ORG_37f71cc8ea3140579b5187c2","ORG_db20c1255ff54714bcf79451","38.44","0.03844","38.47844","USD","CONFIRMED","2026-05-07T15:20:05.721Z"
"357","ba7da7cd-4972-451b-bae6-a6fa8179b28c","TX_1778167205724_64D7CB9F47E7","ORG_WALLET_1778160282882_721F365A8568","ORG_WALLET_1778160275341_7016E58B21CB","ORG_ca0453f9444845208f60654d","ORG_ba1f38d427344ade8b8000aa","24.03","0.02403","24.05403","USD","CONFIRMED","2026-05-07T15:20:05.724Z"
"358","04119c4f-504a-4295-9e1b-910c2ced566c","TX_1778167205727_5C0C0E98FC0D","ORG_WALLET_1778160271420_10308936FCED","ORG_WALLET_1778160280229_2A2D74805156","ORG_c657f0a890c74ef99b1652bf","ORG_6312f8a7d3254be0a87733a6","37.37","0.03737","37.40737","USD","CONFIRMED","2026-05-07T15:20:05.727Z"
"359","ed768899-9f35-462f-bd8c-c9507b748d20","TX_1778167205731_E6A4511829B6","ORG_WALLET_1778160281146_B8874C5AC610","ORG_WALLET_1778160274098_0A5EF90FB47E","ORG_ae90e61e64ff48a089d9a554","ORG_a73b423c03aa4e7da5788a37","33.48","0.03348","33.51348","USD","CONFIRMED","2026-05-07T15:20:05.731Z"
"360","b4ef17c2-2359-4866-bd7c-964d53468726","TX_1778167205739_8A1418B792EC","ORG_WALLET_1778160282706_E877F04E8A8C","ORG_WALLET_1778160280641_07749B20BDD1","ORG_2de29862c3dc42e7ac2411df","ORG_72acde45a0c54024bfa80e9a","17.81","0.01781","17.82781","USD","CONFIRMED","2026-05-07T15:20:05.739Z"
"361","cbc241d4-67c4-4edf-8d30-241dc5cf8b2e","TX_1778167205743_8A0BA0E16083","ORG_WALLET_1778160281146_B8874C5AC610","WALLET_1778153906827_07651C59B5DEE","ORG_ae90e61e64ff48a089d9a554","900473","14.61","0.01461","14.62461","USD","CONFIRMED","2026-05-07T15:20:05.743Z"
"362","096cc118-1bb6-4f62-85e8-8a715f5570cb","TX_1778167205746_817829BE84AF","ORG_WALLET_1778160274850_C8FA65D01C69","ORG_WALLET_1778160272597_395AFF437375","ORG_9334ac8c5d4b490fa13c098f","ORG_27f72ecdd7eb4a9f89c477ac","31.43","0.03143","31.46143","USD","CONFIRMED","2026-05-07T15:20:05.746Z"
"363","57a98a5d-1448-40d5-98d8-ad9ca0494cd5","TX_1778167205750_86064605963A","WALLET_1778153631813_640BB05C64D8D","ORG_WALLET_1778160271837_0C82F2D95DA1","629571","ORG_b2c0e26bc8e4438380730970","26.64","0.02664","26.66664","USD","CONFIRMED","2026-05-07T15:20:05.750Z"
"364","32665533-8b85-41b1-b735-88d46a8b23e0","TX_1778167205754_B07D001EF1E1","ORG_WALLET_1778160272427_347735F01EAC","ORG_WALLET_1778160273768_A69B0D0A7F28","ORG_95f1c8263eb9403fa7c10857","ORG_8b82065a06c744edb8815cb9","46.07","0.04607","46.11607","USD","CONFIRMED","2026-05-07T15:20:05.754Z"
"365","4f50ee2b-8268-4f84-8cf5-f45915447224","TX_1778167205759_89CD23F3E9D8","ORG_WALLET_1778160275919_BDF031F0A6D4","ORG_WALLET_1778160275097_4BF89DCDF762","ORG_6e9b7fd7d6a84f5d89e1f07a","ORG_0f101297e7a64f86b1cf05c2","49.4","0.0494","49.4494","USD","CONFIRMED","2026-05-07T15:20:05.759Z"
"366","f9570a23-8b52-463e-b377-7e3f3eb7894d","TX_1778167205763_371E791805AD","ORG_WALLET_1778160280889_D1B162DB74C8","ORG_WALLET_1778160273021_441FA524915E","ORG_7e715dea8d62490097b33a3b","ORG_a71d85d229504155adb16888","28.26","0.02826","28.28826","USD","CONFIRMED","2026-05-07T15:20:05.763Z"
"367","17ee345d-8e4d-44c4-91f6-d20bcf4f6070","TX_1778167205767_D5761F821859","WALLET_1778160871693_0EA008B15BECE","ORG_WALLET_1778160271754_0357D97220C1","900478","ORG_25fbaf76c088457a8422b979","49.07","0.04907","49.11907","USD","CONFIRMED","2026-05-07T15:20:05.767Z"
"368","088f24fd-7aea-44ac-9173-267d9e970d73","TX_1778167205771_4330EB19C030","ORG_WALLET_1778160271922_7B17C247593D","ORG_WALLET_1778160269455_E26051935907","ORG_65c1186c01ec473e8828d351","ORG_631c51145ae141e2a709d288","38.73","0.03873","38.76873","USD","CONFIRMED","2026-05-07T15:20:05.771Z"
"369","bee0d998-8a84-4f02-8168-6b55da5b5281","TX_1778167205775_B89EDE6A958E","ORG_WALLET_1778160273850_0D5093565581","ORG_WALLET_1778160279817_5EFE6A9486F3","ORG_33b9e287d79e4e8c9fba6274","ORG_9ba2d7575584423586bec8a3","5.57","0.00557","5.57557","USD","CONFIRMED","2026-05-07T15:20:05.775Z"
"370","25fe6b55-3804-4525-9541-aad370eeb3e7","TX_1778167205781_B3858BF04543","ORG_WALLET_1778160269819_4C4BAD6CD589","ORG_WALLET_1778160275260_2FA5B71E69EF","ORG_bbc3a46f4c964cf397cfedac","ORG_36825afef0744860ab8035f2","32.64","0.03264","32.67264","USD","CONFIRMED","2026-05-07T15:20:05.781Z"
"371","910befa7-17ba-4911-ae26-59e3aac4c84b","TX_1778167205785_1649D9ED730C","ORG_WALLET_1778160270079_0C0EAE39BC93","ORG_WALLET_1778160283128_A2CB665268B0","ORG_fdc6ce67a3af4909bf689efd","ORG_7eb988a91e6c46b0b85aae07","8.63","0.00863","8.63863","USD","CONFIRMED","2026-05-07T15:20:05.785Z"
"372","fee96263-092b-4b38-84ff-6454b27b408e","TX_1778167205789_90C0C08987C6","ORG_WALLET_1778160274850_C8FA65D01C69","ORG_WALLET_1778160283624_66BCB921051C","ORG_9334ac8c5d4b490fa13c098f","ORG_3300234624e04d0cbe0a1413","1.57","0.00157","1.57157","USD","CONFIRMED","2026-05-07T15:20:05.789Z"
"373","1803daf8-393a-41f3-b567-19b2dfea6e6c","TX_1778167205793_6A777C2B043D","ORG_WALLET_1778160282116_06B29CDD554E","ORG_WALLET_1778160280805_22EC8852FE9E","ORG_4e2887482991445eb836ba60","ORG_d3f28c40555a4b4eb89e74ed","35.68","0.03568","35.71568","USD","CONFIRMED","2026-05-07T15:20:05.793Z"
"374","a1821c42-b282-44c6-b65f-2744a53a93ae","TX_1778167205797_D17DB0DD3FCB","ORG_WALLET_1778160269349_7AA905F368B7","ORG_WALLET_1778160276248_B929B3B975EE","ORG_d960392e058d4b21ae6e9131","ORG_10a2a0c34b3b47e3aedbe985","8.32","0.00832","8.32832","USD","CONFIRMED","2026-05-07T15:20:05.797Z"
"375","42e70a3f-76a6-4d5d-992a-ce07796aca3a","TX_1778167205803_1DD0754549DD","WALLET_1778070501985_A574CF7592927","ORG_WALLET_1778160270161_15BA2E79E909","19","ORG_1389028bc1614aaa99dcd487","21.4","0.0214","21.4214","USD","CONFIRMED","2026-05-07T15:20:05.803Z"
"376","608620d9-f32d-4b26-bfc5-8367bca26bc5","TX_1778167205808_86D948226C78","ORG_WALLET_1778160274346_C1801622C4F1","ORG_WALLET_1778160272597_395AFF437375","ORG_eb4457964c8e4d2c85073cbc","ORG_27f72ecdd7eb4a9f89c477ac","36.94","0.03694","36.97694","USD","CONFIRMED","2026-05-07T15:20:05.808Z"
"377","1bf82279-1e92-4a30-8729-0e41b75dd1f0","TX_1778167205813_74666A2D8504","ORG_WALLET_1778160282372_B62DC72D41CD","ORG_WALLET_1778160276762_EAAF396C2E3C","ORG_390298c5f209426d9b91ea2b","ORG_dfa5dbd88c9b475bae5822f9","22.13","0.02213","22.15213","USD","CONFIRMED","2026-05-07T15:20:05.814Z"
"378","55d4b412-ef9c-4716-8f8d-63a4493e79c9","TX_1778167205819_35C0DC1BB0E6","ORG_WALLET_1778160269455_E26051935907","WALLET_1778139950788_F2A29AB7B72B7","ORG_631c51145ae141e2a709d288","21","5.29","0.00529","5.29529","USD","CONFIRMED","2026-05-07T15:20:05.819Z"
"379","ee0aa68a-8fb0-4f54-9e84-d797cac7b299","TX_1778167205824_E8A49104DC88","ORG_WALLET_1778160271336_332D39319141","ORG_WALLET_1778158080621_9D3B20D175BC1","ORG_aac3beae4c654f7f84f04e44","ORG_1d0a64007d7149ba8b5a7aa3","46.6","0.0466","46.6466","USD","CONFIRMED","2026-05-07T15:20:05.824Z"
"380","e85685ab-14aa-486e-9b35-a06255bb2aec","TX_1778167205829_D3B9EA5C2958","ORG_WALLET_1778160280313_BC5103AB96CB","ORG_WALLET_1778160283376_55A249691809","ORG_383affa12a9d41fba9370e9c","ORG_b93dc1ec5bed4bd3ab3f2bae","13.24","0.01324","13.25324","USD","CONFIRMED","2026-05-07T15:20:05.830Z"
"381","7515839c-28b1-4ff2-b671-4b2dfc20a4e0","TX_1778167205834_80743548B303","ORG_WALLET_1778160274766_F1C3DC6076C5","ORG_WALLET_1778160283128_A2CB665268B0","ORG_20a1c457345d4a89afd74ee2","ORG_7eb988a91e6c46b0b85aae07","47.81","0.04781","47.85781","USD","CONFIRMED","2026-05-07T15:20:05.834Z"
"382","ef2cd1df-10cf-4793-99e7-29bbca001633","TX_1778167205838_BC733E03ACAC","ORG_WALLET_1778160273191_9F74EE690DA4","ORG_WALLET_1778160273603_8FD5638257B0","ORG_bfd0a100c1f54521bf3575d3","ORG_b209686058a44bbcae11cd83","34.32","0.03432","34.35432","USD","CONFIRMED","2026-05-07T15:20:05.838Z"
"383","43a26538-dedb-4c67-bf2f-04e3722a8626","TX_1778167205842_7C9E94CFE656","ORG_WALLET_1778160281587_7507D0163D18","ORG_WALLET_1778160279735_472CEB450301","ORG_0130bc4c8a4f483db60b9a07","ORG_6575120899be4b2b93a8295a","38.72","0.03872","38.75872","USD","CONFIRMED","2026-05-07T15:20:05.843Z"
"384","98551d92-b872-4062-9c4c-7842a6e80a42","TX_1778167205847_93148A449D05","ORG_WALLET_1778160272683_71FAC55E21B5","ORG_WALLET_1778160280889_D1B162DB74C8","ORG_e09e5d36254c4580a291d44a","ORG_7e715dea8d62490097b33a3b","30.76","0.03076","30.79076","USD","CONFIRMED","2026-05-07T15:20:05.847Z"
"385","ebda8696-e257-4692-9372-5640a31c891e","TX_1778167205851_92E9554F0311","ORG_WALLET_1778160281852_844849EF2828","ORG_WALLET_1778160280975_445C3B87B0E4","ORG_3fd58db1eff04be0b03a5642","ORG_7afe70881d4b4bf698b08a22","11.7","0.0117","11.7117","USD","CONFIRMED","2026-05-07T15:20:05.851Z"
"386","83e8c287-5a17-4b44-8d83-e8fc0413b40a","TX_1778167205857_7F9130D650C7","WALLET_1778067145106_5F898D69F5F79","ORG_WALLET_1778160270662_8E867A418388","15","ORG_9497e6ea72dd46399b5fce26","22.48","0.02248","22.50248","USD","CONFIRMED","2026-05-07T15:20:05.857Z"
"387","80a452bc-b70a-42a3-bd87-ab3f6808301b","TX_1778167205862_8FB0E20E7AD8","ORG_WALLET_1778160278996_A269C7AD8721","ORG_WALLET_1778160273021_441FA524915E","ORG_1f8d33ab9ab44b54bd42620f","ORG_a71d85d229504155adb16888","41.34","0.04134","41.38134","USD","CONFIRMED","2026-05-07T15:20:05.862Z"
"388","9c15d426-97ef-4bc3-9c11-fcc8a50427c1","TX_1778167205868_3ACF0F6126DC","ORG_WALLET_1778160278656_2AA9E6362FDE","ORG_WALLET_1778160278912_34CD89FC56F8","ORG_8121c92f968d451094666b4d","ORG_ec29df2c50c64390af553958","12.03","0.01203","12.04203","USD","CONFIRMED","2026-05-07T15:20:05.868Z"
"389","120c54d4-c6cd-4ce6-bc58-69dc7415d974","TX_1778167205873_D53940C51E7D","ORG_WALLET_1778160269996_0B5992C7E17C","ORG_WALLET_1778160272683_71FAC55E21B5","ORG_7fecdb9f77414f1e86f310d9","ORG_e09e5d36254c4580a291d44a","7.76","0.00776","7.76776","USD","CONFIRMED","2026-05-07T15:20:05.873Z"
"390","678127a9-b05c-4aeb-b62e-85385f6101ec","TX_1778167205879_72BCFE1E3BB3","ORG_WALLET_1778160277696_1E4BED96895A","ORG_WALLET_1778160274516_CEC24B06855F","ORG_98c417cc5a45471cb8d8400e","ORG_cf3821c41c2a41c7a668fc65","45.45","0.04545","45.49545","USD","CONFIRMED","2026-05-07T15:20:05.879Z"
"391","adf37b69-98a0-462f-b36a-cfe18ef2baaa","TX_1778167205884_FC1CFA574F2D","ORG_WALLET_1778160269547_3BA2D4A87165","ORG_WALLET_1778160277118_C70DF08FF521","ORG_08c99def34c34b7a943795e8","ORG_1ea32c1b16bc4f64adf2679b","18.68","0.01868","18.69868","USD","CONFIRMED","2026-05-07T15:20:05.884Z"
"392","abec588e-eafc-47be-904d-a45dedc49caf","TX_1778167205890_EDFB6208DF03","WALLET_1778153631813_640BB05C64D8D","ORG_WALLET_1778160282795_9C53EAE8B868","629571","ORG_5c4beb22cfcd447399663e8d","19.48","0.01948","19.49948","USD","CONFIRMED","2026-05-07T15:20:05.890Z"
"393","8920e058-f412-4475-b796-7e83d61f79e1","TX_1778167205894_B6677C5B8A7E","ORG_WALLET_1778160280723_76881A40B86C","ORG_WALLET_1778160279159_80BBBFF13FEC","ORG_ffb1b562e6c24779bc734630","ORG_8bc1abe06d03488889664f63","44.91","0.04491","44.95491","USD","CONFIRMED","2026-05-07T15:20:05.894Z"
"394","f9237551-f668-4c87-9f82-152a90326f08","TX_1778167205898_D6F5C6B79E58","ORG_WALLET_1778160269455_E26051935907","ORG_WALLET_1778160272254_7495A0C77CC7","ORG_631c51145ae141e2a709d288","ORG_69dea77248dd439b8f15d0cd","25.77","0.02577","25.79577","USD","CONFIRMED","2026-05-07T15:20:05.898Z"
"395","8ed01973-7ae4-4ec6-ba24-4ee902349913","TX_1778167205902_9965E2C17217","ORG_WALLET_1778160274016_A8FA1F846E1C","ORG_WALLET_1778160277614_15833B79651A","ORG_70fa302ec4944a7aa53832f8","ORG_f7b1a0494b744787b67b76a1","23.58","0.02358","23.60358","USD","CONFIRMED","2026-05-07T15:20:05.902Z"
"396","58fe5c60-edbf-4843-982d-ee6fe16011ef","TX_1778167205906_468C2DE32B69","ORG_WALLET_1778160271754_0357D97220C1","ORG_WALLET_1778160276669_B5FBDAD5E398","ORG_25fbaf76c088457a8422b979","ORG_9e23f808f3544113a4ba0620","41.79","0.04179","41.83179","USD","CONFIRMED","2026-05-07T15:20:05.906Z"
"397","48c6dda8-800e-4614-8875-d890c9424ff9","TX_1778167205910_09D141AAAC1C","ORG_WALLET_1778160280396_28AA8E30C40A","WALLET_1778153906827_07651C59B5DEE","ORG_445bfea799664a1a85c09e39","900473","13.16","0.01316","13.17316","USD","CONFIRMED","2026-05-07T15:20:05.910Z"
"398","11b00326-542e-4cca-8995-bfc62da82a50","TX_1778167205914_536AA208254A","ORG_WALLET_1778160274262_42055E8BD8F4","ORG_WALLET_1778160282795_9C53EAE8B868","ORG_f8f1b069c0684be2875182d8","ORG_5c4beb22cfcd447399663e8d","32.22","0.03222","32.25222","USD","CONFIRMED","2026-05-07T15:20:05.914Z"
"399","0330e4b1-4dbc-4475-9276-5a27f235b80a","TX_1778167205919_5E1ECD1C9EF3","ORG_WALLET_1778160277614_15833B79651A","ORG_WALLET_1778160279817_5EFE6A9486F3","ORG_f7b1a0494b744787b67b76a1","ORG_9ba2d7575584423586bec8a3","31.14","0.03114","31.17114","USD","CONFIRMED","2026-05-07T15:20:05.919Z"
"400","51f00c72-c795-4de1-819d-9f4c1d4c8c09","TX_1778167205923_52525C2E878F","WALLET_1778153631813_640BB05C64D8D","ORG_WALLET_1778160282116_06B29CDD554E","629571","ORG_4e2887482991445eb836ba60","45.78","0.04578","45.82578","USD","CONFIRMED","2026-05-07T15:20:05.923Z"
"401","e1b8742a-6cd5-49c9-a225-a0916e55e2a9","TX_1778167205928_C5B008C10805","ORG_WALLET_1778160271754_0357D97220C1","ORG_WALLET_1778160273441_F81077FBB190","ORG_25fbaf76c088457a8422b979","ORG_63cb10b5b1e5475fbd0d95a0","32.96","0.03296","32.99296","USD","CONFIRMED","2026-05-07T15:20:05.928Z"
"402","cfe25f4e-0600-45fb-a9dd-15505c0bf21e","TX_1778167205933_D4517991989C","ORG_WALLET_1778160272512_224C2AE61622","ORG_WALLET_1778160278300_D29F97057D02","ORG_826d10ed54ab49a0a02481cd","ORG_fd7b8664935248b5999f8970","19.95","0.01995","19.96995","USD","CONFIRMED","2026-05-07T15:20:05.933Z"
"403","ea28f54f-0ca0-4c09-8a87-de349a8a1fb3","TX_1778167205937_4FC46D149E56","ORG_WALLET_1778160277118_C70DF08FF521","ORG_WALLET_1778160272512_224C2AE61622","ORG_1ea32c1b16bc4f64adf2679b","ORG_826d10ed54ab49a0a02481cd","49.32","0.04932","49.36932","USD","CONFIRMED","2026-05-07T15:20:05.937Z"
"404","08a648c3-7940-4eff-bc28-32b64216df72","TX_1778167205941_7B83B0032140","ORG_WALLET_1778160275097_4BF89DCDF762","ORG_WALLET_1778160269239_48CD73B4012D","ORG_0f101297e7a64f86b1cf05c2","ORG_27d97e5a920d445294b83bef","45.61","0.04561","45.65561","USD","CONFIRMED","2026-05-07T15:20:05.941Z"
"405","b1590406-30f9-486a-94d6-99b855197321","TX_1778167205945_994BB7CA3F4F","ORG_WALLET_1778160268893_3F8C90E5DA98","ORG_WALLET_1778160269059_6971AFBA84D6","ORG_a34da9d20f934482ba962b14","ORG_2da30634595b4a878b928a3b","40.47","0.04047","40.51047","USD","CONFIRMED","2026-05-07T15:20:05.945Z"
"406","d5264eba-8b30-4f15-a51e-955f89d59779","TX_1778167205951_7C30546E1F82","ORG_WALLET_1778160272004_218D14D9D927","ORG_WALLET_1778160279405_6EA22C73E2BE","ORG_9e0677e9cdda4332a318f099","ORG_02818d54afb548d3ab4e4a7c","12.21","0.01221","12.22221","USD","CONFIRMED","2026-05-07T15:20:05.951Z"
"407","d3b7a4d9-794a-4a8b-92c8-f0451470ef00","TX_1778167205956_66A90A1304A0","ORG_WALLET_1778160277696_1E4BED96895A","ORG_WALLET_1778160280723_76881A40B86C","ORG_98c417cc5a45471cb8d8400e","ORG_ffb1b562e6c24779bc734630","30.7","0.0307","30.7307","USD","CONFIRMED","2026-05-07T15:20:05.956Z"
"408","18114b6b-9a67-4f9a-aec6-40760d8e485b","TX_1778167205962_658237438269","WALLET_1778146559160_44AE5F5A8DE82","ORG_WALLET_1778160280145_1BD0EB49AB57","554069","ORG_13ab97a389df4a27bdd054a8","47.62","0.04762","47.66762","USD","CONFIRMED","2026-05-07T15:20:05.962Z"
"409","3a534589-8b91-41bc-ad70-cf41a25ffa5d","TX_1778167205968_6B91D0D428A9","ORG_WALLET_1778160273603_8FD5638257B0","ORG_WALLET_1778160271503_26D7F9F47165","ORG_b209686058a44bbcae11cd83","ORG_3284baf117844e8289acfa39","14.21","0.01421","14.22421","USD","CONFIRMED","2026-05-07T15:20:05.968Z"
"410","e498f44f-48ba-4b10-98ec-acabfa7d388e","TX_1778167205973_C1B55C59AFF4","ORG_WALLET_1778160272683_71FAC55E21B5","ORG_WALLET_1778160283294_DD0951E0B2B5","ORG_e09e5d36254c4580a291d44a","ORG_954c8c749d354ee6bf59a4ec","24.12","0.02412","24.14412","USD","CONFIRMED","2026-05-07T15:20:05.973Z"
"411","7ba8b7f3-5fca-448d-9fd6-cb32c6d2b55a","TX_1778167205978_E6E0769F59CE","ORG_WALLET_1778160272254_7495A0C77CC7","ORG_WALLET_1778160279817_5EFE6A9486F3","ORG_69dea77248dd439b8f15d0cd","ORG_9ba2d7575584423586bec8a3","21.56","0.02156","21.58156","USD","CONFIRMED","2026-05-07T15:20:05.978Z"
"412","0f45f802-53d5-453f-b071-74e2cc44ac08","TX_1778167205983_E60E0AEC6549","ORG_WALLET_1778160273021_441FA524915E","ORG_WALLET_1778160272512_224C2AE61622","ORG_a71d85d229504155adb16888","ORG_826d10ed54ab49a0a02481cd","33.33","0.03333","33.36333","USD","CONFIRMED","2026-05-07T15:20:05.983Z"
"413","a16f7db0-e4c2-4345-ac54-3cbb789ddbd7","TX_1778167205988_C489A2B2BE0F","ORG_WALLET_1778160272254_7495A0C77CC7","ORG_WALLET_1778160279654_8F201F35E72D","ORG_69dea77248dd439b8f15d0cd","ORG_429d704d895f4812a19c43e4","31.74","0.03174","31.77174","USD","CONFIRMED","2026-05-07T15:20:05.989Z"
"414","76e18f56-6b86-4820-ae7c-151b350f2a31","TX_1778167205993_B29CC2757379","ORG_WALLET_1778160272512_224C2AE61622","ORG_WALLET_1778160276947_D26E37C2F505","ORG_826d10ed54ab49a0a02481cd","ORG_a9a322e9d1e743aca1161f69","43.84","0.04384","43.88384","USD","CONFIRMED","2026-05-07T15:20:05.993Z"
"415","a9c6567f-deeb-43b6-a01c-28cb45bf1eb9","TX_1778167205999_9C2B29E9BD47","ORG_WALLET_1778160277866_C651D9A96A38","ORG_WALLET_1778160269142_CB003D9B2929","ORG_c97a5bd146424af892b521b5","ORG_288825f92b7e403785420727","2.35","0.00235","2.35235","USD","CONFIRMED","2026-05-07T15:20:05.999Z"
"416","3f07b4f5-be6b-4459-8799-3bdc91b1f252","TX_1778167206004_2950E7E76D30","ORG_WALLET_1778160268893_3F8C90E5DA98","WALLET_1778071441355_6612E1BB0599A","ORG_a34da9d20f934482ba962b14","22","47.6","0.0476","47.6476","USD","CONFIRMED","2026-05-07T15:20:06.004Z"
"417","2e2c839e-905a-41f4-a1b4-13a04052359d","TX_1778167206010_C05A5A480DF1","ORG_WALLET_1778160281940_C938801D48CF","ORG_WALLET_1778160278656_2AA9E6362FDE","ORG_db20c1255ff54714bcf79451","ORG_8121c92f968d451094666b4d","24.32","0.02432","24.34432","USD","CONFIRMED","2026-05-07T15:20:06.010Z"
"418","0009d4fa-2302-4cf4-8f23-576bf4d14476","TX_1778167206014_AF5961B8E9CA","ORG_WALLET_1778160282024_FE7C5E5B3F76","ORG_WALLET_1778160270327_6C4C9C272F9B","ORG_fd61c0ae121b408888561065","ORG_029c24335b3e47f1b1bfb215","31.19","0.03119","31.22119","USD","CONFIRMED","2026-05-07T15:20:06.014Z"
"419","ca243c67-2da9-4b82-9ed6-62a4c89e923d","TX_1778167206020_C9CECBCD321A","ORG_WALLET_1778160277780_7B2360B8CA09","ORG_WALLET_1778160270494_527614AD5ED1","ORG_a676d43c972f45ff882825e6","ORG_52501adb75e9456880834763","7.62","0.00762","7.62762","USD","CONFIRMED","2026-05-07T15:20:06.020Z"
"420","eb9a90d7-6ecd-407f-afaa-66730199dbe8","TX_1778167206025_42BAB9D77181","WALLET_1778067202023_7BFE17ECAE335","ORG_WALLET_1778160283539_F49E60DD73DC","16","ORG_7092abecea7a4c3ea5d476c2","24.87","0.02487","24.89487","USD","CONFIRMED","2026-05-07T15:20:06.025Z"
"421","254c06b1-87f8-4304-afc3-9d34bcdd3ebe","TX_1778167206030_7AFA996B6149","ORG_WALLET_1778160282795_9C53EAE8B868","ORG_WALLET_1778160279735_472CEB450301","ORG_5c4beb22cfcd447399663e8d","ORG_6575120899be4b2b93a8295a","33.14","0.03314","33.17314","USD","CONFIRMED","2026-05-07T15:20:06.030Z"
"422","05ad0975-ca80-4d87-808e-c336ed1bfabe","TX_1778167206034_926EDD7E0A1B","ORG_WALLET_1778160273522_42531C1DB4E5","WALLET_1778072141107_075D86A2D86CE","ORG_3c6c51517af94cb69ea0a094","31","34.69","0.03469","34.72469","USD","CONFIRMED","2026-05-07T15:20:06.035Z"
"423","464d2a6e-f08c-40de-be8d-8bbb197c1853","TX_1778167206039_9B08A4508C1A","ORG_WALLET_1778160273104_AC5499EBB8DB","ORG_WALLET_1778160270494_527614AD5ED1","ORG_90b640dac1aa4692a7678e4e","ORG_52501adb75e9456880834763","45.22","0.04522","45.26522","USD","CONFIRMED","2026-05-07T15:20:06.040Z"
"424","d517c1e9-c47f-4819-b1c7-430b875cd870","TX_1778167206044_8EACFEDC73BB","ORG_WALLET_1778160273275_19AD91E00789","ORG_WALLET_1778160269819_4C4BAD6CD589","ORG_f27a7bac46bf4ceb842fec9d","ORG_bbc3a46f4c964cf397cfedac","35.66","0.03566","35.69566","USD","CONFIRMED","2026-05-07T15:20:06.044Z"
"425","c5d3197c-08cb-43cf-9604-f8ace8e8af3c","TX_1778167206049_C4F862D96D0D","ORG_WALLET_1778160277532_B90C63AB1C19","ORG_WALLET_1778160280641_07749B20BDD1","ORG_4fffbe49b22a4f23b2a37682","ORG_72acde45a0c54024bfa80e9a","32.83","0.03283","32.86283","USD","CONFIRMED","2026-05-07T15:20:06.049Z"
"426","3c2b7992-ced2-4fcf-b767-4ac7551bf984","TX_1778167206056_13A1CBE27203","ORG_WALLET_1778160279405_6EA22C73E2BE","ORG_WALLET_1778160269059_6971AFBA84D6","ORG_02818d54afb548d3ab4e4a7c","ORG_2da30634595b4a878b928a3b","1.85","0.00185","1.85185","USD","CONFIRMED","2026-05-07T15:20:06.056Z"
"427","304fd2de-6163-4285-ae50-7d5783f7741b","TX_1778167206062_6DF17A36A9B8","ORG_WALLET_1778160283539_F49E60DD73DC","ORG_WALLET_1778160279817_5EFE6A9486F3","ORG_7092abecea7a4c3ea5d476c2","ORG_9ba2d7575584423586bec8a3","14.63","0.01463","14.64463","USD","CONFIRMED","2026-05-07T15:20:06.062Z"
"428","d51a3a75-fd3b-46e6-ad28-7cfc4073da8c","TX_1778167206067_0018241EE94A","ORG_WALLET_1778160269907_D47531E61879","ORG_WALLET_1778160271837_0C82F2D95DA1","ORG_c3b862b4e7ff4ce4a8bdd56e","ORG_b2c0e26bc8e4438380730970","21.88","0.02188","21.90188","USD","CONFIRMED","2026-05-07T15:20:06.067Z"
"429","1792b1d9-a13b-4c8e-8a4c-bad67f658267","TX_1778167206072_CFB3E72AC294","ORG_WALLET_1778160277450_8AAEAFBE7345","ORG_WALLET_1778160271837_0C82F2D95DA1","ORG_b603d78d287c474f87488af3","ORG_b2c0e26bc8e4438380730970","18.75","0.01875","18.76875","USD","CONFIRMED","2026-05-07T15:20:06.072Z"
"430","5de89077-9ac0-44f6-9a12-f32ee44e9efa","TX_1778167206076_AB7CDE56F1A8","ORG_WALLET_1778160275423_53316FAFBA7A","ORG_WALLET_1778160278483_35C5D56EB87C","ORG_3e2627c9b50d4224b7ce732a","ORG_324af165c31348f89951e21f","29.15","0.02915","29.17915","USD","CONFIRMED","2026-05-07T15:20:06.076Z"
"431","f089ae60-2bed-4664-9aff-7928bf3bcc07","TX_1778167206081_A216549047A1","ORG_WALLET_1778160275260_2FA5B71E69EF","ORG_WALLET_1778160279817_5EFE6A9486F3","ORG_36825afef0744860ab8035f2","ORG_9ba2d7575584423586bec8a3","10.21","0.01021","10.22021","USD","CONFIRMED","2026-05-07T15:20:06.081Z"
"432","96240ca6-846f-4b3e-8579-009822901a08","TX_1778167206086_3CEF431DA923","ORG_WALLET_1778160270494_527614AD5ED1","ORG_WALLET_1778160280396_28AA8E30C40A","ORG_52501adb75e9456880834763","ORG_445bfea799664a1a85c09e39","46.61","0.04661","46.65661","USD","CONFIRMED","2026-05-07T15:20:06.086Z"
"433","6ca484a2-2433-48c6-a7bb-9fb637a6cb1b","TX_1778167206091_4D26776365B2","ORG_WALLET_1778160270244_8FA5322D5953","ORG_WALLET_1778160274016_A8FA1F846E1C","ORG_2a4b739bfe4b4248b59c8c60","ORG_70fa302ec4944a7aa53832f8","26.17","0.02617","26.19617","USD","CONFIRMED","2026-05-07T15:20:06.091Z"
"434","80dca387-2317-495a-a5ce-fd6a5b28f67d","TX_1778167206098_7D1280DE16BD","ORG_WALLET_1778160274932_22FF89952550","ORG_WALLET_1778160278656_2AA9E6362FDE","ORG_3028e13c98ca4d07a3b5fa43","ORG_8121c92f968d451094666b4d","31.51","0.03151","31.54151","USD","CONFIRMED","2026-05-07T15:20:06.098Z"
"435","04d0caf7-66e7-4a76-9bb9-32ef2aa34f9a","TX_1778167206103_FA20D6389282","WALLET_1778066885551_3953C6C1EF125","ORG_WALLET_1778160273768_A69B0D0A7F28","12","ORG_8b82065a06c744edb8815cb9","31.39","0.03139","31.42139","USD","CONFIRMED","2026-05-07T15:20:06.103Z"
"436","40393f7f-8a05-478f-84bf-532329a502f8","TX_1778167206108_F7BFFC8976D9","ORG_WALLET_1778160278386_D640F5E98EC7","ORG_WALLET_1778160269733_0E05DF2FFF93","ORG_ab9877b6b83245749a5629bb","ORG_8e5e15226c434f6db4c68dfe","4.38","0.00438","4.38438","USD","CONFIRMED","2026-05-07T15:20:06.108Z"
"437","802cbc17-40d2-46e4-bd2a-bc43a8f14d66","TX_1778167206114_8059B97AC3BA","ORG_WALLET_1778160276001_05A50D53087F","ORG_WALLET_1778160274346_C1801622C4F1","ORG_4f875438f0ae42e8af201d6f","ORG_eb4457964c8e4d2c85073cbc","46.91","0.04691","46.95691","USD","CONFIRMED","2026-05-07T15:20:06.114Z"
"438","f456b4a0-b10e-43a9-bb9f-a4593c918cc7","TX_1778167206119_A1008AF86BD6","WALLET_1778158164274_EEBF658010844","ORG_WALLET_1778160280641_07749B20BDD1","900476","ORG_72acde45a0c54024bfa80e9a","20.1","0.0201","20.1201","USD","CONFIRMED","2026-05-07T15:20:06.119Z"
"439","fa6b50b3-ecac-47a6-8a4f-cb28f7d36a55","TX_1778167206125_51EC7AFA53D7","ORG_WALLET_1778160280145_1BD0EB49AB57","ORG_WALLET_1778160273275_19AD91E00789","ORG_13ab97a389df4a27bdd054a8","ORG_f27a7bac46bf4ceb842fec9d","28.61","0.02861","28.63861","USD","CONFIRMED","2026-05-07T15:20:06.125Z"
"440","24ef8c1d-1bb9-4b55-bae8-355deeb787f1","TX_1778167206130_117AB7DEAC52","ORG_WALLET_1778160277281_E7A1D5DF049D","ORG_WALLET_1778160277696_1E4BED96895A","ORG_3dec97d5b52e4315a8dc28ee","ORG_98c417cc5a45471cb8d8400e","27.54","0.02754","27.56754","USD","CONFIRMED","2026-05-07T15:20:06.130Z"
"441","34ee135c-1ecf-40fd-8874-6fe67722117f","TX_1778167206136_251142844AC2","ORG_WALLET_1778160282964_AC07329D4648","ORG_WALLET_1778160275505_F41736F76EA9","ORG_3265ae8f978f4b7d9d6e5fa9","ORG_3e4a83201e5b4f7dbdb74422","14.05","0.01405","14.06405","USD","CONFIRMED","2026-05-07T15:20:06.136Z"
"442","a13148b3-9897-46d5-828c-5d58b0189f1d","TX_1778167206141_4351B1C14782","ORG_WALLET_1778160273441_F81077FBB190","WALLET_1778067145106_5F898D69F5F79","ORG_63cb10b5b1e5475fbd0d95a0","15","10.97","0.01097","10.98097","USD","CONFIRMED","2026-05-07T15:20:06.141Z"
"443","c7ddec86-9402-4961-a19b-e07a623609ff","TX_1778167206145_433B18FC529C","ORG_WALLET_1778160279735_472CEB450301","ORG_WALLET_1778160281672_AC2B16ED3152","ORG_6575120899be4b2b93a8295a","ORG_ca5644b10bba4f4bb4d442cd","4.64","0.00464","4.64464","USD","CONFIRMED","2026-05-07T15:20:06.145Z"
"444","3407de03-e27a-414e-b3cc-3f960c89c715","TX_1778167206150_E9887F9AFD2A","ORG_WALLET_1778160280805_22EC8852FE9E","ORG_WALLET_1778160277036_D88468BE2F0D","ORG_d3f28c40555a4b4eb89e74ed","ORG_602f8a0e45d24e59815b6795","21.4","0.0214","21.4214","USD","CONFIRMED","2026-05-07T15:20:06.150Z"
"445","8305a476-3a0f-4b3c-adac-66aa9a00b70e","TX_1778167206153_0A5662946199","ORG_WALLET_1778160269142_CB003D9B2929","ORG_WALLET_1778158080621_9D3B20D175BC1","ORG_288825f92b7e403785420727","ORG_1d0a64007d7149ba8b5a7aa3","22.26","0.02226","22.28226","USD","CONFIRMED","2026-05-07T15:20:06.154Z"
"446","00daa9a3-f6f9-4c90-a6a9-53ae191f9b54","TX_1778167206160_5F11D4C882F1","ORG_WALLET_1778160270578_5F67C563B639","ORG_WALLET_1778160280559_426B10463347","ORG_577fac19d1184e1da9dc121c","ORG_714136041c8c450e87db5646","39.98","0.03998","40.01998","USD","CONFIRMED","2026-05-07T15:20:06.160Z"
"447","910a2b85-5cc3-4fd4-8bdb-4d52d012c64e","TX_1778167206165_559412789BC7","ORG_WALLET_1778160272855_D00C90A0E963","ORG_WALLET_1778160282882_721F365A8568","ORG_bae3ca8533f14130b6d9ed30","ORG_ca0453f9444845208f60654d","19.46","0.01946","19.47946","USD","CONFIRMED","2026-05-07T15:20:06.165Z"
"448","feca690c-66fe-4495-8705-d5d38b92ca9c","TX_1778167206170_8E76B6A46A28","ORG_WALLET_1778160269907_D47531E61879","ORG_WALLET_1778160279654_8F201F35E72D","ORG_c3b862b4e7ff4ce4a8bdd56e","ORG_429d704d895f4812a19c43e4","47.57","0.04757","47.61757","USD","CONFIRMED","2026-05-07T15:20:06.170Z"
"449","ae5430cd-e798-435d-bfc2-aea9e3a6ec17","TX_1778167206175_20419F50311B","ORG_WALLET_1778160280975_445C3B87B0E4","ORG_WALLET_1778160275589_C9E67150825E","ORG_7afe70881d4b4bf698b08a22","ORG_63e743b83e9d4500b9679527","20.23","0.02023","20.25023","USD","CONFIRMED","2026-05-07T15:20:06.175Z"
"450","ea922b40-a8b3-4175-8037-1c9058eaeac1","TX_1778167206181_8A73B1282E9A","ORG_WALLET_1778160275423_53316FAFBA7A","ORG_WALLET_1778160281587_7507D0163D18","ORG_3e2627c9b50d4224b7ce732a","ORG_0130bc4c8a4f483db60b9a07","12.91","0.01291","12.92291","USD","CONFIRMED","2026-05-07T15:20:06.181Z"
"451","7425162c-1a4e-4549-a0be-e06a2bb4210c","TX_1778167206185_FCDB4F63EFDF","ORG_WALLET_1778160282199_5426CD38E9D1","ORG_WALLET_1778160277036_D88468BE2F0D","ORG_f2aa8c43d06346a09f7f1a33","ORG_602f8a0e45d24e59815b6795","44.72","0.04472","44.76472","USD","CONFIRMED","2026-05-07T15:20:06.185Z"
"452","c66961f2-8235-45b8-9d0e-87523181314e","TX_1778167206189_32F7C8D61D49","ORG_WALLET_1778160269059_6971AFBA84D6","ORG_WALLET_1778160271086_EEFE4F412D2E","ORG_2da30634595b4a878b928a3b","ORG_21f9c483dfae4315b138bac7","21.56","0.02156","21.58156","USD","CONFIRMED","2026-05-07T15:20:06.189Z"
"453","494ee5f0-67f9-4423-a2b2-7ca7248b9c44","TX_1778167206193_B86A2B9231E8","WALLET_1778153631813_640BB05C64D8D","ORG_WALLET_1778160273021_441FA524915E","629571","ORG_a71d85d229504155adb16888","7.61","0.00761","7.61761","USD","CONFIRMED","2026-05-07T15:20:06.193Z"
"454","d5642076-1318-4cf0-9a79-d6042d16065c","TX_1778167206197_BC266FA0C503","ORG_WALLET_1778160269455_E26051935907","WALLET_1778154970895_D82B934E18EF1","ORG_631c51145ae141e2a709d288","900475","40.06","0.04006","40.10006","USD","CONFIRMED","2026-05-07T15:20:06.197Z"
"455","41c81f12-b068-4bbe-9e5a-22ddf9874c22","TX_1778167206200_5861B6D286DA","ORG_WALLET_1778160272427_347735F01EAC","ORG_WALLET_1778160279078_A5374ADC2320","ORG_95f1c8263eb9403fa7c10857","ORG_c4b9ddb3c679416b903f4368","30.42","0.03042","30.45042","USD","CONFIRMED","2026-05-07T15:20:06.200Z"
"456","a32ec427-a3d5-4449-8416-007f3cbf3369","TX_1778167206204_50B10D4CC4F9","ORG_WALLET_1778160279322_2515D0F54F47","ORG_WALLET_1778160272171_3E1E9FC7005B","ORG_5d1a9275bc4a4a92b3fa18ae","ORG_cf345c7615cd49f19d54be4b","41.22","0.04122","41.26122","USD","CONFIRMED","2026-05-07T15:20:06.204Z"
"457","6b1c1798-cd49-4f54-af92-5a8fbc709159","TX_1778167206207_23C484AF96D1","ORG_WALLET_1778160281228_62BF0507BF95","ORG_WALLET_1778160273686_674A3BB67D22","ORG_875af1ba8fb94bc4b83fad9f","ORG_938d73070d6540978566cca4","27.93","0.02793","27.95793","USD","CONFIRMED","2026-05-07T15:20:06.207Z"
"458","eb4fad38-c594-48e6-99c2-fdc6e0e5558a","TX_1778167206211_43C68D8F3FAD","ORG_WALLET_1778160280723_76881A40B86C","ORG_WALLET_1778160271672_EF8D127944C6","ORG_ffb1b562e6c24779bc734630","ORG_fe7e985bb291407888115b56","36.02","0.03602","36.05602","USD","CONFIRMED","2026-05-07T15:20:06.211Z"
"459","e2985c33-639a-42ad-8ce4-c30fb28e7427","TX_1778167206215_4954256ABC7D","ORG_WALLET_1778160276166_F5F14DB4910B","ORG_WALLET_1778160279487_4104A58B1146","ORG_85042eae537c4c1cb51c1e84","ORG_c15b8bf2293b4ea39f843947","18.56","0.01856","18.57856","USD","CONFIRMED","2026-05-07T15:20:06.215Z"
"460","cb3a9ceb-b5d4-4b05-9cf5-a9422cf2b02b","TX_1778167206219_8E6AD1C788AC","ORG_WALLET_1778160270828_FCD6A452F375","ORG_WALLET_1778160283128_A2CB665268B0","ORG_6a112b620a3b4d9db1c1b50d","ORG_7eb988a91e6c46b0b85aae07","42.92","0.04292","42.96292","USD","CONFIRMED","2026-05-07T15:20:06.219Z"
"461","e1b95f6c-4a96-4999-80ca-ea4f1f7b23fb","TX_1778167206223_446A382CCEBB","ORG_WALLET_1778160281062_85389B0F8FB2","ORG_WALLET_1778160279487_4104A58B1146","ORG_37f71cc8ea3140579b5187c2","ORG_c15b8bf2293b4ea39f843947","39.72","0.03972","39.75972","USD","CONFIRMED","2026-05-07T15:20:06.223Z"
"462","f134daf6-1a69-4036-9393-8bdcec2eb36d","TX_1778167206228_DA6AF0A0EB79","ORG_WALLET_1778160269642_AC616EC444B0","ORG_WALLET_1778160277780_7B2360B8CA09","ORG_1adb610aa37047cc88784c1b","ORG_a676d43c972f45ff882825e6","43.29","0.04329","43.33329","USD","CONFIRMED","2026-05-07T15:20:06.228Z"
"463","3b71452c-4d95-4e5c-98af-9bdbcef97436","TX_1778167206231_26AC779661A0","ORG_WALLET_1778160277532_B90C63AB1C19","ORG_WALLET_1778160280478_74B6B9C7E314","ORG_4fffbe49b22a4f23b2a37682","ORG_319431175959410eab0a0351","1.51","0.00151","1.51151","USD","CONFIRMED","2026-05-07T15:20:06.231Z"
"464","a867e569-7c0c-40d8-b0e5-93631146a711","TX_1778167206235_74A59607E0F2","ORG_WALLET_1778160273522_42531C1DB4E5","ORG_WALLET_1778160279735_472CEB450301","ORG_3c6c51517af94cb69ea0a094","ORG_6575120899be4b2b93a8295a","10.45","0.01045","10.46045","USD","CONFIRMED","2026-05-07T15:20:06.235Z"
"465","544a0594-0e63-4c3b-a497-e892025fc0a2","TX_1778167206240_C26BC4870F23","ORG_WALLET_1778160273522_42531C1DB4E5","ORG_WALLET_1778160271086_EEFE4F412D2E","ORG_3c6c51517af94cb69ea0a094","ORG_21f9c483dfae4315b138bac7","16.6","0.0166","16.6166","USD","CONFIRMED","2026-05-07T15:20:06.240Z"
"466","e13ef3d9-4650-4fa9-9f04-1c695fe60f5a","TX_1778167206243_3DF9020165A6","ORG_WALLET_1778160270161_15BA2E79E909","ORG_WALLET_1778160279735_472CEB450301","ORG_1389028bc1614aaa99dcd487","ORG_6575120899be4b2b93a8295a","24.23","0.02423","24.25423","USD","CONFIRMED","2026-05-07T15:20:06.243Z"
"467","1a0a7dba-c8c7-4330-945a-9ce43dbb4e10","TX_1778167206247_ABEE0983DB39","ORG_WALLET_1778160281062_85389B0F8FB2","ORG_WALLET_1778160269642_AC616EC444B0","ORG_37f71cc8ea3140579b5187c2","ORG_1adb610aa37047cc88784c1b","17.23","0.01723","17.24723","USD","CONFIRMED","2026-05-07T15:20:06.247Z"
"468","42468d73-9e78-4cb1-b6b9-96f32a8a7f37","TX_1778167206251_8CF096E72961","ORG_WALLET_1778160277532_B90C63AB1C19","ORG_WALLET_1778160282284_EC6234CEFA04","ORG_4fffbe49b22a4f23b2a37682","ORG_5b9400e661504c4f968243c0","31.82","0.03182","31.85182","USD","CONFIRMED","2026-05-07T15:20:06.251Z"
"469","8c244e50-a1c4-49c4-a7ba-819b7d0fb5d5","TX_1778167206256_1F8629F71552","ORG_WALLET_1778160281587_7507D0163D18","ORG_WALLET_1778160283706_5010AC071A4D","ORG_0130bc4c8a4f483db60b9a07","ORG_0562df46bdb2435a9dbe31ce","19.91","0.01991","19.92991","USD","CONFIRMED","2026-05-07T15:20:06.256Z"
"470","f7194c0f-3230-4133-9d5a-7e264eab135d","TX_1778167206260_4E816BBAB8C5","ORG_WALLET_1778160275919_BDF031F0A6D4","ORG_WALLET_1778160274016_A8FA1F846E1C","ORG_6e9b7fd7d6a84f5d89e1f07a","ORG_70fa302ec4944a7aa53832f8","34.04","0.03404","34.07404","USD","CONFIRMED","2026-05-07T15:20:06.260Z"
"471","6ef9d2d5-b182-43fe-a741-b5a9fa3ae6d2","TX_1778167206265_DBC68D2C5CEA","ORG_WALLET_1778160279241_D1D6C1B2EAAB","ORG_WALLET_1778160281399_E2C38644A950","ORG_a86f8c15d8ce4214ae8d4b54","ORG_b11bbcf3ec4b4e0680428a05","12.26","0.01226","12.27226","USD","CONFIRMED","2026-05-07T15:20:06.265Z"
"472","41dcad16-745a-4873-b8bc-d2869171af39","TX_1778167206270_3BDEC38C3F2B","ORG_WALLET_1778160273850_0D5093565581","ORG_WALLET_1778160272171_3E1E9FC7005B","ORG_33b9e287d79e4e8c9fba6274","ORG_cf345c7615cd49f19d54be4b","49.82","0.04982","49.86982","USD","CONFIRMED","2026-05-07T15:20:06.270Z"
"473","40328393-ab94-432d-964f-10892f540530","TX_1778167206275_72EDDE9BF3F1","ORG_WALLET_1778160282284_EC6234CEFA04","ORG_WALLET_1778160270079_0C0EAE39BC93","ORG_5b9400e661504c4f968243c0","ORG_fdc6ce67a3af4909bf689efd","46.42","0.04642","46.46642","USD","CONFIRMED","2026-05-07T15:20:06.275Z"
"474","b019b631-1730-408a-9a18-b63e35113210","TX_1778167206280_21046139B1F5","ORG_WALLET_1778160274429_B7A0D258D0C2","ORG_WALLET_1778160278570_DC0BF9503FE1","ORG_ee8a6761bdfa493095c2f4d2","ORG_0491778a7f0d4b3396e7c742","5.63","0.00563","5.63563","USD","CONFIRMED","2026-05-07T15:20:06.281Z"
"475","510bafe0-b07a-4a5a-8eb9-7745bbb25fb4","TX_1778167206285_9B64F4D91BB6","ORG_WALLET_1778160279487_4104A58B1146","ORG_WALLET_1778160281761_D0E2A46DF0CD","ORG_c15b8bf2293b4ea39f843947","ORG_7346434746a24847bbb306fe","38.69","0.03869","38.72869","USD","CONFIRMED","2026-05-07T15:20:06.286Z"
"476","490d6f01-5bc3-4376-afc2-1be20b3c89b9","TX_1778167206289_E22E398A11E7","WALLET_1778160871693_0EA008B15BECE","ORG_WALLET_1778160270494_527614AD5ED1","900478","ORG_52501adb75e9456880834763","14.73","0.01473","14.74473","USD","CONFIRMED","2026-05-07T15:20:06.290Z"
"477","68c5f3c9-c47a-447e-9592-2385d9999926","TX_1778167206295_23DC9D321B8F","ORG_WALLET_1778160273603_8FD5638257B0","ORG_WALLET_1778160276854_01DB22D26B59","ORG_b209686058a44bbcae11cd83","ORG_96abde570dc346cb8fa1c4f8","31.27","0.03127","31.30127","USD","CONFIRMED","2026-05-07T15:20:06.295Z"
"478","47a587aa-c69b-4e31-a51d-70398e176f9b","TX_1778167206299_D39F36A36AB5","ORG_WALLET_1778160270161_15BA2E79E909","ORG_WALLET_1778160280145_1BD0EB49AB57","ORG_1389028bc1614aaa99dcd487","ORG_13ab97a389df4a27bdd054a8","7.14","0.00714","7.14714","USD","CONFIRMED","2026-05-07T15:20:06.299Z"
"479","f6bc4fdf-e16b-4fa7-a035-4c6e4449a558","TX_1778167206304_88F79C5CA94F","ORG_WALLET_1778160275919_BDF031F0A6D4","ORG_WALLET_1778160276001_05A50D53087F","ORG_6e9b7fd7d6a84f5d89e1f07a","ORG_4f875438f0ae42e8af201d6f","31.09","0.03109","31.12109","USD","CONFIRMED","2026-05-07T15:20:06.305Z"
"480","34a16eb1-a7b1-46dd-850d-79586e449701","TX_1778167206309_48B16E93BDCC","ORG_WALLET_1778160276762_EAAF396C2E3C","ORG_WALLET_1778160269547_3BA2D4A87165","ORG_dfa5dbd88c9b475bae5822f9","ORG_08c99def34c34b7a943795e8","1.65","0.00165","1.65165","USD","CONFIRMED","2026-05-07T15:20:06.309Z"
"481","8dcd96fa-516d-4114-a933-8ccaca83cd69","TX_1778167206315_7E0E52FC4D8D","ORG_WALLET_1778160272855_D00C90A0E963","ORG_WALLET_1778160281761_D0E2A46DF0CD","ORG_bae3ca8533f14130b6d9ed30","ORG_7346434746a24847bbb306fe","24.28","0.02428","24.30428","USD","CONFIRMED","2026-05-07T15:20:06.315Z"
"482","278aeddc-fa58-4dd1-b0e9-bdf8ff7a00ee","TX_1778167206319_E2BAEF383970","WALLET_1778160871693_0EA008B15BECE","ORG_WALLET_1778160272597_395AFF437375","900478","ORG_27f72ecdd7eb4a9f89c477ac","25.54","0.02554","25.56554","USD","CONFIRMED","2026-05-07T15:20:06.320Z"
"483","f397dc65-0658-49f4-85fc-7e719816f759","TX_1778167206325_75C8938FEC20","WALLET_1778067488069_3704C026E691","ORG_WALLET_1778160282964_AC07329D4648","17","ORG_3265ae8f978f4b7d9d6e5fa9","25.19","0.02519","25.21519","USD","CONFIRMED","2026-05-07T15:20:06.325Z"
"484","17e79268-611d-49a9-aedc-ac53029e5f84","TX_1778167206331_C0FD174CBC06","ORG_WALLET_1778160278130_FD9398A28CB7","ORG_WALLET_1778160277696_1E4BED96895A","ORG_663382d38d544ef9b9ebb2c7","ORG_98c417cc5a45471cb8d8400e","44.82","0.04482","44.86482","USD","CONFIRMED","2026-05-07T15:20:06.331Z"
"485","b8e09609-05a6-4c86-97ba-f728b5916b18","TX_1778167206336_791DDE6C7E84","ORG_WALLET_1778160273850_0D5093565581","ORG_WALLET_1778160270662_8E867A418388","ORG_33b9e287d79e4e8c9fba6274","ORG_9497e6ea72dd46399b5fce26","15.84","0.01584","15.85584","USD","CONFIRMED","2026-05-07T15:20:06.336Z"
"486","8300e94f-9ea2-4aa8-b05e-842c350758e3","TX_1778167206341_C70B0E69DD9E","ORG_WALLET_1778160276166_F5F14DB4910B","ORG_WALLET_1778160282372_B62DC72D41CD","ORG_85042eae537c4c1cb51c1e84","ORG_390298c5f209426d9b91ea2b","33.68","0.03368","33.71368","USD","CONFIRMED","2026-05-07T15:20:06.341Z"
"487","523ae583-74d0-41b3-8507-adc179ed82bf","TX_1778167206347_35BA7F855CC4","ORG_WALLET_1778160271754_0357D97220C1","ORG_WALLET_1778160274599_128BAE8501ED","ORG_25fbaf76c088457a8422b979","ORG_5d7ccd0921bf4a349d193ef4","21.45","0.02145","21.47145","USD","CONFIRMED","2026-05-07T15:20:06.347Z"
"488","63572035-f95d-4252-897b-8069db7390d8","TX_1778167206353_07E68A61FF6E","ORG_WALLET_1778160277199_E35225A60825","WALLET_1778066885551_3953C6C1EF125","ORG_27c30d81ee7a4fb88450f457","12","43.09","0.04309","43.13309","USD","CONFIRMED","2026-05-07T15:20:06.353Z"
"489","6ac8c575-e9b7-4db1-b7ee-71b196e19ae7","TX_1778167206358_13B9536F8493","ORG_WALLET_1778160272597_395AFF437375","ORG_WALLET_1778160273021_441FA524915E","ORG_27f72ecdd7eb4a9f89c477ac","ORG_a71d85d229504155adb16888","4.74","0.00474","4.74474","USD","CONFIRMED","2026-05-07T15:20:06.359Z"
"490","031c600e-f0f4-477d-810f-e1526230ce55","TX_1778167206364_E32BEA683BDC","ORG_WALLET_1778160271672_EF8D127944C6","ORG_WALLET_1778160276576_57F1AE36B2AC","ORG_fe7e985bb291407888115b56","ORG_bebd64d6740044d1bb3a41b9","22.39","0.02239","22.41239","USD","CONFIRMED","2026-05-07T15:20:06.364Z"
"491","5bb274ee-5374-49f6-8499-66b03d8efbeb","TX_1778167206369_C7E0CBBEEB51","ORG_WALLET_1778160279654_8F201F35E72D","ORG_WALLET_1778160278829_27222539D362","ORG_429d704d895f4812a19c43e4","ORG_3f069e8026b3411fb09ee1b9","44.22","0.04422","44.26422","USD","CONFIRMED","2026-05-07T15:20:06.369Z"
"492","0e9e8e68-3dbd-429d-890d-d75fcbf48e08","TX_1778167206375_A12A13DDF3DF","ORG_WALLET_1778160277036_D88468BE2F0D","ORG_WALLET_1778160275753_082C4EAF7EAE","ORG_602f8a0e45d24e59815b6795","ORG_adf8170288c4481488d92098","43.29","0.04329","43.33329","USD","CONFIRMED","2026-05-07T15:20:06.375Z"
"493","0d73701a-950b-47b2-bab2-5deca670a671","TX_1778167206380_E1B58140683D","ORG_WALLET_1778160276854_01DB22D26B59","ORG_WALLET_1778160273021_441FA524915E","ORG_96abde570dc346cb8fa1c4f8","ORG_a71d85d229504155adb16888","13.45","0.01345","13.46345","USD","CONFIRMED","2026-05-07T15:20:06.380Z"
"494","256f5e7d-fedf-4572-8fbe-b16db706ebde","TX_1778167206383_276A534C5227","ORG_WALLET_1778160276669_B5FBDAD5E398","ORG_WALLET_1778160269819_4C4BAD6CD589","ORG_9e23f808f3544113a4ba0620","ORG_bbc3a46f4c964cf397cfedac","38.51","0.03851","38.54851","USD","CONFIRMED","2026-05-07T15:20:06.383Z"
"495","cd39ae9f-3d20-4c1c-b733-da574e2fb854","TX_1778167206387_5BE7339AF9FE","ORG_WALLET_1778160278570_DC0BF9503FE1","ORG_WALLET_1778160271588_5AEBB5495957","ORG_0491778a7f0d4b3396e7c742","ORG_ecce5b9c9b2d4c3aaf74df2b","33.08","0.03308","33.11308","USD","CONFIRMED","2026-05-07T15:20:06.387Z"
"496","7a2a57f8-06fb-4bc9-a1e5-fcd903d8feed","TX_1778167206391_839C470DADC2","ORG_WALLET_1778160271922_7B17C247593D","ORG_WALLET_1778160276412_51B6857CB493","ORG_65c1186c01ec473e8828d351","ORG_bd5fbb777a224d3a93208bf3","36.02","0.03602","36.05602","USD","CONFIRMED","2026-05-07T15:20:06.391Z"
"497","3b3aa30c-a6bf-4cae-a7f9-ea3889602089","TX_1778167206395_63EE3D425707","ORG_WALLET_1778160280063_AAF51069402B","ORG_WALLET_1778160279982_912AFF7751A5","ORG_9ebccad56d8746aba1f28a74","ORG_0516915df7d441f2b287f550","31.66","0.03166","31.69166","USD","CONFIRMED","2026-05-07T15:20:06.396Z"
"498","6bdb9647-41bc-49c3-ae55-299e988d18b2","TX_1778167206400_5199906811D6","ORG_WALLET_1778160271922_7B17C247593D","ORG_WALLET_1778160275671_04596EB26676","ORG_65c1186c01ec473e8828d351","ORG_cb4afdce1d614e709ea35423","27.87","0.02787","27.89787","USD","CONFIRMED","2026-05-07T15:20:06.400Z"
"499","f872224f-c193-4d84-bf83-3026653d9c4b","TX_1778167206404_B420B187D45B","ORG_WALLET_1778160278746_7064FF0F96E8","ORG_WALLET_1778160275178_6BFE22ABCAE0","ORG_7cd6695ce0d64ff3815c79cb","ORG_f8763b870e3945858dab1964","42.93","0.04293","42.97293","USD","CONFIRMED","2026-05-07T15:20:06.404Z"
"500","0da54493-01ec-4546-86fd-94876646b522","TX_1778167206407_3265FBC724A1","ORG_WALLET_1778160271003_F583CBD68022","ORG_WALLET_1778160272855_D00C90A0E963","ORG_a73f457b6aeb4420a9d5bd5b","ORG_bae3ca8533f14130b6d9ed30","2.38","0.00238","2.38238","USD","CONFIRMED","2026-05-07T15:20:06.407Z"
"501","a76bd6f6-5f55-4083-ba4e-888077917fc6","TX_1778167206411_36FE3EA5A041","ORG_WALLET_1778160276084_319BD1098BC9","ORG_WALLET_1778160280063_AAF51069402B","ORG_91c22bc167784571b4372d04","ORG_9ebccad56d8746aba1f28a74","11.29","0.01129","11.30129","USD","CONFIRMED","2026-05-07T15:20:06.412Z"
"502","5817beae-4bdd-41be-ac8d-5ea7b6f65d6d","TX_1778167206416_2BDBAEB3EED2","ORG_WALLET_1778160276248_B929B3B975EE","ORG_WALLET_1778160276494_506DC7CD27D4","ORG_10a2a0c34b3b47e3aedbe985","ORG_03290d8bceec4c578406b6ff","28.12","0.02812","28.14812","USD","CONFIRMED","2026-05-07T15:20:06.416Z"
"503","3387611b-4b5d-45c4-985c-946bfcc5514b","TX_1778167206419_BF33DEB8D112","ORG_WALLET_1778160274766_F1C3DC6076C5","ORG_WALLET_1778160269239_48CD73B4012D","ORG_20a1c457345d4a89afd74ee2","ORG_27d97e5a920d445294b83bef","24.8","0.0248","24.8248","USD","CONFIRMED","2026-05-07T15:20:06.419Z"
"504","1b7b52ed-f317-4167-9d46-99ae2e029555","TX_1778167206423_324C5EA95D87","ORG_WALLET_1778160279982_912AFF7751A5","ORG_WALLET_1778160271252_67D918BA6E84","ORG_0516915df7d441f2b287f550","ORG_f6d121503eec494299f9bf40","13.32","0.01332","13.33332","USD","CONFIRMED","2026-05-07T15:20:06.423Z"
"505","c7a16f7b-ed99-4ee0-aa46-7d12c1832e6e","TX_1778167206427_251770B01215","ORG_WALLET_1778160271672_EF8D127944C6","ORG_WALLET_1778160278912_34CD89FC56F8","ORG_fe7e985bb291407888115b56","ORG_ec29df2c50c64390af553958","12.78","0.01278","12.79278","USD","CONFIRMED","2026-05-07T15:20:06.427Z"
"506","0669abba-a26f-4ea7-847c-f4d30db6e1b5","TX_1778167206431_C2BA26963201","WALLET_1778153695898_3575061710329","ORG_WALLET_1778160275671_04596EB26676","693779","ORG_cb4afdce1d614e709ea35423","16.29","0.01629","16.30629","USD","CONFIRMED","2026-05-07T15:20:06.431Z"
"507","3f69bce4-ed36-4870-9481-d5833122b43a","TX_1778167206435_A98C9AF05568","ORG_WALLET_1778160274516_CEC24B06855F","ORG_WALLET_1778160275260_2FA5B71E69EF","ORG_cf3821c41c2a41c7a668fc65","ORG_36825afef0744860ab8035f2","34.17","0.03417","34.20417","USD","CONFIRMED","2026-05-07T15:20:06.435Z"
"508","28c96c6c-bc12-489a-bfcb-fdf55f42baa5","TX_1778167206440_67D9359D90C0","ORG_WALLET_1778160280889_D1B162DB74C8","ORG_WALLET_1778160274766_F1C3DC6076C5","ORG_7e715dea8d62490097b33a3b","ORG_20a1c457345d4a89afd74ee2","27.36","0.02736","27.38736","USD","CONFIRMED","2026-05-07T15:20:06.440Z"
"509","a684b2e1-d201-4adc-aa08-2bd28ae4bdae","TX_1778167206444_0BB4F06CA349","ORG_WALLET_1778160275260_2FA5B71E69EF","WALLET_1778066536214_1CCF535AA5CB2","ORG_36825afef0744860ab8035f2","11","1.89","0.00189","1.89189","USD","CONFIRMED","2026-05-07T15:20:06.444Z"
"510","c5c3b529-0e1f-4b10-b12a-d107136dce9a","TX_1778167206448_AD1E4FA3591B","ORG_WALLET_1778160280889_D1B162DB74C8","WALLET_1778160871693_0EA008B15BECE","ORG_7e715dea8d62490097b33a3b","900478","30.87","0.03087","30.90087","USD","CONFIRMED","2026-05-07T15:20:06.448Z"
"511","25254a63-ebbd-41a8-becc-bb21c6b5e050","TX_1778167206452_7434269E979E","ORG_WALLET_1778160277866_C651D9A96A38","ORG_WALLET_1778160278746_7064FF0F96E8","ORG_c97a5bd146424af892b521b5","ORG_7cd6695ce0d64ff3815c79cb","48.21","0.04821","48.25821","USD","CONFIRMED","2026-05-07T15:20:06.452Z"
"512","5b62733f-211f-49b6-994c-6892f5e7d1da","TX_1778167206456_6210E4B85E8A","ORG_WALLET_1778160280313_BC5103AB96CB","ORG_WALLET_1778160272087_2324BE187015","ORG_383affa12a9d41fba9370e9c","ORG_1947e9ee30de4becb2794d04","37.67","0.03767","37.70767","USD","CONFIRMED","2026-05-07T15:20:06.456Z"
"513","72899f0f-fc47-4141-ba34-5f8671e6937d","TX_1778167206460_BE9BA902C142","ORG_WALLET_1778160269733_0E05DF2FFF93","ORG_WALLET_1778160280063_AAF51069402B","ORG_8e5e15226c434f6db4c68dfe","ORG_9ebccad56d8746aba1f28a74","20.13","0.02013","20.15013","USD","CONFIRMED","2026-05-07T15:20:06.460Z"
"514","ac1f0721-01d5-4b24-8636-715f54371551","TX_1778167206465_944D899996E9","ORG_WALLET_1778160281146_B8874C5AC610","ORG_WALLET_1778160271086_EEFE4F412D2E","ORG_ae90e61e64ff48a089d9a554","ORG_21f9c483dfae4315b138bac7","18.94","0.01894","18.95894","USD","CONFIRMED","2026-05-07T15:20:06.465Z"
"515","7e692272-768e-4ff0-8a21-506e0a978f71","TX_1778167206469_C6760EEDAD1F","ORG_WALLET_1778160269059_6971AFBA84D6","WALLET_1778067202023_7BFE17ECAE335","ORG_2da30634595b4a878b928a3b","16","11.79","0.01179","11.80179","USD","CONFIRMED","2026-05-07T15:20:06.470Z"
"516","643270d9-586e-45a1-bfb0-b0bdd4520d80","TX_1778167206474_605C5667E65C","WALLET_1778072141107_075D86A2D86CE","WALLET_1778153906827_07651C59B5DEE","31","900473","44.77","0.04477","44.81477","USD","CONFIRMED","2026-05-07T15:20:06.474Z"
"517","0741b11e-e34b-45c8-93a4-d5f303732f24","TX_1778167206480_F900F7B24F41","ORG_WALLET_1778160275260_2FA5B71E69EF","ORG_WALLET_1778160270662_8E867A418388","ORG_36825afef0744860ab8035f2","ORG_9497e6ea72dd46399b5fce26","24.42","0.02442","24.44442","USD","CONFIRMED","2026-05-07T15:20:06.480Z"
"518","c5e49f6a-1dfd-441e-a530-359433ea58dc","TX_1778167206486_56B1FEBA4650","ORG_WALLET_1778160281940_C938801D48CF","ORG_WALLET_1778160275341_7016E58B21CB","ORG_db20c1255ff54714bcf79451","ORG_ba1f38d427344ade8b8000aa","26.18","0.02618","26.20618","USD","CONFIRMED","2026-05-07T15:20:06.486Z"
"519","1bc984c7-f4df-4f50-aa9d-260d1f474f25","TX_1778167206491_D132CD02F291","ORG_WALLET_1778160273104_AC5499EBB8DB","ORG_WALLET_1778160268893_3F8C90E5DA98","ORG_90b640dac1aa4692a7678e4e","ORG_a34da9d20f934482ba962b14","36.22","0.03622","36.25622","USD","CONFIRMED","2026-05-07T15:20:06.491Z"
"520","24b041e3-7b56-4f5c-a514-45a95805c353","TX_1778167206497_AB4D5F47796F","ORG_WALLET_1778160272597_395AFF437375","ORG_WALLET_1778160281399_E2C38644A950","ORG_27f72ecdd7eb4a9f89c477ac","ORG_b11bbcf3ec4b4e0680428a05","38.46","0.03846","38.49846","USD","CONFIRMED","2026-05-07T15:20:06.497Z"
"521","b9c5075c-d42e-4bc6-b27d-9165e5b44bc0","TX_1778167206502_BC43EFC3ED4C","ORG_WALLET_1778160275260_2FA5B71E69EF","WALLET_1778159049528_C73FC1C68B888","ORG_36825afef0744860ab8035f2","900477","5.28","0.00528","5.28528","USD","CONFIRMED","2026-05-07T15:20:06.502Z"
"522","bfb80eca-c021-4ef9-8e69-fdd138c004be","TX_1778167206509_15CB30C04B48","ORG_WALLET_1778160269642_AC616EC444B0","ORG_WALLET_1778160282538_2FB7C9E73DEE","ORG_1adb610aa37047cc88784c1b","ORG_6328ec72b8d1427a882a8d14","16.65","0.01665","16.66665","USD","CONFIRMED","2026-05-07T15:20:06.509Z"
"523","f7da27a4-2aee-4bd1-b596-7edacf862daf","TX_1778167206514_D83777CA6016","ORG_WALLET_1778160278829_27222539D362","WALLET_1778139950788_F2A29AB7B72B7","ORG_3f069e8026b3411fb09ee1b9","21","30.61","0.03061","30.64061","USD","CONFIRMED","2026-05-07T15:20:06.514Z"
"524","cb491c5a-17c8-4828-accb-8b5ce705e688","TX_1778167206519_0F6E8CCF7D6A","ORG_WALLET_1778160271503_26D7F9F47165","ORG_WALLET_1778160274262_42055E8BD8F4","ORG_3284baf117844e8289acfa39","ORG_f8f1b069c0684be2875182d8","42.31","0.04231","42.35231","USD","CONFIRMED","2026-05-07T15:20:06.519Z"
"525","7435dfc4-6f8e-417a-b38b-92500d85c96a","TX_1778167206524_BADF5F86625C","ORG_WALLET_1778160282116_06B29CDD554E","ORG_WALLET_1778160277532_B90C63AB1C19","ORG_4e2887482991445eb836ba60","ORG_4fffbe49b22a4f23b2a37682","26.14","0.02614","26.16614","USD","CONFIRMED","2026-05-07T15:20:06.525Z"
"526","6c17b061-ea6c-4e83-86e9-c8fd9a975fe9","TX_1778167206531_87D4BCA1CDB5","ORG_WALLET_1778160275589_C9E67150825E","ORG_WALLET_1778160270828_FCD6A452F375","ORG_63e743b83e9d4500b9679527","ORG_6a112b620a3b4d9db1c1b50d","5.43","0.00543","5.43543","USD","CONFIRMED","2026-05-07T15:20:06.531Z"
"527","2d0a0f19-6036-4e59-bb13-a02ec0d639ca","TX_1778167206536_A71E403F3031","ORG_WALLET_1778160281940_C938801D48CF","ORG_WALLET_1778160276854_01DB22D26B59","ORG_db20c1255ff54714bcf79451","ORG_96abde570dc346cb8fa1c4f8","10.79","0.01079","10.80079","USD","CONFIRMED","2026-05-07T15:20:06.536Z"
"528","23206659-970a-4d56-836f-db4a7735e9c3","TX_1778167206541_E46397636500","ORG_WALLET_1778160279241_D1D6C1B2EAAB","ORG_WALLET_1778160273021_441FA524915E","ORG_a86f8c15d8ce4214ae8d4b54","ORG_a71d85d229504155adb16888","8.76","0.00876","8.76876","USD","CONFIRMED","2026-05-07T15:20:06.541Z"
"529","842740dd-97a0-49b4-afd1-2bc603b26e28","TX_1778167206547_EBAED8BAB657","ORG_WALLET_1778160271336_332D39319141","ORG_WALLET_1778160280805_22EC8852FE9E","ORG_aac3beae4c654f7f84f04e44","ORG_d3f28c40555a4b4eb89e74ed","3.41","0.00341","3.41341","USD","CONFIRMED","2026-05-07T15:20:06.547Z"
"530","42c843c0-d810-4cd4-9677-4a14d28023a2","TX_1778167206551_0CA3D6907288","WALLET_1778139950788_F2A29AB7B72B7","ORG_WALLET_1778160275014_18D1A4CDCE47","21","ORG_1279f3ac8c8345a9bd0d57cf","49.08","0.04908","49.12908","USD","CONFIRMED","2026-05-07T15:20:06.551Z"
"531","1c0cf410-9fda-4819-849f-b5da7e73c531","TX_1778167206557_17E24B345820","ORG_WALLET_1778160269996_0B5992C7E17C","ORG_WALLET_1778160281488_23CC588BB422","ORG_7fecdb9f77414f1e86f310d9","ORG_8a9b8d089c7f4860b97c17ba","35.53","0.03553","35.56553","USD","CONFIRMED","2026-05-07T15:20:06.557Z"
"532","74a5e848-fd9a-4a45-9b4b-8df40574b305","TX_1778167206560_E320F8A52818","ORG_WALLET_1778160279817_5EFE6A9486F3","ORG_WALLET_1778160275836_D546B4A6AA4D","ORG_9ba2d7575584423586bec8a3","ORG_6cca990bda20451bb3b152ba","34.22","0.03422","34.25422","USD","CONFIRMED","2026-05-07T15:20:06.560Z"
"533","d892ad64-71de-4bb2-ba5b-0754b61510cc","TX_1778167206564_8E2A910F797E","ORG_WALLET_1778160277866_C651D9A96A38","ORG_WALLET_1778160275341_7016E58B21CB","ORG_c97a5bd146424af892b521b5","ORG_ba1f38d427344ade8b8000aa","20.12","0.02012","20.14012","USD","CONFIRMED","2026-05-07T15:20:06.564Z"
"534","45758dc8-4db1-4a4c-9581-242b81b33b8e","TX_1778167206568_356066C0C4AA","ORG_WALLET_1778160274016_A8FA1F846E1C","ORG_WALLET_1778160282024_FE7C5E5B3F76","ORG_70fa302ec4944a7aa53832f8","ORG_fd61c0ae121b408888561065","22.18","0.02218","22.20218","USD","CONFIRMED","2026-05-07T15:20:06.568Z"
"535","13c93583-39e2-4519-a654-ef0aee4d18b0","TX_1778167206571_2581428C1B02","ORG_WALLET_1778160270578_5F67C563B639","ORG_WALLET_1778160281062_85389B0F8FB2","ORG_577fac19d1184e1da9dc121c","ORG_37f71cc8ea3140579b5187c2","11.05","0.01105","11.06105","USD","CONFIRMED","2026-05-07T15:20:06.571Z"
"536","42cf0b54-43ab-47ad-897e-dbbe7cc7a848","TX_1778167206574_B88524042AA2","ORG_WALLET_1778160271420_10308936FCED","ORG_WALLET_1778160275919_BDF031F0A6D4","ORG_c657f0a890c74ef99b1652bf","ORG_6e9b7fd7d6a84f5d89e1f07a","4.75","0.00475","4.75475","USD","CONFIRMED","2026-05-07T15:20:06.574Z"
"537","d4d8d788-5f28-40b9-9b91-14436fbabd90","TX_1778167206578_CA959D2E3831","ORG_WALLET_1778160273768_A69B0D0A7F28","ORG_WALLET_1778160282372_B62DC72D41CD","ORG_8b82065a06c744edb8815cb9","ORG_390298c5f209426d9b91ea2b","11.3","0.0113","11.3113","USD","CONFIRMED","2026-05-07T15:20:06.578Z"
"538","424c42bd-618f-4237-aefe-ab2ccaa4cc5c","TX_1778167206582_1DE5FD9A4641","ORG_WALLET_1778160270161_15BA2E79E909","ORG_WALLET_1778160283458_0920F8B3705D","ORG_1389028bc1614aaa99dcd487","ORG_94651c45d31b407fad86b7ef","14.58","0.01458","14.59458","USD","CONFIRMED","2026-05-07T15:20:06.582Z"
"539","9fa82a55-99fa-4b35-b9cf-28b8a2bc4bf0","TX_1778167206587_869585140EAF","ORG_WALLET_1778160279487_4104A58B1146","ORG_WALLET_1778160279570_C6CB51444C14","ORG_c15b8bf2293b4ea39f843947","ORG_f4a88f302b404a3d88306ab9","44.09","0.04409","44.13409","USD","CONFIRMED","2026-05-07T15:20:06.587Z"
"540","ec5f68b9-6937-415f-9991-d3c86487b108","TX_1778167206592_1E1D7CB7BE05","ORG_WALLET_1778160272769_FD7534EDEC66","ORG_WALLET_1778160274682_5965E6AC8E74","ORG_ac4284f48d50479c9cabbf1e","ORG_a6e4e132067d444abfd40382","22.67","0.02267","22.69267","USD","CONFIRMED","2026-05-07T15:20:06.592Z"
"541","79d75916-85a6-4de8-891f-9ca983d71ff4","TX_1778167206598_FB32F6DCCA82","ORG_WALLET_1778160282622_50BBD01DB0E0","ORG_WALLET_1778160271588_5AEBB5495957","ORG_7165931dc11d448fbc2f29f4","ORG_ecce5b9c9b2d4c3aaf74df2b","19.85","0.01985","19.86985","USD","CONFIRMED","2026-05-07T15:20:06.598Z"
"542","5b9f7c5a-ba52-45d3-9257-2a6ed8a9bfde","TX_1778167206602_F5521FCA493F","ORG_WALLET_1778160282116_06B29CDD554E","ORG_WALLET_1778160276494_506DC7CD27D4","ORG_4e2887482991445eb836ba60","ORG_03290d8bceec4c578406b6ff","25.03","0.02503","25.05503","USD","CONFIRMED","2026-05-07T15:20:06.602Z"
"543","f6b115fc-9db9-4cfa-85b4-36b049a8c3c2","TX_1778167206606_0843C4A6EA48","ORG_WALLET_1778160283294_DD0951E0B2B5","ORG_WALLET_1778160274850_C8FA65D01C69","ORG_954c8c749d354ee6bf59a4ec","ORG_9334ac8c5d4b490fa13c098f","1.7","0.0017","1.7017","USD","CONFIRMED","2026-05-07T15:20:06.606Z"
"544","a2b6ee1a-e4e3-47b6-a621-9588ea818c3e","TX_1778167206610_D0E6E2292BB8","WALLET_1778158164274_EEBF658010844","ORG_WALLET_1778160272254_7495A0C77CC7","900476","ORG_69dea77248dd439b8f15d0cd","43.58","0.04358","43.62358","USD","CONFIRMED","2026-05-07T15:20:06.610Z"
"545","56bef7e1-7c9d-4c21-9d92-efe89cda38ea","TX_1778167206614_E74FE2320377","ORG_WALLET_1778160270662_8E867A418388","ORG_WALLET_1778160278829_27222539D362","ORG_9497e6ea72dd46399b5fce26","ORG_3f069e8026b3411fb09ee1b9","31.41","0.03141","31.44141","USD","CONFIRMED","2026-05-07T15:20:06.614Z"
"546","2b1bde7a-d1c6-40f5-acf0-c6233d4cfd25","TX_1778167206619_1AB4482A1A82","ORG_WALLET_1778160279159_80BBBFF13FEC","ORG_WALLET_1778160280975_445C3B87B0E4","ORG_8bc1abe06d03488889664f63","ORG_7afe70881d4b4bf698b08a22","45.68","0.04568","45.72568","USD","CONFIRMED","2026-05-07T15:20:06.619Z"
"547","0c99512d-7b20-47ec-b736-252fcb8ee5cf","TX_1778167206623_57B3E44A1996","ORG_WALLET_1778160282964_AC07329D4648","ORG_WALLET_1778160271420_10308936FCED","ORG_3265ae8f978f4b7d9d6e5fa9","ORG_c657f0a890c74ef99b1652bf","26.41","0.02641","26.43641","USD","CONFIRMED","2026-05-07T15:20:06.623Z"
"548","46d58228-d9a3-4754-944c-1d27e50466c4","TX_1778167206627_3399B2CDA1A6","ORG_WALLET_1778160283376_55A249691809","ORG_WALLET_1778160269349_7AA905F368B7","ORG_b93dc1ec5bed4bd3ab3f2bae","ORG_d960392e058d4b21ae6e9131","43.11","0.04311","43.15311","USD","CONFIRMED","2026-05-07T15:20:06.627Z"
"549","89caad84-78e6-474a-9152-0043c742cdd5","TX_1778167206631_8D15701A13C9","ORG_WALLET_1778160283212_04E49AAB0147","ORG_WALLET_1778160268893_3F8C90E5DA98","ORG_c11a6f2d78c941cea491491c","ORG_a34da9d20f934482ba962b14","39.4","0.0394","39.4394","USD","CONFIRMED","2026-05-07T15:20:06.631Z"
"550","1c0378f9-7c47-41ae-ae2d-92c6f65f183e","TX_1778167206634_56B92D5BC9E9","ORG_WALLET_1778160272087_2324BE187015","ORG_WALLET_1778160270161_15BA2E79E909","ORG_1947e9ee30de4becb2794d04","ORG_1389028bc1614aaa99dcd487","48.32","0.04832","48.36832","USD","CONFIRMED","2026-05-07T15:20:06.634Z"
"551","1be4810e-bca7-4dd4-8ad6-d0a0e8acf28d","TX_1778167206638_F2AA726095F5","ORG_WALLET_1778160276947_D26E37C2F505","ORG_WALLET_1778160271169_01A8D14E09DE","ORG_a9a322e9d1e743aca1161f69","ORG_5111da2a38544e5f9ff43bf1","7.38","0.00738","7.38738","USD","CONFIRMED","2026-05-07T15:20:06.638Z"
"552","3ee2fdb7-290c-4fe1-b5c5-8cc4b730e44d","TX_1778167206642_FBA9D1319077","ORG_WALLET_1778160278656_2AA9E6362FDE","ORG_WALLET_1778160278996_A269C7AD8721","ORG_8121c92f968d451094666b4d","ORG_1f8d33ab9ab44b54bd42620f","16.4","0.0164","16.4164","USD","CONFIRMED","2026-05-07T15:20:06.642Z"
"553","163a8df6-a7dc-4d21-8e36-ad6daf24910b","TX_1778167206646_52C49F28FE81","ORG_WALLET_1778160274850_C8FA65D01C69","ORG_WALLET_1778160276084_319BD1098BC9","ORG_9334ac8c5d4b490fa13c098f","ORG_91c22bc167784571b4372d04","17.93","0.01793","17.94793","USD","CONFIRMED","2026-05-07T15:20:06.646Z"
"554","50a8af45-1cf3-4412-8e0e-e6ae06a3f447","TX_1778167206650_FFE9F5245A70","ORG_WALLET_1778160281228_62BF0507BF95","ORG_WALLET_1778160276494_506DC7CD27D4","ORG_875af1ba8fb94bc4b83fad9f","ORG_03290d8bceec4c578406b6ff","3.8","0.0038","3.8038","USD","CONFIRMED","2026-05-07T15:20:06.650Z"
"555","64196a18-c6c8-4c68-aa3e-46acfef5869d","TX_1778167206654_2FBDCF26B0C3","ORG_WALLET_1778160281399_E2C38644A950","ORG_WALLET_1778160277450_8AAEAFBE7345","ORG_b11bbcf3ec4b4e0680428a05","ORG_b603d78d287c474f87488af3","48.67","0.04867","48.71867","USD","CONFIRMED","2026-05-07T15:20:06.654Z"
"556","187cbe57-fae1-4a58-a23d-80810606cb42","TX_1778167206659_6E342D3B7A0C","ORG_WALLET_1778160283539_F49E60DD73DC","ORG_WALLET_1778160269142_CB003D9B2929","ORG_7092abecea7a4c3ea5d476c2","ORG_288825f92b7e403785420727","4.87","0.00487","4.87487","USD","CONFIRMED","2026-05-07T15:20:06.659Z"
"557","06c96d83-4907-47e8-b918-d3dba25bc4a2","TX_1778167206663_00BB9DCFB2C7","ORG_WALLET_1778160279405_6EA22C73E2BE","ORG_WALLET_1778160274346_C1801622C4F1","ORG_02818d54afb548d3ab4e4a7c","ORG_eb4457964c8e4d2c85073cbc","30.24","0.03024","30.27024","USD","CONFIRMED","2026-05-07T15:20:06.663Z"
"558","1489c16c-0ef5-4ba7-8157-92b61a8e0d8d","TX_1778167206670_A6C0A882B810","ORG_WALLET_1778160283624_66BCB921051C","ORG_WALLET_1778160278912_34CD89FC56F8","ORG_3300234624e04d0cbe0a1413","ORG_ec29df2c50c64390af553958","5.19","0.00519","5.19519","USD","CONFIRMED","2026-05-07T15:20:06.670Z"
"559","6d452be5-e451-47bb-9c4f-79a982bf79db","TX_1778167206674_EF4381FAE897","ORG_WALLET_1778160281146_B8874C5AC610","ORG_WALLET_1778160272340_1AE5D72A11D5","ORG_ae90e61e64ff48a089d9a554","ORG_85680328ba424fdb8c6f80c4","48.5","0.0485","48.5485","USD","CONFIRMED","2026-05-07T15:20:06.674Z"
"560","c2f148a9-9982-40d5-b8d9-2d1594dd49dc","TX_1778167206677_7F9D8BCE1745","ORG_WALLET_1778160278215_9B0E7B324524","ORG_WALLET_1778160269547_3BA2D4A87165","ORG_23c3b1e647eb4bf9ae6d36a7","ORG_08c99def34c34b7a943795e8","46.08","0.04608","46.12608","USD","CONFIRMED","2026-05-07T15:20:06.678Z"
"561","73fae5ba-2af7-427a-a5ad-acd53e762b0a","TX_1778167206683_1C2418FD5098","ORG_WALLET_1778160270244_8FA5322D5953","ORG_WALLET_1778160282284_EC6234CEFA04","ORG_2a4b739bfe4b4248b59c8c60","ORG_5b9400e661504c4f968243c0","34.47","0.03447","34.50447","USD","CONFIRMED","2026-05-07T15:20:06.683Z"
"562","020bdb61-ca76-4aeb-98a2-aaec7252e434","TX_1778167206688_4D1B3C432060","ORG_WALLET_1778160280559_426B10463347","ORG_WALLET_1778160278032_16437CB118C2","ORG_714136041c8c450e87db5646","ORG_67419309808345279b5259d7","43.88","0.04388","43.92388","USD","CONFIRMED","2026-05-07T15:20:06.688Z"
"563","f58de2e6-8a94-4d01-9f97-151d1baaf0aa","TX_1778167206691_6A00EF965E4C","ORG_WALLET_1778160277614_15833B79651A","ORG_WALLET_1778160282706_E877F04E8A8C","ORG_f7b1a0494b744787b67b76a1","ORG_2de29862c3dc42e7ac2411df","42.89","0.04289","42.93289","USD","CONFIRMED","2026-05-07T15:20:06.691Z"
"564","3e887711-cf0a-4af5-81f3-95c4254eecf4","TX_1778167206695_C04E1EE73641","ORG_WALLET_1778160270327_6C4C9C272F9B","ORG_WALLET_1778160273850_0D5093565581","ORG_029c24335b3e47f1b1bfb215","ORG_33b9e287d79e4e8c9fba6274","20.61","0.02061","20.63061","USD","CONFIRMED","2026-05-07T15:20:06.695Z"
"565","853e94d9-27b9-44e9-a58c-65620c4982e6","TX_1778167206699_AD28003DBD8A","ORG_WALLET_1778160279899_A1DC55243B7F","ORG_WALLET_1778160269349_7AA905F368B7","ORG_f41a9b9ed2d64ef599b8a9ac","ORG_d960392e058d4b21ae6e9131","45.84","0.04584","45.88584","USD","CONFIRMED","2026-05-07T15:20:06.699Z"
"566","40cb6a76-d511-4b8e-af75-a657a5db1306","TX_1778167206705_531484F08FA4","ORG_WALLET_1778160283539_F49E60DD73DC","WALLET_1778159049528_C73FC1C68B888","ORG_7092abecea7a4c3ea5d476c2","900477","31.26","0.03126","31.29126","USD","CONFIRMED","2026-05-07T15:20:06.705Z"
"567","218458f0-a76a-464f-9cf2-087c22d93a49","TX_1778167206709_31AA929FDB41","ORG_WALLET_1778160273686_674A3BB67D22","ORG_WALLET_1778160274932_22FF89952550","ORG_938d73070d6540978566cca4","ORG_3028e13c98ca4d07a3b5fa43","37.72","0.03772","37.75772","USD","CONFIRMED","2026-05-07T15:20:06.709Z"
"568","ec22d1df-3f07-472c-88c3-3085e92eec32","TX_1778167206713_9AD550CB50BA","ORG_WALLET_1778160273104_AC5499EBB8DB","ORG_WALLET_1778160274180_D68BEDEE7D6D","ORG_90b640dac1aa4692a7678e4e","ORG_edd410705d74447cbf477a86","47.35","0.04735","47.39735","USD","CONFIRMED","2026-05-07T15:20:06.713Z"
"569","8e502031-6eb1-4f2d-ab5b-69440ed1ae8e","TX_1778167206718_F117CD96D498","ORG_WALLET_1778160276166_F5F14DB4910B","ORG_WALLET_1778160279078_A5374ADC2320","ORG_85042eae537c4c1cb51c1e84","ORG_c4b9ddb3c679416b903f4368","33.37","0.03337","33.40337","USD","CONFIRMED","2026-05-07T15:20:06.718Z"
"570","6ba7e3bb-c346-4d30-b7fe-294ca1cd8e87","TX_1778167206722_E806FF2EE438","ORG_WALLET_1778160282284_EC6234CEFA04","ORG_WALLET_1778160278386_D640F5E98EC7","ORG_5b9400e661504c4f968243c0","ORG_ab9877b6b83245749a5629bb","5.93","0.00593","5.93593","USD","CONFIRMED","2026-05-07T15:20:06.722Z"
"571","665d5987-249a-4ed0-8285-ab53271f9c0e","TX_1778167206727_78D55275D27F","ORG_WALLET_1778160278570_DC0BF9503FE1","ORG_WALLET_1778160274599_128BAE8501ED","ORG_0491778a7f0d4b3396e7c742","ORG_5d7ccd0921bf4a349d193ef4","25.77","0.02577","25.79577","USD","CONFIRMED","2026-05-07T15:20:06.727Z"
"572","8871fa18-8225-43b3-89e8-eacc3f03febc","TX_1778167206731_FC92776008BC","ORG_WALLET_1778160280478_74B6B9C7E314","ORG_WALLET_1778160278829_27222539D362","ORG_319431175959410eab0a0351","ORG_3f069e8026b3411fb09ee1b9","11.03","0.01103","11.04103","USD","CONFIRMED","2026-05-07T15:20:06.731Z"
"573","b2643989-42c0-44ea-ba40-1ac84514f1c8","TX_1778167206734_4C7D60CD320E","ORG_WALLET_1778160272512_224C2AE61622","ORG_WALLET_1778160275341_7016E58B21CB","ORG_826d10ed54ab49a0a02481cd","ORG_ba1f38d427344ade8b8000aa","10.11","0.01011","10.12011","USD","CONFIRMED","2026-05-07T15:20:06.735Z"
"574","7d478603-efce-456b-a36e-cd05ccb5e4a6","TX_1778167206738_F66E172BD3B9","ORG_WALLET_1778160277532_B90C63AB1C19","ORG_WALLET_1778160277118_C70DF08FF521","ORG_4fffbe49b22a4f23b2a37682","ORG_1ea32c1b16bc4f64adf2679b","26.59","0.02659","26.61659","USD","CONFIRMED","2026-05-07T15:20:06.738Z"
"575","52632401-f91d-40fd-8d26-1dc1859bd96e","TX_1778167206742_C7FC5E43A1B4","ORG_WALLET_1778160280805_22EC8852FE9E","ORG_WALLET_1778160281940_C938801D48CF","ORG_d3f28c40555a4b4eb89e74ed","ORG_db20c1255ff54714bcf79451","21.01","0.02101","21.03101","USD","CONFIRMED","2026-05-07T15:20:06.742Z"
"576","808bf62d-4169-4423-b9b3-8e0706a20c32","TX_1778167206745_F28129D40D60","ORG_WALLET_1778160277365_03FDBA4E2E67","ORG_WALLET_1778160283624_66BCB921051C","ORG_4630e3b4b65b4eda89b6f23b","ORG_3300234624e04d0cbe0a1413","32.59","0.03259","32.62259","USD","CONFIRMED","2026-05-07T15:20:06.745Z"
"577","49399476-fab9-4120-b5bf-bb567e7e8636","TX_1778167206749_3877034DA4A4","ORG_WALLET_1778160278829_27222539D362","ORG_WALLET_1778160274682_5965E6AC8E74","ORG_3f069e8026b3411fb09ee1b9","ORG_a6e4e132067d444abfd40382","33.56","0.03356","33.59356","USD","CONFIRMED","2026-05-07T15:20:06.749Z"
"578","8d3644df-7b83-4047-9d9e-c60d8da24986","TX_1778167206753_3240418C6E4C","ORG_WALLET_1778160282538_2FB7C9E73DEE","ORG_WALLET_1778160277614_15833B79651A","ORG_6328ec72b8d1427a882a8d14","ORG_f7b1a0494b744787b67b76a1","3.9","0.0039","3.9039","USD","CONFIRMED","2026-05-07T15:20:06.754Z"
"579","b9af3e4b-e27d-4df4-8005-006b410c8970","TX_1778167206758_700CEA41455C","ORG_WALLET_1778160275753_082C4EAF7EAE","WALLET_1778070501985_A574CF7592927","ORG_adf8170288c4481488d92098","19","3","0.003","3.003","USD","CONFIRMED","2026-05-07T15:20:06.758Z"
"580","0985bebe-836c-4616-b728-4a9d0f45817c","TX_1778167206762_9CB45C9F8B51","ORG_WALLET_1778160271420_10308936FCED","ORG_WALLET_1778160279241_D1D6C1B2EAAB","ORG_c657f0a890c74ef99b1652bf","ORG_a86f8c15d8ce4214ae8d4b54","39.51","0.03951","39.54951","USD","CONFIRMED","2026-05-07T15:20:06.762Z"
"581","29d094d2-b826-4bb5-96d5-f302fbb58d7a","TX_1778167206766_F30CED4C09F9","WALLET_1778066885551_3953C6C1EF125","WALLET_1778153906827_07651C59B5DEE","12","900473","46.77","0.04677","46.81677","USD","CONFIRMED","2026-05-07T15:20:06.766Z"
"582","87bd9171-e029-4561-a66f-7519077c43c8","TX_1778167206770_7CEE2ECECBEF","ORG_WALLET_1778160269142_CB003D9B2929","ORG_WALLET_1778160273359_C48B3E1ED6E4","ORG_288825f92b7e403785420727","ORG_be93a91b05f04b018a2cc595","45.04","0.04504","45.08504","USD","CONFIRMED","2026-05-07T15:20:06.770Z"
"583","0ad3cba5-1051-4ae2-a47c-c0242d72297c","TX_1778167206773_438A0731844A","ORG_WALLET_1778160277199_E35225A60825","ORG_WALLET_1778160270662_8E867A418388","ORG_27c30d81ee7a4fb88450f457","ORG_9497e6ea72dd46399b5fce26","19.64","0.01964","19.65964","USD","CONFIRMED","2026-05-07T15:20:06.773Z"
"584","5173578b-fe5d-4601-8cf3-142a612bc88f","TX_1778167206778_7B8DECE2ED3B","ORG_WALLET_1778160269059_6971AFBA84D6","ORG_WALLET_1778160271336_332D39319141","ORG_2da30634595b4a878b928a3b","ORG_aac3beae4c654f7f84f04e44","41.42","0.04142","41.46142","USD","CONFIRMED","2026-05-07T15:20:06.778Z"
"585","6c115b0b-148c-48a5-9753-fe5adf3ffc50","TX_1778167206782_57E3C9393434","ORG_WALLET_1778160281488_23CC588BB422","ORG_WALLET_1778160269733_0E05DF2FFF93","ORG_8a9b8d089c7f4860b97c17ba","ORG_8e5e15226c434f6db4c68dfe","3.01","0.00301","3.01301","USD","CONFIRMED","2026-05-07T15:20:06.782Z"
"586","8771ac7a-7d45-4b75-b091-920e59826f9b","TX_1778167206786_6EBF5DE12DC1","ORG_WALLET_1778160280229_2A2D74805156","ORG_WALLET_1778160277450_8AAEAFBE7345","ORG_6312f8a7d3254be0a87733a6","ORG_b603d78d287c474f87488af3","47.38","0.04738","47.42738","USD","CONFIRMED","2026-05-07T15:20:06.786Z"
"587","df16453a-d959-4509-bcd9-ddcc29edbb20","TX_1778167206790_4D1BE63679D3","ORG_WALLET_1778160279241_D1D6C1B2EAAB","ORG_WALLET_1778160275341_7016E58B21CB","ORG_a86f8c15d8ce4214ae8d4b54","ORG_ba1f38d427344ade8b8000aa","3.24","0.00324","3.24324","USD","CONFIRMED","2026-05-07T15:20:06.790Z"
"588","84c86244-fe5b-4d1b-9a82-02eb4a3d6d1c","TX_1778167206794_8C4023EF0023","ORG_WALLET_1778160275589_C9E67150825E","ORG_WALLET_1778160277118_C70DF08FF521","ORG_63e743b83e9d4500b9679527","ORG_1ea32c1b16bc4f64adf2679b","46.78","0.04678","46.82678","USD","CONFIRMED","2026-05-07T15:20:06.795Z"
"589","a485c068-b3b2-4b10-8cf2-ce399415e352","TX_1778167206798_A9E816DC5016","ORG_WALLET_1778160281940_C938801D48CF","ORG_WALLET_1778160271169_01A8D14E09DE","ORG_db20c1255ff54714bcf79451","ORG_5111da2a38544e5f9ff43bf1","1.62","0.00162","1.62162","USD","CONFIRMED","2026-05-07T15:20:06.798Z"
"590","46daf4ed-8397-41e2-b06e-881620003e34","TX_1778167206801_731426502831","ORG_WALLET_1778160272340_1AE5D72A11D5","ORG_WALLET_1778160279322_2515D0F54F47","ORG_85680328ba424fdb8c6f80c4","ORG_5d1a9275bc4a4a92b3fa18ae","41.75","0.04175","41.79175","USD","CONFIRMED","2026-05-07T15:20:06.801Z"
"591","c21a214e-5877-409c-b3bb-31226a1bffa7","TX_1778167206805_815D3D9DE491","ORG_WALLET_1778160271420_10308936FCED","WALLET_1778067202023_7BFE17ECAE335","ORG_c657f0a890c74ef99b1652bf","16","6.99","0.00699","6.99699","USD","CONFIRMED","2026-05-07T15:20:06.805Z"
"592","ab752e99-f921-40f9-a9a0-60c0b077a1ab","TX_1778167206809_C43D71106306","ORG_WALLET_1778160282372_B62DC72D41CD","ORG_WALLET_1778160278746_7064FF0F96E8","ORG_390298c5f209426d9b91ea2b","ORG_7cd6695ce0d64ff3815c79cb","29.3","0.0293","29.3293","USD","CONFIRMED","2026-05-07T15:20:06.809Z"
"593","e7c85aa5-d031-4e58-98db-f92b49033dcb","TX_1778167206813_E3D1795216F8","ORG_WALLET_1778160271086_EEFE4F412D2E","ORG_WALLET_1778160269239_48CD73B4012D","ORG_21f9c483dfae4315b138bac7","ORG_27d97e5a920d445294b83bef","32","0.032","32.032","USD","CONFIRMED","2026-05-07T15:20:06.813Z"
"594","a4d7bcc0-0407-45da-a400-f49aa2f5b0e7","TX_1778167206817_33087D170BAB","ORG_WALLET_1778160281313_EE9CB4E26C8C","ORG_WALLET_1778160282964_AC07329D4648","ORG_aa878780244041f0ae807e6b","ORG_3265ae8f978f4b7d9d6e5fa9","36.77","0.03677","36.80677","USD","CONFIRMED","2026-05-07T15:20:06.817Z"
"595","63d3ba6f-1b52-4919-82f8-23cf63ea798e","TX_1778167206821_96EEAB851A6D","ORG_WALLET_1778160279899_A1DC55243B7F","ORG_WALLET_1778160276669_B5FBDAD5E398","ORG_f41a9b9ed2d64ef599b8a9ac","ORG_9e23f808f3544113a4ba0620","20.21","0.02021","20.23021","USD","CONFIRMED","2026-05-07T15:20:06.821Z"
"596","8b8e9026-f5fe-4959-ab27-4ce0343327d7","TX_1778167206825_BFBE030902C5","ORG_WALLET_1778160270744_5C3A6545AD72","ORG_WALLET_1778160282795_9C53EAE8B868","ORG_4a6dba69e91e40eaae01a77f","ORG_5c4beb22cfcd447399663e8d","38.82","0.03882","38.85882","USD","CONFIRMED","2026-05-07T15:20:06.826Z"
"597","33e3e9af-8e0b-464f-b55c-10297dc7e759","TX_1778167206830_64DFEF0D3641","ORG_WALLET_1778160276947_D26E37C2F505","ORG_WALLET_1778160278483_35C5D56EB87C","ORG_a9a322e9d1e743aca1161f69","ORG_324af165c31348f89951e21f","19.11","0.01911","19.12911","USD","CONFIRMED","2026-05-07T15:20:06.830Z"
"598","ea99fa85-ec6e-426a-9f0b-4148f386d773","TX_1778167206835_156E79E10933","ORG_WALLET_1778160274346_C1801622C4F1","ORG_WALLET_1778160282622_50BBD01DB0E0","ORG_eb4457964c8e4d2c85073cbc","ORG_7165931dc11d448fbc2f29f4","46.39","0.04639","46.43639","USD","CONFIRMED","2026-05-07T15:20:06.836Z"
"599","9c376b6b-a875-47e5-878c-92fd463448f9","TX_1778167206840_350759735560","ORG_WALLET_1778160282622_50BBD01DB0E0","WALLET_1778071441355_6612E1BB0599A","ORG_7165931dc11d448fbc2f29f4","22","42.18","0.04218","42.22218","USD","CONFIRMED","2026-05-07T15:20:06.840Z"
"600","88748f4b-0c8c-4e92-aeaa-1af19c23f4a6","TX_1778167206843_29C6852A7C99","ORG_WALLET_1778160279241_D1D6C1B2EAAB","ORG_WALLET_1778160283706_5010AC071A4D","ORG_a86f8c15d8ce4214ae8d4b54","ORG_0562df46bdb2435a9dbe31ce","6.14","0.00614","6.14614","USD","CONFIRMED","2026-05-07T15:20:06.843Z"
"601","788e0b33-ec7e-4a64-874f-9eab757ca33d","TX_1778167206847_78AE13EFF3E7","ORG_WALLET_1778160275505_F41736F76EA9","WALLET_1778067139764_D220C5EF78856","ORG_3e4a83201e5b4f7dbdb74422","13","16.19","0.01619","16.20619","USD","CONFIRMED","2026-05-07T15:20:06.847Z"
"602","6319b628-8258-437c-9bc2-8564e5f168b7","TX_1778167206850_1517363754E3","ORG_WALLET_1778160269733_0E05DF2FFF93","ORG_WALLET_1778160275753_082C4EAF7EAE","ORG_8e5e15226c434f6db4c68dfe","ORG_adf8170288c4481488d92098","6.72","0.00672","6.72672","USD","CONFIRMED","2026-05-07T15:20:06.850Z"
"603","818ce0fb-115f-49e0-94b2-067055e76eb8","TX_1778167206854_DD756EA62F99","ORG_WALLET_1778160269349_7AA905F368B7","ORG_WALLET_1778160275423_53316FAFBA7A","ORG_d960392e058d4b21ae6e9131","ORG_3e2627c9b50d4224b7ce732a","7.94","0.00794","7.94794","USD","CONFIRMED","2026-05-07T15:20:06.854Z"
"604","6ce9b7ea-d206-4b92-826d-9505b8899bbe","TX_1778167206857_45C5FC33239A","ORG_WALLET_1778160282795_9C53EAE8B868","ORG_WALLET_1778160273275_19AD91E00789","ORG_5c4beb22cfcd447399663e8d","ORG_f27a7bac46bf4ceb842fec9d","46.36","0.04636","46.40636","USD","CONFIRMED","2026-05-07T15:20:06.857Z"
"605","559bda06-5d78-467d-9894-d3795b86ab55","TX_1778167206862_4592E6E7E3F6","ORG_WALLET_1778160269349_7AA905F368B7","ORG_WALLET_1778160281488_23CC588BB422","ORG_d960392e058d4b21ae6e9131","ORG_8a9b8d089c7f4860b97c17ba","24.57","0.02457","24.59457","USD","CONFIRMED","2026-05-07T15:20:06.862Z"
"606","c0915524-6ee9-4886-a403-f402c4b1f4f1","TX_1778167206865_29FBF0B05E34","ORG_WALLET_1778160276947_D26E37C2F505","ORG_WALLET_1778160272171_3E1E9FC7005B","ORG_a9a322e9d1e743aca1161f69","ORG_cf345c7615cd49f19d54be4b","8.23","0.00823","8.23823","USD","CONFIRMED","2026-05-07T15:20:06.865Z"
"607","6ea619fd-960c-4412-8d93-961686d77e9b","TX_1778167206868_A507AA2DA514","ORG_WALLET_1778160271169_01A8D14E09DE","ORG_WALLET_1778160272427_347735F01EAC","ORG_5111da2a38544e5f9ff43bf1","ORG_95f1c8263eb9403fa7c10857","34","0.034","34.034","USD","CONFIRMED","2026-05-07T15:20:06.868Z"
"608","ed249157-2b41-4ea4-af83-5266e0f1480a","TX_1778167206874_D77C9B206287","WALLET_1778143333918_F039E75D04FE3","WALLET_1778067145106_5F898D69F5F79","311287","15","9.46","0.00946","9.46946","USD","CONFIRMED","2026-05-07T15:20:06.874Z"
"609","24263a64-6b56-4ddf-af64-41d6ad238e88","TX_1778167206878_1CC08880D23E","ORG_WALLET_1778160271086_EEFE4F412D2E","ORG_WALLET_1778160276084_319BD1098BC9","ORG_21f9c483dfae4315b138bac7","ORG_91c22bc167784571b4372d04","25.45","0.02545","25.47545","USD","CONFIRMED","2026-05-07T15:20:06.878Z"
"610","b440098d-8c08-4a0b-86a9-fc90e18e0f3e","TX_1778167206882_31D1E9A36F21","ORG_WALLET_1778160281488_23CC588BB422","ORG_WALLET_1778160272512_224C2AE61622","ORG_8a9b8d089c7f4860b97c17ba","ORG_826d10ed54ab49a0a02481cd","16.6","0.0166","16.6166","USD","CONFIRMED","2026-05-07T15:20:06.882Z"
"611","49690904-c492-4c89-8b18-25df15dddd96","TX_1778167206886_B29AEC487B10","ORG_WALLET_1778160274180_D68BEDEE7D6D","ORG_WALLET_1778160278746_7064FF0F96E8","ORG_edd410705d74447cbf477a86","ORG_7cd6695ce0d64ff3815c79cb","28.25","0.02825","28.27825","USD","CONFIRMED","2026-05-07T15:20:06.886Z"
"612","095ab611-313c-421e-b699-32da269f8850","TX_1778167206890_49E502B423B0","ORG_WALLET_1778160280805_22EC8852FE9E","ORG_WALLET_1778160282116_06B29CDD554E","ORG_d3f28c40555a4b4eb89e74ed","ORG_4e2887482991445eb836ba60","6.33","0.00633","6.33633","USD","CONFIRMED","2026-05-07T15:20:06.890Z"
"613","7d67c022-9736-452b-9220-0633e06aca85","TX_1778167206895_97A21DE11FDA","ORG_WALLET_1778160274766_F1C3DC6076C5","ORG_WALLET_1778160273603_8FD5638257B0","ORG_20a1c457345d4a89afd74ee2","ORG_b209686058a44bbcae11cd83","11.28","0.01128","11.29128","USD","CONFIRMED","2026-05-07T15:20:06.895Z"
"614","9ebdce1f-2ac1-4bc8-8062-5f06138f9f10","TX_1778167206900_2B0295D49240","ORG_WALLET_1778160279899_A1DC55243B7F","ORG_WALLET_1778160272340_1AE5D72A11D5","ORG_f41a9b9ed2d64ef599b8a9ac","ORG_85680328ba424fdb8c6f80c4","45.94","0.04594","45.98594","USD","CONFIRMED","2026-05-07T15:20:06.900Z"
"615","b5fe857f-af5c-4dd9-99ac-9822ad295ce4","TX_1778167206904_1B362B7D2C3A","ORG_WALLET_1778160272855_D00C90A0E963","WALLET_1778160871693_0EA008B15BECE","ORG_bae3ca8533f14130b6d9ed30","900478","30.99","0.03099","31.02099","USD","CONFIRMED","2026-05-07T15:20:06.904Z"
"616","d0ae652b-7497-4e86-a194-13c0b8105d88","TX_1778167206907_0D4CA0C9AD58","ORG_WALLET_1778160271672_EF8D127944C6","ORG_WALLET_1778160281313_EE9CB4E26C8C","ORG_fe7e985bb291407888115b56","ORG_aa878780244041f0ae807e6b","15","0.015","15.015","USD","CONFIRMED","2026-05-07T15:20:06.907Z"
"617","ac15f24c-1711-4a66-bdfd-87439aaae7c3","TX_1778167206911_30C0DC90C7AF","ORG_WALLET_1778160281228_62BF0507BF95","ORG_WALLET_1778160270079_0C0EAE39BC93","ORG_875af1ba8fb94bc4b83fad9f","ORG_fdc6ce67a3af4909bf689efd","23.12","0.02312","23.14312","USD","CONFIRMED","2026-05-07T15:20:06.911Z"
"618","a43a81ad-1619-40c7-9257-9919f311abc0","TX_1778167206915_AACA87D06FFD","ORG_WALLET_1778160281062_85389B0F8FB2","ORG_WALLET_1778160271672_EF8D127944C6","ORG_37f71cc8ea3140579b5187c2","ORG_fe7e985bb291407888115b56","35.17","0.03517","35.20517","USD","CONFIRMED","2026-05-07T15:20:06.915Z"
"619","063dfd30-b8fe-421c-b14f-fbb354a976d2","TX_1778167206919_A0251BBDD12B","ORG_WALLET_1778160273850_0D5093565581","ORG_WALLET_1778158080621_9D3B20D175BC1","ORG_33b9e287d79e4e8c9fba6274","ORG_1d0a64007d7149ba8b5a7aa3","7.23","0.00723","7.23723","USD","CONFIRMED","2026-05-07T15:20:06.919Z"
"620","a2cad9f7-46eb-4098-af59-6fa72e5bb44f","TX_1778167206923_7B4098DB884D","ORG_WALLET_1778160281399_E2C38644A950","ORG_WALLET_1778160278215_9B0E7B324524","ORG_b11bbcf3ec4b4e0680428a05","ORG_23c3b1e647eb4bf9ae6d36a7","27.69","0.02769","27.71769","USD","CONFIRMED","2026-05-07T15:20:06.923Z"
"621","089bcb51-82df-4fa3-9cc5-097474cd5e0a","TX_1778167206927_6C3BFF2D2A2A","ORG_WALLET_1778160277450_8AAEAFBE7345","ORG_WALLET_1778160271922_7B17C247593D","ORG_b603d78d287c474f87488af3","ORG_65c1186c01ec473e8828d351","45.72","0.04572","45.76572","USD","CONFIRMED","2026-05-07T15:20:06.927Z"
"622","63fd6cd4-73ab-4bba-85d9-cdc16a91927d","TX_1778167206931_8A3A675D4C17","ORG_WALLET_1778160283046_9BD4F086F512","ORG_WALLET_1778160270744_5C3A6545AD72","ORG_4583de686dcd47b699bf4049","ORG_4a6dba69e91e40eaae01a77f","32.53","0.03253","32.56253","USD","CONFIRMED","2026-05-07T15:20:06.931Z"
"623","dbc4e76c-48bc-4ae1-819f-4f0999ad8d73","TX_1778167206935_6F601442C354","ORG_WALLET_1778160281672_AC2B16ED3152","ORG_WALLET_1778160274850_C8FA65D01C69","ORG_ca5644b10bba4f4bb4d442cd","ORG_9334ac8c5d4b490fa13c098f","45.45","0.04545","45.49545","USD","CONFIRMED","2026-05-07T15:20:06.935Z"
"624","df2770b4-07cd-4b12-8720-1f219a3a4222","TX_1778167206939_74C2C3E66AC9","ORG_WALLET_1778160280229_2A2D74805156","ORG_WALLET_1778160273191_9F74EE690DA4","ORG_6312f8a7d3254be0a87733a6","ORG_bfd0a100c1f54521bf3575d3","40.32","0.04032","40.36032","USD","CONFIRMED","2026-05-07T15:20:06.939Z"
"625","7b8eb8e7-e3cd-4c0c-886f-498bffdc62e1","TX_1778167206944_F9028CB0ED70","ORG_WALLET_1778160277118_C70DF08FF521","ORG_WALLET_1778160275505_F41736F76EA9","ORG_1ea32c1b16bc4f64adf2679b","ORG_3e4a83201e5b4f7dbdb74422","26.09","0.02609","26.11609","USD","CONFIRMED","2026-05-07T15:20:06.945Z"
"626","79e7bb33-e287-4598-a11d-2b736ed8f605","TX_1778167206948_9F99F063268D","WALLET_1778067202023_7BFE17ECAE335","ORG_WALLET_1778160282882_721F365A8568","16","ORG_ca0453f9444845208f60654d","34.74","0.03474","34.77474","USD","CONFIRMED","2026-05-07T15:20:06.948Z"
"627","72d7d495-b227-4d2e-a5d9-f6334b37273f","TX_1778167206952_1F6DB4971749","ORG_WALLET_1778160272769_FD7534EDEC66","ORG_WALLET_1778160268893_3F8C90E5DA98","ORG_ac4284f48d50479c9cabbf1e","ORG_a34da9d20f934482ba962b14","20.4","0.0204","20.4204","USD","CONFIRMED","2026-05-07T15:20:06.952Z"
"628","be4a620d-435b-4ece-9831-24307c65a1de","TX_1778167206956_CAAB0880826D","ORG_WALLET_1778160269907_D47531E61879","ORG_WALLET_1778160271588_5AEBB5495957","ORG_c3b862b4e7ff4ce4a8bdd56e","ORG_ecce5b9c9b2d4c3aaf74df2b","44.47","0.04447","44.51447","USD","CONFIRMED","2026-05-07T15:20:06.956Z"
"629","75f77d8d-5a2d-49c4-9994-7e6ff5c99ee5","TX_1778167206961_FA9D8822AA50","ORG_WALLET_1778160277450_8AAEAFBE7345","ORG_WALLET_1778160279570_C6CB51444C14","ORG_b603d78d287c474f87488af3","ORG_f4a88f302b404a3d88306ab9","4.91","0.00491","4.91491","USD","CONFIRMED","2026-05-07T15:20:06.961Z"
"630","fbdf9b55-cefd-4351-a79f-f76a79a157c0","TX_1778167206964_93619D2649E9","ORG_WALLET_1778160270828_FCD6A452F375","ORG_WALLET_1778160280229_2A2D74805156","ORG_6a112b620a3b4d9db1c1b50d","ORG_6312f8a7d3254be0a87733a6","44.8","0.0448","44.8448","USD","CONFIRMED","2026-05-07T15:20:06.964Z"
"631","4d6f2e52-6c51-4d02-9388-e3d1f4f44be8","TX_1778167206968_9678B36BBA99","ORG_WALLET_1778160272087_2324BE187015","ORG_WALLET_1778160269819_4C4BAD6CD589","ORG_1947e9ee30de4becb2794d04","ORG_bbc3a46f4c964cf397cfedac","1.41","0.00141","1.41141","USD","CONFIRMED","2026-05-07T15:20:06.968Z"
"632","493d6849-7091-462d-b1da-938eebc2c81a","TX_1778167206972_60BCFF3EEC80","ORG_WALLET_1778160270079_0C0EAE39BC93","ORG_WALLET_1778160275178_6BFE22ABCAE0","ORG_fdc6ce67a3af4909bf689efd","ORG_f8763b870e3945858dab1964","28.45","0.02845","28.47845","USD","CONFIRMED","2026-05-07T15:20:06.972Z"
"633","e58fa90d-3582-42a9-bbc6-63d5d9cf1fa5","TX_1778167206980_4BF81DE07A90","ORG_WALLET_1778160282538_2FB7C9E73DEE","ORG_WALLET_1778160275589_C9E67150825E","ORG_6328ec72b8d1427a882a8d14","ORG_63e743b83e9d4500b9679527","27.83","0.02783","27.85783","USD","CONFIRMED","2026-05-07T15:20:06.980Z"
"634","2c7c109e-5952-45a7-8749-574bb6a1156c","TX_1778167206985_30C3883455DA","ORG_WALLET_1778160282372_B62DC72D41CD","ORG_WALLET_1778160273191_9F74EE690DA4","ORG_390298c5f209426d9b91ea2b","ORG_bfd0a100c1f54521bf3575d3","11.94","0.01194","11.95194","USD","CONFIRMED","2026-05-07T15:20:06.985Z"
"635","6efec09b-7997-42da-9af6-f45b76f125dc","TX_1778167206989_F59EECEB56C0","ORG_WALLET_1778160282622_50BBD01DB0E0","ORG_WALLET_1778160273686_674A3BB67D22","ORG_7165931dc11d448fbc2f29f4","ORG_938d73070d6540978566cca4","34.22","0.03422","34.25422","USD","CONFIRMED","2026-05-07T15:20:06.989Z"
"636","92767bf5-fdf5-4a62-8b6b-76b3cd94e148","TX_1778167206994_2BFE2B93587D","ORG_WALLET_1778160269142_CB003D9B2929","ORG_WALLET_1778160272683_71FAC55E21B5","ORG_288825f92b7e403785420727","ORG_e09e5d36254c4580a291d44a","23.09","0.02309","23.11309","USD","CONFIRMED","2026-05-07T15:20:06.994Z"
"637","86824722-6b3f-407b-9c48-0621ff5345cd","TX_1778167206998_BDBA1F3DD17A","ORG_WALLET_1778160279487_4104A58B1146","ORG_WALLET_1778160276412_51B6857CB493","ORG_c15b8bf2293b4ea39f843947","ORG_bd5fbb777a224d3a93208bf3","13.32","0.01332","13.33332","USD","CONFIRMED","2026-05-07T15:20:06.998Z"
"638","1b435123-9722-4cc9-b278-34abe75c4525","TX_1778167207001_C39C03094FE6","ORG_WALLET_1778160271754_0357D97220C1","WALLET_1778146559160_44AE5F5A8DE82","ORG_25fbaf76c088457a8422b979","554069","21.29","0.02129","21.31129","USD","CONFIRMED","2026-05-07T15:20:07.002Z"
"639","77621d58-e49b-4bc9-afb7-f6429056232c","TX_1778167207005_A1038BBC8E47","ORG_WALLET_1778160272004_218D14D9D927","ORG_WALLET_1778160275014_18D1A4CDCE47","ORG_9e0677e9cdda4332a318f099","ORG_1279f3ac8c8345a9bd0d57cf","6.85","0.00685","6.85685","USD","CONFIRMED","2026-05-07T15:20:07.005Z"
"640","4254a953-a58f-4980-a7d5-064f72d8f12d","TX_1778167207008_B8483CC55241","ORG_WALLET_1778160280063_AAF51069402B","ORG_WALLET_1778160275671_04596EB26676","ORG_9ebccad56d8746aba1f28a74","ORG_cb4afdce1d614e709ea35423","13.88","0.01388","13.89388","USD","CONFIRMED","2026-05-07T15:20:07.008Z"
"641","77740290-f616-4728-8874-524794e9d541","TX_1778167207014_2AEE87DBE2CF","ORG_WALLET_1778160279159_80BBBFF13FEC","ORG_WALLET_1778160280975_445C3B87B0E4","ORG_8bc1abe06d03488889664f63","ORG_7afe70881d4b4bf698b08a22","44.6","0.0446","44.6446","USD","CONFIRMED","2026-05-07T15:20:07.014Z"
"642","462df4f5-1aea-484c-8605-3ea2d2e7d20b","TX_1778167207018_6CF7A5BB5E8D","ORG_WALLET_1778160277365_03FDBA4E2E67","ORG_WALLET_1778160278386_D640F5E98EC7","ORG_4630e3b4b65b4eda89b6f23b","ORG_ab9877b6b83245749a5629bb","7.49","0.00749","7.49749","USD","CONFIRMED","2026-05-07T15:20:07.018Z"
"643","758cf866-b541-411e-abc2-386361f15f93","TX_1778167207022_4CC51F72DA15","ORG_WALLET_1778160275589_C9E67150825E","WALLET_1778159049528_C73FC1C68B888","ORG_63e743b83e9d4500b9679527","900477","11.61","0.01161","11.62161","USD","CONFIRMED","2026-05-07T15:20:07.022Z"
"644","3fdc2800-a423-433f-8db6-6bebb46bd2dd","TX_1778167207027_8AC977D89048","ORG_WALLET_1778160272597_395AFF437375","ORG_WALLET_1778160270828_FCD6A452F375","ORG_27f72ecdd7eb4a9f89c477ac","ORG_6a112b620a3b4d9db1c1b50d","19.7","0.0197","19.7197","USD","CONFIRMED","2026-05-07T15:20:07.027Z"
"645","4bf7c891-a9a9-416e-bffa-a0c7f704e773","TX_1778167207032_3218748E36AF","ORG_WALLET_1778160279405_6EA22C73E2BE","ORG_WALLET_1778160273021_441FA524915E","ORG_02818d54afb548d3ab4e4a7c","ORG_a71d85d229504155adb16888","37.7","0.0377","37.7377","USD","CONFIRMED","2026-05-07T15:20:07.032Z"
"646","5cb3fc16-8385-4ea1-947f-15a5eeefaa9d","TX_1778167207036_C7D90B009944","ORG_WALLET_1778160272171_3E1E9FC7005B","ORG_WALLET_1778160270828_FCD6A452F375","ORG_cf345c7615cd49f19d54be4b","ORG_6a112b620a3b4d9db1c1b50d","34.84","0.03484","34.87484","USD","CONFIRMED","2026-05-07T15:20:07.036Z"
"647","9b807a37-0674-4ca2-b756-93c23434939f","TX_1778167207039_3EE4D5DEACA4","ORG_WALLET_1778160278746_7064FF0F96E8","ORG_WALLET_1778160270494_527614AD5ED1","ORG_7cd6695ce0d64ff3815c79cb","ORG_52501adb75e9456880834763","6.84","0.00684","6.84684","USD","CONFIRMED","2026-05-07T15:20:07.039Z"
"648","d93278ac-5119-4b8c-8eac-301facf0a11c","TX_1778167207042_B1239F2BD56B","ORG_WALLET_1778160281146_B8874C5AC610","ORG_WALLET_1778160271922_7B17C247593D","ORG_ae90e61e64ff48a089d9a554","ORG_65c1186c01ec473e8828d351","40.75","0.04075","40.79075","USD","CONFIRMED","2026-05-07T15:20:07.043Z"
"649","6dccccdf-0e5d-41b1-81b2-fb3bc907fcfe","TX_1778167207047_38BDE44978F5","ORG_WALLET_1778160270828_FCD6A452F375","ORG_WALLET_1778160273768_A69B0D0A7F28","ORG_6a112b620a3b4d9db1c1b50d","ORG_8b82065a06c744edb8815cb9","18.92","0.01892","18.93892","USD","CONFIRMED","2026-05-07T15:20:07.047Z"
"650","9bac918f-50e4-494a-977d-69741b37aaa8","TX_1778167207051_FA612FADA910","ORG_WALLET_1778160270244_8FA5322D5953","ORG_WALLET_1778160278215_9B0E7B324524","ORG_2a4b739bfe4b4248b59c8c60","ORG_23c3b1e647eb4bf9ae6d36a7","45.66","0.04566","45.70566","USD","CONFIRMED","2026-05-07T15:20:07.051Z"
"651","fa875d81-bb24-4b31-a1a5-370ef46d0b8c","TX_1778167207055_7DDE92ADAB18","ORG_WALLET_1778160275589_C9E67150825E","ORG_WALLET_1778160277780_7B2360B8CA09","ORG_63e743b83e9d4500b9679527","ORG_a676d43c972f45ff882825e6","31.1","0.0311","31.1311","USD","CONFIRMED","2026-05-07T15:20:07.055Z"
"652","2e4f9460-5f40-43f7-94a0-4be218b0a497","TX_1778167207059_D96C25AA1885","ORG_WALLET_1778160272938_24D08982CD31","ORG_WALLET_1778160271003_F583CBD68022","ORG_1e01824ab59a4e68ae11f7a3","ORG_a73f457b6aeb4420a9d5bd5b","46.84","0.04684","46.88684","USD","CONFIRMED","2026-05-07T15:20:07.059Z"
"653","6cb3ac78-9df7-4fbc-84e8-99bb8869a951","TX_1778167207065_91BCEE7BB364","ORG_WALLET_1778160269819_4C4BAD6CD589","ORG_WALLET_1778160275097_4BF89DCDF762","ORG_bbc3a46f4c964cf397cfedac","ORG_0f101297e7a64f86b1cf05c2","10.23","0.01023","10.24023","USD","CONFIRMED","2026-05-07T15:20:07.065Z"
"654","e620288a-64a0-47d4-88f9-87849f4e1db8","TX_1778167207069_94A4B3BCEF5D","ORG_WALLET_1778160275097_4BF89DCDF762","ORG_WALLET_1778160278300_D29F97057D02","ORG_0f101297e7a64f86b1cf05c2","ORG_fd7b8664935248b5999f8970","2.73","0.00273","2.73273","USD","CONFIRMED","2026-05-07T15:20:07.069Z"
"655","ab508ad5-72ba-47c9-870c-dd3b4f46968b","TX_1778167207072_6CE4F93AD12A","WALLET_1778154970895_D82B934E18EF1","ORG_WALLET_1778160277199_E35225A60825","900475","ORG_27c30d81ee7a4fb88450f457","35.24","0.03524","35.27524","USD","CONFIRMED","2026-05-07T15:20:07.072Z"
"656","cb4a6399-6858-4815-b980-0475eac0c436","TX_1778167207076_CFE580F54FFE","ORG_WALLET_1778160273850_0D5093565581","ORG_WALLET_1778160282538_2FB7C9E73DEE","ORG_33b9e287d79e4e8c9fba6274","ORG_6328ec72b8d1427a882a8d14","44.88","0.04488","44.92488","USD","CONFIRMED","2026-05-07T15:20:07.076Z"
"657","b6278626-7326-4be9-a07c-e2a984ed140a","TX_1778167207079_A84A8E4A0703","ORG_WALLET_1778160274262_42055E8BD8F4","ORG_WALLET_1778160275589_C9E67150825E","ORG_f8f1b069c0684be2875182d8","ORG_63e743b83e9d4500b9679527","14.87","0.01487","14.88487","USD","CONFIRMED","2026-05-07T15:20:07.079Z"
"658","d2acb439-3aa1-4bb3-ad06-65294311ac29","TX_1778167207082_3556BE983D7B","ORG_WALLET_1778160273603_8FD5638257B0","ORG_WALLET_1778160275505_F41736F76EA9","ORG_b209686058a44bbcae11cd83","ORG_3e4a83201e5b4f7dbdb74422","1.11","0.00111","1.11111","USD","CONFIRMED","2026-05-07T15:20:07.082Z"
"659","701baf4e-d1f4-4580-a424-9e339c1bc78e","TX_1778167207086_808F898DBD77","ORG_WALLET_1778160281672_AC2B16ED3152","WALLET_1778070501985_A574CF7592927","ORG_ca5644b10bba4f4bb4d442cd","19","13.9","0.0139","13.9139","USD","CONFIRMED","2026-05-07T15:20:07.086Z"
"660","3183cca5-2da4-4e08-a8a0-b2cc390ba427","TX_1778167207089_EEC0F6BA35AA","ORG_WALLET_1778160282199_5426CD38E9D1","WALLET_1778154970895_D82B934E18EF1","ORG_f2aa8c43d06346a09f7f1a33","900475","18.29","0.01829","18.30829","USD","CONFIRMED","2026-05-07T15:20:07.089Z"
"661","1ba00694-b211-4878-8a23-82e6fb2c47ca","TX_1778167207093_AC3C19A1C19B","WALLET_1778159049528_C73FC1C68B888","WALLET_1778139950788_F2A29AB7B72B7","900477","21","18.76","0.01876","18.77876","USD","CONFIRMED","2026-05-07T15:20:07.093Z"
"662","9937931a-04db-4eb1-8046-66180bf1de97","TX_1778167207099_D26DAE423247","ORG_WALLET_1778160276331_4051DC1CA743","ORG_WALLET_1778160283046_9BD4F086F512","ORG_3a9b9c870e0640eeb07e124b","ORG_4583de686dcd47b699bf4049","41.2","0.0412","41.2412","USD","CONFIRMED","2026-05-07T15:20:07.099Z"
"663","eacfe59a-3202-4206-87e4-72da8c1c3cd2","TX_1778167207103_A96EF3A1CBEF","WALLET_1778067139764_D220C5EF78856","ORG_WALLET_1778160271503_26D7F9F47165","13","ORG_3284baf117844e8289acfa39","42.94","0.04294","42.98294","USD","CONFIRMED","2026-05-07T15:20:07.103Z"
"664","af6492cf-e442-4d95-8399-2ff7d46ed0c5","TX_1778167207108_07AF3B87A8A7","WALLET_1778067202023_7BFE17ECAE335","ORG_WALLET_1778160278996_A269C7AD8721","16","ORG_1f8d33ab9ab44b54bd42620f","7.44","0.00744","7.44744","USD","CONFIRMED","2026-05-07T15:20:07.108Z"
"665","765e2178-7cde-47a7-8c5a-859e8026247b","TX_1778167207112_FD1D92CDE1CB","ORG_WALLET_1778160269547_3BA2D4A87165","ORG_WALLET_1778160272938_24D08982CD31","ORG_08c99def34c34b7a943795e8","ORG_1e01824ab59a4e68ae11f7a3","33.66","0.03366","33.69366","USD","CONFIRMED","2026-05-07T15:20:07.112Z"
"666","e61d12f5-f44a-4410-a029-ada9588bc598","TX_1778167207116_FD54AAF06306","ORG_WALLET_1778160276166_F5F14DB4910B","ORG_WALLET_1778160275753_082C4EAF7EAE","ORG_85042eae537c4c1cb51c1e84","ORG_adf8170288c4481488d92098","6.83","0.00683","6.83683","USD","CONFIRMED","2026-05-07T15:20:07.116Z"
"667","c6a7fcf0-e4c1-43c5-b4b8-1acc3d1b3d95","TX_1778167207120_85D9CE376A0D","ORG_WALLET_1778160278215_9B0E7B324524","ORG_WALLET_1778160278570_DC0BF9503FE1","ORG_23c3b1e647eb4bf9ae6d36a7","ORG_0491778a7f0d4b3396e7c742","26.32","0.02632","26.34632","USD","CONFIRMED","2026-05-07T15:20:07.120Z"
"668","4ac83510-2578-4b46-981a-0299713892f5","TX_1778167207124_FE79496279A4","ORG_WALLET_1778160272254_7495A0C77CC7","ORG_WALLET_1778160281587_7507D0163D18","ORG_69dea77248dd439b8f15d0cd","ORG_0130bc4c8a4f483db60b9a07","9.56","0.00956","9.56956","USD","CONFIRMED","2026-05-07T15:20:07.124Z"
"669","a92aec39-75b2-4688-8e22-3d4433b2ff56","TX_1778167207128_E0859DB15DE3","ORG_WALLET_1778160279241_D1D6C1B2EAAB","ORG_WALLET_1778160283458_0920F8B3705D","ORG_a86f8c15d8ce4214ae8d4b54","ORG_94651c45d31b407fad86b7ef","27.83","0.02783","27.85783","USD","CONFIRMED","2026-05-07T15:20:07.128Z"
"670","48b6e9db-e06e-45d6-b80d-9a6f32312a32","TX_1778167207134_872F65B467B8","ORG_WALLET_1778160279487_4104A58B1146","ORG_WALLET_1778160270494_527614AD5ED1","ORG_c15b8bf2293b4ea39f843947","ORG_52501adb75e9456880834763","20.46","0.02046","20.48046","USD","CONFIRMED","2026-05-07T15:20:07.134Z"
"671","21b2ab95-08e3-402e-b499-10300cf45627","TX_1778167207138_A25C7B4BB4E5","ORG_WALLET_1778160277780_7B2360B8CA09","ORG_WALLET_1778160281313_EE9CB4E26C8C","ORG_a676d43c972f45ff882825e6","ORG_aa878780244041f0ae807e6b","46.23","0.04623","46.27623","USD","CONFIRMED","2026-05-07T15:20:07.138Z"
"672","07b11cbd-ddaa-4193-bd02-d04e3bc000e0","TX_1778167207142_C8B18D3F1D9F","ORG_WALLET_1778160283046_9BD4F086F512","ORG_WALLET_1778160279570_C6CB51444C14","ORG_4583de686dcd47b699bf4049","ORG_f4a88f302b404a3d88306ab9","11.49","0.01149","11.50149","USD","CONFIRMED","2026-05-07T15:20:07.142Z"
"673","a181911e-d7c4-47de-9d3c-f1556a13f36f","TX_1778167207146_BB7B7C1A67C7","ORG_WALLET_1778160275097_4BF89DCDF762","ORG_WALLET_1778160270410_EEC9BBFE5154","ORG_0f101297e7a64f86b1cf05c2","ORG_9f9a3d44b94a4515b31ff405","43.78","0.04378","43.82378","USD","CONFIRMED","2026-05-07T15:20:07.146Z"
"674","cb10a2cc-47b5-4c7c-9a92-ef27b03ebf61","TX_1778167207151_60098346A144","WALLET_1778160871693_0EA008B15BECE","ORG_WALLET_1778160268806_57EC325FBE88","900478","ORG_6b079307700d496bb62aa72c","41.97","0.04197","42.01197","USD","CONFIRMED","2026-05-07T15:20:07.151Z"
"675","675f1424-6c59-4848-a346-d53d5d97e73d","TX_1778167207156_44CE426DE455","ORG_WALLET_1778160280975_445C3B87B0E4","ORG_WALLET_1778160280229_2A2D74805156","ORG_7afe70881d4b4bf698b08a22","ORG_6312f8a7d3254be0a87733a6","27.68","0.02768","27.70768","USD","CONFIRMED","2026-05-07T15:20:07.156Z"
"676","2b3ed00c-bb52-4cc3-b39a-e3ccc4f4ee45","TX_1778167207161_707A3FFCD7CE","ORG_WALLET_1778160276669_B5FBDAD5E398","ORG_WALLET_1778160281852_844849EF2828","ORG_9e23f808f3544113a4ba0620","ORG_3fd58db1eff04be0b03a5642","11.94","0.01194","11.95194","USD","CONFIRMED","2026-05-07T15:20:07.161Z"
"677","30e238b0-8898-4155-95c9-949af32d9e1c","TX_1778167207165_78DED6AAD1A3","ORG_WALLET_1778160271003_F583CBD68022","ORG_WALLET_1778160275836_D546B4A6AA4D","ORG_a73f457b6aeb4420a9d5bd5b","ORG_6cca990bda20451bb3b152ba","29.97","0.02997","29.99997","USD","CONFIRMED","2026-05-07T15:20:07.165Z"
"678","c90976c7-b4f3-46c1-8469-450c22c57906","TX_1778167207170_C3EE460ED5C7","ORG_WALLET_1778160274766_F1C3DC6076C5","ORG_WALLET_1778160270161_15BA2E79E909","ORG_20a1c457345d4a89afd74ee2","ORG_1389028bc1614aaa99dcd487","45.22","0.04522","45.26522","USD","CONFIRMED","2026-05-07T15:20:07.170Z"
"679","a2999270-9ffe-43fe-90ad-3904d5d2f6ee","TX_1778167207175_91D5B46ADA55","ORG_WALLET_1778160277199_E35225A60825","ORG_WALLET_1778160278215_9B0E7B324524","ORG_27c30d81ee7a4fb88450f457","ORG_23c3b1e647eb4bf9ae6d36a7","45.8","0.0458","45.8458","USD","CONFIRMED","2026-05-07T15:20:07.175Z"
"680","2309acd9-65d9-44d5-8aa9-b11e0f9bf208","TX_1778167207180_ECF8B13E2B6D","ORG_WALLET_1778160282964_AC07329D4648","WALLET_1778153631813_640BB05C64D8D","ORG_3265ae8f978f4b7d9d6e5fa9","629571","15.76","0.01576","15.77576","USD","CONFIRMED","2026-05-07T15:20:07.180Z"
"681","a142842b-9e12-43bb-9c4e-714cc69649cb","TX_1778167207186_0B7C0FC83264","WALLET_1778139950788_F2A29AB7B72B7","WALLET_1778070501985_A574CF7592927","21","19","31.49","0.03149","31.52149","USD","CONFIRMED","2026-05-07T15:20:07.186Z"
"682","dc2f0da5-e250-45ef-9796-b30e8d5f8eb2","TX_1778167207192_F1E9CA0BBF52","ORG_WALLET_1778160282622_50BBD01DB0E0","ORG_WALLET_1778160277780_7B2360B8CA09","ORG_7165931dc11d448fbc2f29f4","ORG_a676d43c972f45ff882825e6","19.19","0.01919","19.20919","USD","CONFIRMED","2026-05-07T15:20:07.192Z"
"683","b46d7db3-05cc-41a2-bbf7-1dbed12e9417","TX_1778167207196_1CA20802208E","ORG_WALLET_1778160272340_1AE5D72A11D5","ORG_WALLET_1778160275505_F41736F76EA9","ORG_85680328ba424fdb8c6f80c4","ORG_3e4a83201e5b4f7dbdb74422","3.39","0.00339","3.39339","USD","CONFIRMED","2026-05-07T15:20:07.196Z"
"684","52c5471c-d6a9-41aa-9fc6-3914285db0a3","TX_1778167207200_CF6BCF03FF78","ORG_WALLET_1778160283706_5010AC071A4D","ORG_WALLET_1778160282795_9C53EAE8B868","ORG_0562df46bdb2435a9dbe31ce","ORG_5c4beb22cfcd447399663e8d","39.95","0.03995","39.98995","USD","CONFIRMED","2026-05-07T15:20:07.200Z"
"685","a050d440-857d-415e-b9eb-6b9fc85cf708","TX_1778167207204_26C5E7130949","WALLET_1778146559160_44AE5F5A8DE82","ORG_WALLET_1778160276854_01DB22D26B59","554069","ORG_96abde570dc346cb8fa1c4f8","5.21","0.00521","5.21521","USD","CONFIRMED","2026-05-07T15:20:07.204Z"
"686","f4c288e9-a85f-4eb2-93f2-2c40e6fb89c2","TX_1778167207208_7A5CF6EB8542","ORG_WALLET_1778160280723_76881A40B86C","ORG_WALLET_1778160281062_85389B0F8FB2","ORG_ffb1b562e6c24779bc734630","ORG_37f71cc8ea3140579b5187c2","22.8","0.0228","22.8228","USD","CONFIRMED","2026-05-07T15:20:07.208Z"
"687","d8786654-5754-4368-a5d9-94f9151f00f3","TX_1778167207212_FC0F2BD55AFC","ORG_WALLET_1778160272004_218D14D9D927","WALLET_1778139950788_F2A29AB7B72B7","ORG_9e0677e9cdda4332a318f099","21","9.25","0.00925","9.25925","USD","CONFIRMED","2026-05-07T15:20:07.213Z"
"688","e86b4b93-ca44-419e-a864-451787865126","TX_1778167207218_1F1392FE3F6D","ORG_WALLET_1778160282372_B62DC72D41CD","ORG_WALLET_1778160277948_02E3D888EC83","ORG_390298c5f209426d9b91ea2b","ORG_da6ada1190384d80bd40ae29","3.08","0.00308","3.08308","USD","CONFIRMED","2026-05-07T15:20:07.218Z"
"689","6ed27986-15c5-4729-bc82-3f707382f677","TX_1778167207222_C965FFCE2234","ORG_WALLET_1778160270494_527614AD5ED1","ORG_WALLET_1778160279487_4104A58B1146","ORG_52501adb75e9456880834763","ORG_c15b8bf2293b4ea39f843947","41.4","0.0414","41.4414","USD","CONFIRMED","2026-05-07T15:20:07.222Z"
"690","4f61ff70-539c-4d0c-9e5d-d075152947a4","TX_1778167207226_9934F8A26E36","ORG_WALLET_1778160277780_7B2360B8CA09","ORG_WALLET_1778160282024_FE7C5E5B3F76","ORG_a676d43c972f45ff882825e6","ORG_fd61c0ae121b408888561065","39.99","0.03999","40.02999","USD","CONFIRMED","2026-05-07T15:20:07.226Z"
"691","9a2d58c8-2351-4595-b135-303582f5d4fc","TX_1778167207231_820818CB6B37","WALLET_1778153906827_07651C59B5DEE","ORG_WALLET_1778160279241_D1D6C1B2EAAB","900473","ORG_a86f8c15d8ce4214ae8d4b54","12.16","0.01216","12.17216","USD","CONFIRMED","2026-05-07T15:20:07.231Z"
"692","82377ff9-0d4a-4087-90fa-07f94f77fc11","TX_1778167207235_9DE828707906","ORG_WALLET_1778160277199_E35225A60825","WALLET_1778143333918_F039E75D04FE3","ORG_27c30d81ee7a4fb88450f457","311287","28.52","0.02852","28.54852","USD","CONFIRMED","2026-05-07T15:20:07.235Z"
"693","e7d6cd51-17f5-44fc-ab44-2c329764d4d6","TX_1778167207239_D14E3AF11070","ORG_WALLET_1778160278483_35C5D56EB87C","ORG_WALLET_1778160270744_5C3A6545AD72","ORG_324af165c31348f89951e21f","ORG_4a6dba69e91e40eaae01a77f","45.26","0.04526","45.30526","USD","CONFIRMED","2026-05-07T15:20:07.239Z"
"694","ef2b81e4-e492-47f6-95c7-7a0a4235bfa8","TX_1778167207243_2C7812A00D1A","ORG_WALLET_1778160282284_EC6234CEFA04","ORG_WALLET_1778160280313_BC5103AB96CB","ORG_5b9400e661504c4f968243c0","ORG_383affa12a9d41fba9370e9c","34.06","0.03406","34.09406","USD","CONFIRMED","2026-05-07T15:20:07.243Z"
"695","9aa1d5c7-2927-4060-8d63-f8bee3c46440","TX_1778167207248_56634FF3ED10","ORG_WALLET_1778160278656_2AA9E6362FDE","WALLET_1778067202023_7BFE17ECAE335","ORG_8121c92f968d451094666b4d","16","26.73","0.02673","26.75673","USD","CONFIRMED","2026-05-07T15:20:07.248Z"
"696","2305be77-f5f2-4b4c-8132-4bf79a740e03","TX_1778167207251_B485C8A37502","ORG_WALLET_1778160272938_24D08982CD31","ORG_WALLET_1778160273021_441FA524915E","ORG_1e01824ab59a4e68ae11f7a3","ORG_a71d85d229504155adb16888","23.42","0.02342","23.44342","USD","CONFIRMED","2026-05-07T15:20:07.252Z"
"697","e6e747ba-106e-4f67-8448-1049752f29ee","TX_1778167207255_5B7C36B83F61","ORG_WALLET_1778158080621_9D3B20D175BC1","ORG_WALLET_1778160276331_4051DC1CA743","ORG_1d0a64007d7149ba8b5a7aa3","ORG_3a9b9c870e0640eeb07e124b","38.91","0.03891","38.94891","USD","CONFIRMED","2026-05-07T15:20:07.255Z"
"698","659d51bb-4f8a-466d-837e-a4fd6abe9fa2","TX_1778167207259_EA2704F045CB","ORG_WALLET_1778160269996_0B5992C7E17C","ORG_WALLET_1778160272769_FD7534EDEC66","ORG_7fecdb9f77414f1e86f310d9","ORG_ac4284f48d50479c9cabbf1e","4.77","0.00477","4.77477","USD","CONFIRMED","2026-05-07T15:20:07.259Z"
"699","67e2bc87-e6b1-4330-82cb-529aa014de77","TX_1778167207263_20543D09C51C","ORG_WALLET_1778160272769_FD7534EDEC66","ORG_WALLET_1778160275260_2FA5B71E69EF","ORG_ac4284f48d50479c9cabbf1e","ORG_36825afef0744860ab8035f2","31.17","0.03117","31.20117","USD","CONFIRMED","2026-05-07T15:20:07.263Z"
"700","3d81d48a-e525-4dd6-b17e-b2a9d7600eef","TX_1778167207267_8F636C57E3BC","ORG_WALLET_1778160275341_7016E58B21CB","ORG_WALLET_1778160279817_5EFE6A9486F3","ORG_ba1f38d427344ade8b8000aa","ORG_9ba2d7575584423586bec8a3","49.33","0.04933","49.37933","USD","CONFIRMED","2026-05-07T15:20:07.267Z"
"701","efc36518-980a-4924-80f9-5ce0e2bb1adb","TX_1778167207271_CCD4CE20EF2D","ORG_WALLET_1778160271588_5AEBB5495957","ORG_WALLET_1778160279735_472CEB450301","ORG_ecce5b9c9b2d4c3aaf74df2b","ORG_6575120899be4b2b93a8295a","33.37","0.03337","33.40337","USD","CONFIRMED","2026-05-07T15:20:07.271Z"
"702","5c2ab5d4-44ee-4d59-98e3-e5dd7a920965","TX_1778167207275_8B7B1F84FC92","ORG_WALLET_1778160278829_27222539D362","ORG_WALLET_1778160281852_844849EF2828","ORG_3f069e8026b3411fb09ee1b9","ORG_3fd58db1eff04be0b03a5642","32.69","0.03269","32.72269","USD","CONFIRMED","2026-05-07T15:20:07.275Z"
"703","5426cfed-e5df-440b-8c7b-12349388a773","TX_1778167207279_DE6DC93687C3","ORG_WALLET_1778160281587_7507D0163D18","ORG_WALLET_1778160276669_B5FBDAD5E398","ORG_0130bc4c8a4f483db60b9a07","ORG_9e23f808f3544113a4ba0620","46.13","0.04613","46.17613","USD","CONFIRMED","2026-05-07T15:20:07.279Z"
"704","cc1e4fe0-38b8-42d3-8042-270c8fe0781c","TX_1778167207283_D815C5155F26","ORG_WALLET_1778160279817_5EFE6A9486F3","ORG_WALLET_1778160281940_C938801D48CF","ORG_9ba2d7575584423586bec8a3","ORG_db20c1255ff54714bcf79451","18.24","0.01824","18.25824","USD","CONFIRMED","2026-05-07T15:20:07.284Z"
"705","a6202e7b-2ad9-4865-bd0c-49a3f7c1e30b","TX_1778167207287_D38FF20225EB","ORG_WALLET_1778160278386_D640F5E98EC7","ORG_WALLET_1778160281940_C938801D48CF","ORG_ab9877b6b83245749a5629bb","ORG_db20c1255ff54714bcf79451","40.31","0.04031","40.35031","USD","CONFIRMED","2026-05-07T15:20:07.287Z"
"706","39b96677-40aa-4eba-b218-63bb0f45db58","TX_1778167207291_D344A891C4F7","ORG_WALLET_1778160276166_F5F14DB4910B","ORG_WALLET_1778160282116_06B29CDD554E","ORG_85042eae537c4c1cb51c1e84","ORG_4e2887482991445eb836ba60","23","0.023","23.023","USD","CONFIRMED","2026-05-07T15:20:07.291Z"
"707","30704bcd-1fb4-40a5-87ae-6a3906fffb9f","TX_1778167207295_4CA6ABCAB224","ORG_WALLET_1778160274516_CEC24B06855F","ORG_WALLET_1778160277696_1E4BED96895A","ORG_cf3821c41c2a41c7a668fc65","ORG_98c417cc5a45471cb8d8400e","3.65","0.00365","3.65365","USD","CONFIRMED","2026-05-07T15:20:07.295Z"
"708","ad1d1ff7-e9f9-4f3a-9fec-ad4e06d4e07f","TX_1778167207299_172E4A4EF16B","ORG_WALLET_1778160278656_2AA9E6362FDE","ORG_WALLET_1778158080621_9D3B20D175BC1","ORG_8121c92f968d451094666b4d","ORG_1d0a64007d7149ba8b5a7aa3","31.53","0.03153","31.56153","USD","CONFIRMED","2026-05-07T15:20:07.299Z"
"709","1e9dc564-20a4-4c98-9e3e-d85b63042154","TX_1778167207303_684871D8EB29","ORG_WALLET_1778160270327_6C4C9C272F9B","ORG_WALLET_1778160273850_0D5093565581","ORG_029c24335b3e47f1b1bfb215","ORG_33b9e287d79e4e8c9fba6274","27.77","0.02777","27.79777","USD","CONFIRMED","2026-05-07T15:20:07.303Z"
"710","49caf350-0bf8-4d90-ba41-edf5b7943489","TX_1778167207307_2B0829F4DE31","ORG_WALLET_1778160279159_80BBBFF13FEC","ORG_WALLET_1778160279982_912AFF7751A5","ORG_8bc1abe06d03488889664f63","ORG_0516915df7d441f2b287f550","46.1","0.0461","46.1461","USD","CONFIRMED","2026-05-07T15:20:07.307Z"
"711","b7ffc3eb-3a89-4d3a-85cc-df32e076387a","TX_1778167207311_5174F50C33A1","ORG_WALLET_1778160270410_EEC9BBFE5154","ORG_WALLET_1778160283294_DD0951E0B2B5","ORG_9f9a3d44b94a4515b31ff405","ORG_954c8c749d354ee6bf59a4ec","48.02","0.04802","48.06802","USD","CONFIRMED","2026-05-07T15:20:07.311Z"
"712","8c711d2f-f3ab-4553-a846-1461b75d9b83","TX_1778167207315_CF0CD0E77F7C","ORG_WALLET_1778160283212_04E49AAB0147","ORG_WALLET_1778160269455_E26051935907","ORG_c11a6f2d78c941cea491491c","ORG_631c51145ae141e2a709d288","47.28","0.04728","47.32728","USD","CONFIRMED","2026-05-07T15:20:07.315Z"
"713","58bc6a8d-a6e2-4a1f-b104-0d9d3de3e814","TX_1778167207319_26C2C4FCE2CD","ORG_WALLET_1778160273191_9F74EE690DA4","ORG_WALLET_1778160275097_4BF89DCDF762","ORG_bfd0a100c1f54521bf3575d3","ORG_0f101297e7a64f86b1cf05c2","23.86","0.02386","23.88386","USD","CONFIRMED","2026-05-07T15:20:07.319Z"
"714","9ae48324-c08e-47d6-8726-e0e7fa881b8b","TX_1778167207324_818D15107E2B","WALLET_1778160871693_0EA008B15BECE","WALLET_1778067139764_D220C5EF78856","900478","13","38.18","0.03818","38.21818","USD","CONFIRMED","2026-05-07T15:20:07.324Z"
"715","58ae0ac9-4474-4234-9fd4-ff2d832b0b18","TX_1778167207328_ABCA369AF047","WALLET_1778153631813_640BB05C64D8D","ORG_WALLET_1778160277365_03FDBA4E2E67","629571","ORG_4630e3b4b65b4eda89b6f23b","16.53","0.01653","16.54653","USD","CONFIRMED","2026-05-07T15:20:07.328Z"
"716","676e6b5c-74ea-462c-a0f3-0e6e692402f2","TX_1778167207332_F0DBBDE26740","ORG_WALLET_1778160282706_E877F04E8A8C","ORG_WALLET_1778160274429_B7A0D258D0C2","ORG_2de29862c3dc42e7ac2411df","ORG_ee8a6761bdfa493095c2f4d2","33.35","0.03335","33.38335","USD","CONFIRMED","2026-05-07T15:20:07.332Z"
"717","211f625b-7c57-4e6a-99d9-a3a1558d4b90","TX_1778167207336_C75A5050A29F","ORG_WALLET_1778160270744_5C3A6545AD72","ORG_WALLET_1778160274516_CEC24B06855F","ORG_4a6dba69e91e40eaae01a77f","ORG_cf3821c41c2a41c7a668fc65","3.27","0.00327","3.27327","USD","CONFIRMED","2026-05-07T15:20:07.336Z"
"718","820bbee3-a77e-4b6c-af2d-0a2fb616440d","TX_1778167207340_AA39785D31A5","ORG_WALLET_1778160269349_7AA905F368B7","ORG_WALLET_1778160280145_1BD0EB49AB57","ORG_d960392e058d4b21ae6e9131","ORG_13ab97a389df4a27bdd054a8","13.31","0.01331","13.32331","USD","CONFIRMED","2026-05-07T15:20:07.340Z"
"719","bb11a340-dd7a-4f70-9f9f-00d7fbf915bd","TX_1778167207344_A2BC7B1D5821","ORG_WALLET_1778160270327_6C4C9C272F9B","ORG_WALLET_1778160277036_D88468BE2F0D","ORG_029c24335b3e47f1b1bfb215","ORG_602f8a0e45d24e59815b6795","31.65","0.03165","31.68165","USD","CONFIRMED","2026-05-07T15:20:07.344Z"
"720","072e5b71-cf55-4a44-970d-a0cd6468355f","TX_1778167207349_3565CB6F83C8","WALLET_1778067488069_3704C026E691","ORG_WALLET_1778160281587_7507D0163D18","17","ORG_0130bc4c8a4f483db60b9a07","32.61","0.03261","32.64261","USD","CONFIRMED","2026-05-07T15:20:07.349Z"
"721","ae919b5e-99fd-4c41-819b-dcd54bffc148","TX_1778167207353_BCF6BB51EC9F","ORG_WALLET_1778160273850_0D5093565581","ORG_WALLET_1778160275423_53316FAFBA7A","ORG_33b9e287d79e4e8c9fba6274","ORG_3e2627c9b50d4224b7ce732a","44.53","0.04453","44.57453","USD","CONFIRMED","2026-05-07T15:20:07.353Z"
"722","13adbe24-2efd-4560-8de8-7b35a4f5f888","TX_1778167207357_296AB067181B","ORG_WALLET_1778160278996_A269C7AD8721","ORG_WALLET_1778160283539_F49E60DD73DC","ORG_1f8d33ab9ab44b54bd42620f","ORG_7092abecea7a4c3ea5d476c2","19.8","0.0198","19.8198","USD","CONFIRMED","2026-05-07T15:20:07.357Z"
"723","001f7aff-789c-4bae-bbf3-3f15058e32b9","TX_1778167207360_B16A80779EB1","ORG_WALLET_1778160279078_A5374ADC2320","ORG_WALLET_1778160278130_FD9398A28CB7","ORG_c4b9ddb3c679416b903f4368","ORG_663382d38d544ef9b9ebb2c7","9.52","0.00952","9.52952","USD","CONFIRMED","2026-05-07T15:20:07.360Z"
"724","f704a9e9-747d-48e2-8dd3-24579e11781e","TX_1778167207365_60C31BDDF46E","ORG_WALLET_1778160278300_D29F97057D02","ORG_WALLET_1778160273441_F81077FBB190","ORG_fd7b8664935248b5999f8970","ORG_63cb10b5b1e5475fbd0d95a0","12.31","0.01231","12.32231","USD","CONFIRMED","2026-05-07T15:20:07.365Z"
"725","6ad0fc5b-3786-428f-a45e-0619a692b56f","TX_1778167207369_07075F5C2874","ORG_WALLET_1778160283212_04E49AAB0147","ORG_WALLET_1778160270578_5F67C563B639","ORG_c11a6f2d78c941cea491491c","ORG_577fac19d1184e1da9dc121c","42.45","0.04245","42.49245","USD","CONFIRMED","2026-05-07T15:20:07.369Z"
"726","024fac20-c2ce-4ecf-a7ce-2ea01ac853a2","TX_1778167207373_D37F416C99C6","ORG_WALLET_1778160280229_2A2D74805156","ORG_WALLET_1778160269907_D47531E61879","ORG_6312f8a7d3254be0a87733a6","ORG_c3b862b4e7ff4ce4a8bdd56e","2.49","0.00249","2.49249","USD","CONFIRMED","2026-05-07T15:20:07.373Z"
"727","a32f6b12-cfaf-430e-815c-4abe7cc1386a","TX_1778167207378_AF1ECF971EA1","ORG_WALLET_1778160282456_45B023A9122D","ORG_WALLET_1778160283706_5010AC071A4D","ORG_c6ac8dad23ef42638bc72069","ORG_0562df46bdb2435a9dbe31ce","34.73","0.03473","34.76473","USD","CONFIRMED","2026-05-07T15:20:07.378Z"
"728","84733f35-6ebe-4239-97d8-5606684971ae","TX_1778167207383_6A2BEE83DECB","ORG_WALLET_1778160271169_01A8D14E09DE","ORG_WALLET_1778160282199_5426CD38E9D1","ORG_5111da2a38544e5f9ff43bf1","ORG_f2aa8c43d06346a09f7f1a33","8.79","0.00879","8.79879","USD","CONFIRMED","2026-05-07T15:20:07.383Z"
"729","fa76ccc1-a88a-4d5d-b835-9e3d49a4dbfa","TX_1778167207387_7263D195EC36","ORG_WALLET_1778160278746_7064FF0F96E8","ORG_WALLET_1778160275919_BDF031F0A6D4","ORG_7cd6695ce0d64ff3815c79cb","ORG_6e9b7fd7d6a84f5d89e1f07a","36.29","0.03629","36.32629","USD","CONFIRMED","2026-05-07T15:20:07.387Z"
"730","04187b67-c4a1-43c9-a2a8-333f5b8e5a93","TX_1778167207391_564EB55740BE","ORG_WALLET_1778160274346_C1801622C4F1","ORG_WALLET_1778160277199_E35225A60825","ORG_eb4457964c8e4d2c85073cbc","ORG_27c30d81ee7a4fb88450f457","3.84","0.00384","3.84384","USD","CONFIRMED","2026-05-07T15:20:07.391Z"
"731","602a7416-034e-44cc-be60-89579fc7eccc","TX_1778167207401_F929FB28E319","ORG_WALLET_1778160283706_5010AC071A4D","ORG_WALLET_1778160276576_57F1AE36B2AC","ORG_0562df46bdb2435a9dbe31ce","ORG_bebd64d6740044d1bb3a41b9","13.37","0.01337","13.38337","USD","CONFIRMED","2026-05-07T15:20:07.401Z"
"732","1ef6d4c0-63cc-43cc-b90d-91202d955d70","TX_1778167207405_BEB4B0AEA1B1","ORG_WALLET_1778160269996_0B5992C7E17C","ORG_WALLET_1778160280396_28AA8E30C40A","ORG_7fecdb9f77414f1e86f310d9","ORG_445bfea799664a1a85c09e39","47.93","0.04793","47.97793","USD","CONFIRMED","2026-05-07T15:20:07.405Z"
"733","bd4aaf74-e01c-43af-9ad5-3941b29c74ba","TX_1778167207409_D88037FCD665","ORG_WALLET_1778160283212_04E49AAB0147","ORG_WALLET_1778160279817_5EFE6A9486F3","ORG_c11a6f2d78c941cea491491c","ORG_9ba2d7575584423586bec8a3","37.71","0.03771","37.74771","USD","CONFIRMED","2026-05-07T15:20:07.409Z"
"734","d6817472-ecdb-4313-981a-da2f0756222d","TX_1778167207413_155A8C5FBB9A","ORG_WALLET_1778160280229_2A2D74805156","ORG_WALLET_1778160275836_D546B4A6AA4D","ORG_6312f8a7d3254be0a87733a6","ORG_6cca990bda20451bb3b152ba","25.11","0.02511","25.13511","USD","CONFIRMED","2026-05-07T15:20:07.413Z"
"735","c909dc0b-b73f-4348-b0bd-b494136bf5fc","TX_1778167207417_37864114C954","ORG_WALLET_1778160283376_55A249691809","ORG_WALLET_1778160283128_A2CB665268B0","ORG_b93dc1ec5bed4bd3ab3f2bae","ORG_7eb988a91e6c46b0b85aae07","13.97","0.01397","13.98397","USD","CONFIRMED","2026-05-07T15:20:07.417Z"
"736","b4f9e3e5-3098-4eac-9769-b28e5c7e30ba","TX_1778167207422_AF7B813C99F2","ORG_WALLET_1778160283706_5010AC071A4D","ORG_WALLET_1778158080621_9D3B20D175BC1","ORG_0562df46bdb2435a9dbe31ce","ORG_1d0a64007d7149ba8b5a7aa3","21.34","0.02134","21.36134","USD","CONFIRMED","2026-05-07T15:20:07.422Z"
"737","331fa66b-4c06-4a8c-a945-9adf7753e364","TX_1778167207425_3A00EF67E1F2","ORG_WALLET_1778160280559_426B10463347","ORG_WALLET_1778160271754_0357D97220C1","ORG_714136041c8c450e87db5646","ORG_25fbaf76c088457a8422b979","46.02","0.04602","46.06602","USD","CONFIRMED","2026-05-07T15:20:07.425Z"
"738","3ab07486-b8ba-4e6b-87b7-4f58ab41b675","TX_1778167207429_F7ED5F946612","ORG_WALLET_1778160273191_9F74EE690DA4","ORG_WALLET_1778160273104_AC5499EBB8DB","ORG_bfd0a100c1f54521bf3575d3","ORG_90b640dac1aa4692a7678e4e","44.54","0.04454","44.58454","USD","CONFIRMED","2026-05-07T15:20:07.429Z"
"739","e2e93f52-0fdd-4a60-bd49-209d9519ce17","TX_1778167207433_1C12FD9108C3","ORG_WALLET_1778160269349_7AA905F368B7","ORG_WALLET_1778160281062_85389B0F8FB2","ORG_d960392e058d4b21ae6e9131","ORG_37f71cc8ea3140579b5187c2","9.93","0.00993","9.93993","USD","CONFIRMED","2026-05-07T15:20:07.433Z"
"740","c3f4c545-0981-4f3b-8bd7-e10ccc2518fa","TX_1778167207438_D943FF265EC0","ORG_WALLET_1778160272254_7495A0C77CC7","ORG_WALLET_1778160269733_0E05DF2FFF93","ORG_69dea77248dd439b8f15d0cd","ORG_8e5e15226c434f6db4c68dfe","45.05","0.04505","45.09505","USD","CONFIRMED","2026-05-07T15:20:07.438Z"
"741","307191aa-f807-45cd-bd92-2698c7c4bb74","TX_1778167207442_D575D856A51F","WALLET_1778159049528_C73FC1C68B888","ORG_WALLET_1778160277450_8AAEAFBE7345","900477","ORG_b603d78d287c474f87488af3","26.32","0.02632","26.34632","USD","CONFIRMED","2026-05-07T15:20:07.442Z"
"742","2ba1ad84-ad5f-48cf-801d-1dfc2d06cbfe","TX_1778167207446_15AC0D4E6271","WALLET_1778153695898_3575061710329","ORG_WALLET_1778160273275_19AD91E00789","693779","ORG_f27a7bac46bf4ceb842fec9d","23.32","0.02332","23.34332","USD","CONFIRMED","2026-05-07T15:20:07.446Z"
"743","0c727448-39db-404a-ab32-58313abce4fd","TX_1778167207451_6214A850140B","ORG_WALLET_1778160274346_C1801622C4F1","ORG_WALLET_1778160274766_F1C3DC6076C5","ORG_eb4457964c8e4d2c85073cbc","ORG_20a1c457345d4a89afd74ee2","18.11","0.01811","18.12811","USD","CONFIRMED","2026-05-07T15:20:07.451Z"
"744","7ad23c0b-398a-4811-b93a-c7ffeef0e325","TX_1778167207456_63019F6CE483","WALLET_1778154305518_2FC481B712D68","ORG_WALLET_1778160281488_23CC588BB422","900474","ORG_8a9b8d089c7f4860b97c17ba","48.03","0.04803","48.07803","USD","CONFIRMED","2026-05-07T15:20:07.456Z"
"745","d5f9bdc0-71d9-471d-b032-372f1de29984","TX_1778167207462_17153CFCAE0B","WALLET_1778071441355_6612E1BB0599A","ORG_WALLET_1778160277199_E35225A60825","22","ORG_27c30d81ee7a4fb88450f457","24.97","0.02497","24.99497","USD","CONFIRMED","2026-05-07T15:20:07.462Z"
"746","07b467ae-0c53-4e23-88e6-bbda1cf4d4ce","TX_1778167207467_7B236A4B4993","ORG_WALLET_1778160282284_EC6234CEFA04","ORG_WALLET_1778160269455_E26051935907","ORG_5b9400e661504c4f968243c0","ORG_631c51145ae141e2a709d288","29.78","0.02978","29.80978","USD","CONFIRMED","2026-05-07T15:20:07.467Z"
"747","b6cb5e1f-0b02-4f5d-8309-83ce32b6dffb","TX_1778167207471_F7445B4A3C73","ORG_WALLET_1778160274516_CEC24B06855F","ORG_WALLET_1778160282706_E877F04E8A8C","ORG_cf3821c41c2a41c7a668fc65","ORG_2de29862c3dc42e7ac2411df","39.82","0.03982","39.85982","USD","CONFIRMED","2026-05-07T15:20:07.471Z"
"748","6221a726-fe61-41a6-8889-11162ec06185","TX_1778167207476_E5BE19147B33","ORG_WALLET_1778160278130_FD9398A28CB7","ORG_WALLET_1778160276669_B5FBDAD5E398","ORG_663382d38d544ef9b9ebb2c7","ORG_9e23f808f3544113a4ba0620","45.92","0.04592","45.96592","USD","CONFIRMED","2026-05-07T15:20:07.476Z"
"749","86668d35-de27-4db4-9942-9eeddab9d161","TX_1778167207479_78AD892A5E20","ORG_WALLET_1778160281852_844849EF2828","ORG_WALLET_1778160280396_28AA8E30C40A","ORG_3fd58db1eff04be0b03a5642","ORG_445bfea799664a1a85c09e39","13.17","0.01317","13.18317","USD","CONFIRMED","2026-05-07T15:20:07.480Z"
"750","9821df67-43b7-4b3f-ade2-93c4666d99f9","TX_1778167207484_A72FC419926E","ORG_WALLET_1778160272855_D00C90A0E963","ORG_WALLET_1778160279241_D1D6C1B2EAAB","ORG_bae3ca8533f14130b6d9ed30","ORG_a86f8c15d8ce4214ae8d4b54","20.32","0.02032","20.34032","USD","CONFIRMED","2026-05-07T15:20:07.484Z"
"751","d38c8c15-05d6-4fdc-b183-2ccb8c25e936","TX_1778167207487_07D71AD15ABF","ORG_WALLET_1778160280229_2A2D74805156","ORG_WALLET_1778160269455_E26051935907","ORG_6312f8a7d3254be0a87733a6","ORG_631c51145ae141e2a709d288","22.78","0.02278","22.80278","USD","CONFIRMED","2026-05-07T15:20:07.487Z"
"752","30bf4ba1-cf2b-489b-b898-58a64341a47a","TX_1778167207491_968291C31F63","ORG_WALLET_1778160282024_FE7C5E5B3F76","WALLET_1778067145106_5F898D69F5F79","ORG_fd61c0ae121b408888561065","15","42.06","0.04206","42.10206","USD","CONFIRMED","2026-05-07T15:20:07.491Z"
"753","fbfc59eb-af36-4983-bd16-7ad16229d396","TX_1778167207496_AA09AA97023F","ORG_WALLET_1778160269547_3BA2D4A87165","ORG_WALLET_1778160273686_674A3BB67D22","ORG_08c99def34c34b7a943795e8","ORG_938d73070d6540978566cca4","33.84","0.03384","33.87384","USD","CONFIRMED","2026-05-07T15:20:07.496Z"
"754","31c20b6e-a118-4559-af54-d807e97e9af7","TX_1778167207501_BC2CEDC0815F","ORG_WALLET_1778160283539_F49E60DD73DC","ORG_WALLET_1778160278996_A269C7AD8721","ORG_7092abecea7a4c3ea5d476c2","ORG_1f8d33ab9ab44b54bd42620f","11.72","0.01172","11.73172","USD","CONFIRMED","2026-05-07T15:20:07.501Z"
"755","e7ca278e-d40d-4d48-b90f-8d9980504b61","TX_1778167207505_3A7DE7ADC5EE","ORG_WALLET_1778160273021_441FA524915E","WALLET_1778143333918_F039E75D04FE3","ORG_a71d85d229504155adb16888","311287","6.52","0.00652","6.52652","USD","CONFIRMED","2026-05-07T15:20:07.505Z"
"756","8a34623b-ac1e-4359-8300-cba80fb1dce4","TX_1778167207509_1DE2DDFB9333","ORG_WALLET_1778160282964_AC07329D4648","WALLET_1778160871693_0EA008B15BECE","ORG_3265ae8f978f4b7d9d6e5fa9","900478","33.83","0.03383","33.86383","USD","CONFIRMED","2026-05-07T15:20:07.509Z"
"757","92593a72-39e6-4d2d-b34e-ce2295a7ef3c","TX_1778167207513_9AECEFE89631","ORG_WALLET_1778160274429_B7A0D258D0C2","ORG_WALLET_1778160270410_EEC9BBFE5154","ORG_ee8a6761bdfa493095c2f4d2","ORG_9f9a3d44b94a4515b31ff405","16.95","0.01695","16.96695","USD","CONFIRMED","2026-05-07T15:20:07.513Z"
"758","e1036e41-4909-40d8-b26b-ad0957421fc8","TX_1778167207517_9FAF1C156BF7","ORG_WALLET_1778160281313_EE9CB4E26C8C","ORG_WALLET_1778160272683_71FAC55E21B5","ORG_aa878780244041f0ae807e6b","ORG_e09e5d36254c4580a291d44a","45.6","0.0456","45.6456","USD","CONFIRMED","2026-05-07T15:20:07.517Z"
"759","ae3e4c2f-871d-432b-8e66-41515ecdfde3","TX_1778167207522_2D5B33E25639","ORG_WALLET_1778160274346_C1801622C4F1","ORG_WALLET_1778160274429_B7A0D258D0C2","ORG_eb4457964c8e4d2c85073cbc","ORG_ee8a6761bdfa493095c2f4d2","47.71","0.04771","47.75771","USD","CONFIRMED","2026-05-07T15:20:07.522Z"
"760","92be6873-d35d-4ba5-b333-dc782e024210","TX_1778167207527_DA800E5DBEDA","WALLET_1778153631813_640BB05C64D8D","ORG_WALLET_1778160273275_19AD91E00789","629571","ORG_f27a7bac46bf4ceb842fec9d","29.95","0.02995","29.97995","USD","CONFIRMED","2026-05-07T15:20:07.527Z"
"761","88c2394e-bdd8-4b3f-8bf2-fa4d1306f730","TX_1778167207530_A2B4ADAC72FF","ORG_WALLET_1778160277614_15833B79651A","ORG_WALLET_1778160281488_23CC588BB422","ORG_f7b1a0494b744787b67b76a1","ORG_8a9b8d089c7f4860b97c17ba","4.65","0.00465","4.65465","USD","CONFIRMED","2026-05-07T15:20:07.530Z"
"762","75a0daf8-bd30-436d-89f9-01b7505b311e","TX_1778167207534_4ACB35C4707E","ORG_WALLET_1778160281587_7507D0163D18","ORG_WALLET_1778160280805_22EC8852FE9E","ORG_0130bc4c8a4f483db60b9a07","ORG_d3f28c40555a4b4eb89e74ed","29.48","0.02948","29.50948","USD","CONFIRMED","2026-05-07T15:20:07.534Z"
"763","c6dcd853-1003-4184-b474-c4a8ab2c5337","TX_1778167207538_86ABEFEF05AF","ORG_WALLET_1778160273603_8FD5638257B0","ORG_WALLET_1778160277696_1E4BED96895A","ORG_b209686058a44bbcae11cd83","ORG_98c417cc5a45471cb8d8400e","48.89","0.04889","48.93889","USD","CONFIRMED","2026-05-07T15:20:07.538Z"
"764","617f2708-f2d4-44a4-81b6-0c52b02f5fda","TX_1778167207542_9E63958C3B28","ORG_WALLET_1778160280229_2A2D74805156","ORG_WALLET_1778160272597_395AFF437375","ORG_6312f8a7d3254be0a87733a6","ORG_27f72ecdd7eb4a9f89c477ac","35.17","0.03517","35.20517","USD","CONFIRMED","2026-05-07T15:20:07.543Z"
"765","7ffdac1e-4fbb-43f4-aa42-7ae30d3c8c01","TX_1778167207546_14F034EBE3A9","ORG_WALLET_1778160278130_FD9398A28CB7","ORG_WALLET_1778160281146_B8874C5AC610","ORG_663382d38d544ef9b9ebb2c7","ORG_ae90e61e64ff48a089d9a554","19.45","0.01945","19.46945","USD","CONFIRMED","2026-05-07T15:20:07.546Z"
"766","184ad523-6fb3-4a1b-8f81-45b2c389ad1a","TX_1778167207550_04EEA1026B8C","ORG_WALLET_1778160277281_E7A1D5DF049D","WALLET_1778146559160_44AE5F5A8DE82","ORG_3dec97d5b52e4315a8dc28ee","554069","4.07","0.00407","4.07407","USD","CONFIRMED","2026-05-07T15:20:07.550Z"
"767","b8fdcea3-d4fa-4d4f-8e47-a7dedcb16f9c","TX_1778167207555_19AC2465A73B","ORG_WALLET_1778160276947_D26E37C2F505","ORG_WALLET_1778160281488_23CC588BB422","ORG_a9a322e9d1e743aca1161f69","ORG_8a9b8d089c7f4860b97c17ba","13.54","0.01354","13.55354","USD","CONFIRMED","2026-05-07T15:20:07.555Z"
"768","d18890c5-aa5b-4820-95fa-0e414370c97f","TX_1778167207559_51884E167AA9","ORG_WALLET_1778160276947_D26E37C2F505","WALLET_1778066885551_3953C6C1EF125","ORG_a9a322e9d1e743aca1161f69","12","29.74","0.02974","29.76974","USD","CONFIRMED","2026-05-07T15:20:07.559Z"
"769","f0d97ecd-2925-419c-a247-42ebcc18c2e3","TX_1778167207563_8CC490B17619","ORG_WALLET_1778160279487_4104A58B1146","ORG_WALLET_1778160280641_07749B20BDD1","ORG_c15b8bf2293b4ea39f843947","ORG_72acde45a0c54024bfa80e9a","2.79","0.00279","2.79279","USD","CONFIRMED","2026-05-07T15:20:07.563Z"
"770","b3e47a70-5bda-4495-a890-687e3d59d414","TX_1778167207567_A255B3AE4E78","ORG_WALLET_1778160280723_76881A40B86C","ORG_WALLET_1778160279078_A5374ADC2320","ORG_ffb1b562e6c24779bc734630","ORG_c4b9ddb3c679416b903f4368","13.22","0.01322","13.23322","USD","CONFIRMED","2026-05-07T15:20:07.567Z"
"771","434e0056-3094-4d60-9064-43ee1c19f031","TX_1778167207571_B15E7716F82F","ORG_WALLET_1778160270327_6C4C9C272F9B","ORG_WALLET_1778160283212_04E49AAB0147","ORG_029c24335b3e47f1b1bfb215","ORG_c11a6f2d78c941cea491491c","10.66","0.01066","10.67066","USD","CONFIRMED","2026-05-07T15:20:07.571Z"
"772","a2308610-d7db-4824-aa02-87ef81a83651","TX_1778167207574_0066090238C7","ORG_WALLET_1778160273191_9F74EE690DA4","ORG_WALLET_1778160276331_4051DC1CA743","ORG_bfd0a100c1f54521bf3575d3","ORG_3a9b9c870e0640eeb07e124b","20.65","0.02065","20.67065","USD","CONFIRMED","2026-05-07T15:20:07.575Z"
"773","c124995c-9fec-4b4c-9aed-df6233c5df2f","TX_1778167207578_1E3FBBF47EB7","WALLET_1778153695898_3575061710329","ORG_WALLET_1778160274766_F1C3DC6076C5","693779","ORG_20a1c457345d4a89afd74ee2","42.97","0.04297","43.01297","USD","CONFIRMED","2026-05-07T15:20:07.578Z"
"774","3ecbcbab-26c1-43f8-8969-76505ce52781","TX_1778167207581_7C280E30A054","ORG_WALLET_1778160282199_5426CD38E9D1","WALLET_1778146559160_44AE5F5A8DE82","ORG_f2aa8c43d06346a09f7f1a33","554069","27.35","0.02735","27.37735","USD","CONFIRMED","2026-05-07T15:20:07.581Z"
"775","57f012f7-7c57-4e50-82c2-dfa35cc9aecf","TX_1778167207585_E9F458ED4CD8","ORG_WALLET_1778160274599_128BAE8501ED","ORG_WALLET_1778160271503_26D7F9F47165","ORG_5d7ccd0921bf4a349d193ef4","ORG_3284baf117844e8289acfa39","2.07","0.00207","2.07207","USD","CONFIRMED","2026-05-07T15:20:07.585Z"
"776","d410bff4-f9b5-4670-bf14-191bb7cda973","TX_1778167207590_C4BB3BC9841B","WALLET_1778158164274_EEBF658010844","ORG_WALLET_1778160278570_DC0BF9503FE1","900476","ORG_0491778a7f0d4b3396e7c742","34.98","0.03498","35.01498","USD","CONFIRMED","2026-05-07T15:20:07.590Z"
"777","49c09d46-e763-47ce-90e8-3c7eb3158d7b","TX_1778167207594_B8325AC0ADC1","ORG_WALLET_1778160275097_4BF89DCDF762","ORG_WALLET_1778160278570_DC0BF9503FE1","ORG_0f101297e7a64f86b1cf05c2","ORG_0491778a7f0d4b3396e7c742","28.62","0.02862","28.64862","USD","CONFIRMED","2026-05-07T15:20:07.594Z"
"778","c1ce40ab-819a-4427-bcdc-aeb251708b76","TX_1778167207598_8953F98046B4","ORG_WALLET_1778160283212_04E49AAB0147","ORG_WALLET_1778160272254_7495A0C77CC7","ORG_c11a6f2d78c941cea491491c","ORG_69dea77248dd439b8f15d0cd","37.45","0.03745","37.48745","USD","CONFIRMED","2026-05-07T15:20:07.598Z"
"779","daf94c7d-fcad-4ec6-b3a7-2acf15ae6230","TX_1778167207602_AEE6102B5627","ORG_WALLET_1778160276001_05A50D53087F","ORG_WALLET_1778160269059_6971AFBA84D6","ORG_4f875438f0ae42e8af201d6f","ORG_2da30634595b4a878b928a3b","39.3","0.0393","39.3393","USD","CONFIRMED","2026-05-07T15:20:07.602Z"
"780","e532eb08-3dfe-49d3-a354-b17be79db6f2","TX_1778167207611_F9BB961DC348","ORG_WALLET_1778160282538_2FB7C9E73DEE","ORG_WALLET_1778160276854_01DB22D26B59","ORG_6328ec72b8d1427a882a8d14","ORG_96abde570dc346cb8fa1c4f8","44.24","0.04424","44.28424","USD","CONFIRMED","2026-05-07T15:20:07.611Z"
"781","3610193e-6d34-43d6-8f07-5d25b3c26ebc","TX_1778167207615_DABB14EC87FF","WALLET_1778139950788_F2A29AB7B72B7","ORG_WALLET_1778160281761_D0E2A46DF0CD","21","ORG_7346434746a24847bbb306fe","33.11","0.03311","33.14311","USD","CONFIRMED","2026-05-07T15:20:07.615Z"
"782","25427821-be70-486a-8d1a-2f9cc7d4cbd5","TX_1778167207619_2EE17D43B36A","ORG_WALLET_1778160280975_445C3B87B0E4","ORG_WALLET_1778160277365_03FDBA4E2E67","ORG_7afe70881d4b4bf698b08a22","ORG_4630e3b4b65b4eda89b6f23b","17.34","0.01734","17.35734","USD","CONFIRMED","2026-05-07T15:20:07.619Z"
"783","f88233fe-b49e-40dd-bfbd-0a3d30a0000d","TX_1778167207623_CB219EF4E269","WALLET_1778153695898_3575061710329","ORG_WALLET_1778160278032_16437CB118C2","693779","ORG_67419309808345279b5259d7","21.52","0.02152","21.54152","USD","CONFIRMED","2026-05-07T15:20:07.623Z"
"784","758f1161-21c8-436d-a679-10b7f4157921","TX_1778167207627_CE688A30B739","ORG_WALLET_1778160281313_EE9CB4E26C8C","ORG_WALLET_1778160269239_48CD73B4012D","ORG_aa878780244041f0ae807e6b","ORG_27d97e5a920d445294b83bef","16.75","0.01675","16.76675","USD","CONFIRMED","2026-05-07T15:20:07.627Z"
"785","58cadfc4-94a7-4109-81ff-38778bafe7c4","TX_1778167207631_7DF0B4A52EC1","ORG_WALLET_1778160274098_0A5EF90FB47E","ORG_WALLET_1778160271588_5AEBB5495957","ORG_a73b423c03aa4e7da5788a37","ORG_ecce5b9c9b2d4c3aaf74df2b","5.9","0.0059","5.9059","USD","CONFIRMED","2026-05-07T15:20:07.631Z"
"786","246f6591-080a-4079-8331-d82ac0655583","TX_1778167207636_5306E571785B","ORG_WALLET_1778160270244_8FA5322D5953","ORG_WALLET_1778160271922_7B17C247593D","ORG_2a4b739bfe4b4248b59c8c60","ORG_65c1186c01ec473e8828d351","43.5","0.0435","43.5435","USD","CONFIRMED","2026-05-07T15:20:07.636Z"
"787","61038145-7a53-45cf-b46f-ed75ef115000","TX_1778167207639_1FB7A87766F0","ORG_WALLET_1778160282964_AC07329D4648","ORG_WALLET_1778160272340_1AE5D72A11D5","ORG_3265ae8f978f4b7d9d6e5fa9","ORG_85680328ba424fdb8c6f80c4","27.8","0.0278","27.8278","USD","CONFIRMED","2026-05-07T15:20:07.639Z"
"788","71eb9864-c119-4d5c-9787-7a199e7527f3","TX_1778167207643_C4F583FB9F03","ORG_WALLET_1778160278912_34CD89FC56F8","ORG_WALLET_1778160276494_506DC7CD27D4","ORG_ec29df2c50c64390af553958","ORG_03290d8bceec4c578406b6ff","6.42","0.00642","6.42642","USD","CONFIRMED","2026-05-07T15:20:07.644Z"
"789","5fdb8d8b-5c06-442c-abf5-c24677a1bf6d","TX_1778167207647_95A26D6D4C87","WALLET_1778067488069_3704C026E691","ORG_WALLET_1778160277780_7B2360B8CA09","17","ORG_a676d43c972f45ff882825e6","30.61","0.03061","30.64061","USD","CONFIRMED","2026-05-07T15:20:07.647Z"
"790","dd0574a5-e494-4d4a-b3bf-963773099e8e","TX_1778167207652_C40BF3F77F78","WALLET_1778153695898_3575061710329","ORG_WALLET_1778160269996_0B5992C7E17C","693779","ORG_7fecdb9f77414f1e86f310d9","7.61","0.00761","7.61761","USD","CONFIRMED","2026-05-07T15:20:07.652Z"
"791","fbd053f2-f367-46e7-8e6c-d87c230bcd9d","TX_1778167207656_5287FC33A784","ORG_WALLET_1778160279241_D1D6C1B2EAAB","ORG_WALLET_1778160269819_4C4BAD6CD589","ORG_a86f8c15d8ce4214ae8d4b54","ORG_bbc3a46f4c964cf397cfedac","24.44","0.02444","24.46444","USD","CONFIRMED","2026-05-07T15:20:07.656Z"
"792","73b09ebe-fd2f-43fb-b16f-d1ec8a1c84b9","TX_1778167207661_FD7B1DDD4042","ORG_WALLET_1778160278656_2AA9E6362FDE","ORG_WALLET_1778160280313_BC5103AB96CB","ORG_8121c92f968d451094666b4d","ORG_383affa12a9d41fba9370e9c","6.16","0.00616","6.16616","USD","CONFIRMED","2026-05-07T15:20:07.661Z"
"793","a5b430d8-d52b-4f67-92f1-a41e2b5bfc42","TX_1778167207665_B47EC832732E","WALLET_1778143333918_F039E75D04FE3","ORG_WALLET_1778160269642_AC616EC444B0","311287","ORG_1adb610aa37047cc88784c1b","45.98","0.04598","46.02598","USD","CONFIRMED","2026-05-07T15:20:07.665Z"
"794","2fb5c880-4856-446b-b0e6-063c53375c23","TX_1778167207669_6A8897092EAA","ORG_WALLET_1778160275671_04596EB26676","ORG_WALLET_1778160282964_AC07329D4648","ORG_cb4afdce1d614e709ea35423","ORG_3265ae8f978f4b7d9d6e5fa9","43.32","0.04332","43.36332","USD","CONFIRMED","2026-05-07T15:20:07.669Z"
"795","cbc9bd95-b0f8-4439-8f6c-25588358bc27","TX_1778167207674_B86DB7E16125","ORG_WALLET_1778160269733_0E05DF2FFF93","WALLET_1778072141107_075D86A2D86CE","ORG_8e5e15226c434f6db4c68dfe","31","5.81","0.00581","5.81581","USD","CONFIRMED","2026-05-07T15:20:07.674Z"
"796","b162671a-c21c-48c4-9149-fe6b5fa735c9","TX_1778167207678_5889D5469EB4","ORG_WALLET_1778160274682_5965E6AC8E74","ORG_WALLET_1778160275178_6BFE22ABCAE0","ORG_a6e4e132067d444abfd40382","ORG_f8763b870e3945858dab1964","45.99","0.04599","46.03599","USD","CONFIRMED","2026-05-07T15:20:07.678Z"
"797","f42197ae-ab56-4727-97b1-3792555d0879","TX_1778167207683_BA3EE5CE84D5","ORG_WALLET_1778160282024_FE7C5E5B3F76","ORG_WALLET_1778160279487_4104A58B1146","ORG_fd61c0ae121b408888561065","ORG_c15b8bf2293b4ea39f843947","4.89","0.00489","4.89489","USD","CONFIRMED","2026-05-07T15:20:07.683Z"
"798","288a0746-8c21-4c20-a237-eff2feb389ca","TX_1778167207686_E801620B63EB","ORG_WALLET_1778160272254_7495A0C77CC7","ORG_WALLET_1778160279241_D1D6C1B2EAAB","ORG_69dea77248dd439b8f15d0cd","ORG_a86f8c15d8ce4214ae8d4b54","20.21","0.02021","20.23021","USD","CONFIRMED","2026-05-07T15:20:07.686Z"
"799","732277da-2ae3-43f6-b656-a144e142f3f5","TX_1778167207690_96E5057530E7","ORG_WALLET_1778160280559_426B10463347","WALLET_1778143333918_F039E75D04FE3","ORG_714136041c8c450e87db5646","311287","39.36","0.03936","39.39936","USD","CONFIRMED","2026-05-07T15:20:07.691Z"
"800","3d3d3ec6-2c12-4179-b32d-117b3aea9e19","TX_1778167207694_5CEC8D8C2D18","ORG_WALLET_1778160279570_C6CB51444C14","ORG_WALLET_1778160273191_9F74EE690DA4","ORG_f4a88f302b404a3d88306ab9","ORG_bfd0a100c1f54521bf3575d3","6.43","0.00643","6.43643","USD","CONFIRMED","2026-05-07T15:20:07.694Z"
"801","493bfdef-02b5-40f0-bea7-d7bec501cd1c","TX_1778167207699_76B6371411CE","ORG_WALLET_1778160277118_C70DF08FF521","ORG_WALLET_1778160273932_CA183A14D77D","ORG_1ea32c1b16bc4f64adf2679b","ORG_8a0e365a49bf4ed392152198","24.16","0.02416","24.18416","USD","CONFIRMED","2026-05-07T15:20:07.699Z"
"802","a8b98629-645c-4406-a7a9-baae554ee0ca","TX_1778167207704_264948E6C099","ORG_WALLET_1778160269059_6971AFBA84D6","WALLET_1778067139764_D220C5EF78856","ORG_2da30634595b4a878b928a3b","13","14.74","0.01474","14.75474","USD","CONFIRMED","2026-05-07T15:20:07.704Z"
"803","2599e456-9e86-467a-b713-7def9d3b0b9a","TX_1778167207707_13B3EC8CAC4C","ORG_WALLET_1778160275178_6BFE22ABCAE0","ORG_WALLET_1778160272340_1AE5D72A11D5","ORG_f8763b870e3945858dab1964","ORG_85680328ba424fdb8c6f80c4","39.96","0.03996","39.99996","USD","CONFIRMED","2026-05-07T15:20:07.708Z"
"804","91cc8854-2a1c-423d-b94b-b040cedb8673","TX_1778167207711_E18071E327CE","WALLET_1778072141107_075D86A2D86CE","ORG_WALLET_1778160277036_D88468BE2F0D","31","ORG_602f8a0e45d24e59815b6795","46.06","0.04606","46.10606","USD","CONFIRMED","2026-05-07T15:20:07.712Z"
"805","9dd0e101-4a8a-456a-bcce-2ae87370f038","TX_1778167207715_AA6C6F16ED45","ORG_WALLET_1778160271837_0C82F2D95DA1","ORG_WALLET_1778160281852_844849EF2828","ORG_b2c0e26bc8e4438380730970","ORG_3fd58db1eff04be0b03a5642","46.76","0.04676","46.80676","USD","CONFIRMED","2026-05-07T15:20:07.715Z"
"806","4a32e19c-71ea-4792-a873-a3c7f1147b6c","TX_1778167207720_17C6E4ADD2A8","ORG_WALLET_1778160272004_218D14D9D927","ORG_WALLET_1778160275260_2FA5B71E69EF","ORG_9e0677e9cdda4332a318f099","ORG_36825afef0744860ab8035f2","15.25","0.01525","15.26525","USD","CONFIRMED","2026-05-07T15:20:07.720Z"
"807","98b989e1-523a-4c40-92c6-6dbe0c9559f6","TX_1778167207724_DEFC30DD667A","ORG_WALLET_1778160280063_AAF51069402B","ORG_WALLET_1778160283128_A2CB665268B0","ORG_9ebccad56d8746aba1f28a74","ORG_7eb988a91e6c46b0b85aae07","49.51","0.04951","49.55951","USD","CONFIRMED","2026-05-07T15:20:07.724Z"
"808","61a891ab-fb4f-41fc-8ce2-0cf48eed6fd3","TX_1778167207728_D8C6C067F419","ORG_WALLET_1778160278483_35C5D56EB87C","ORG_WALLET_1778160269059_6971AFBA84D6","ORG_324af165c31348f89951e21f","ORG_2da30634595b4a878b928a3b","22.42","0.02242","22.44242","USD","CONFIRMED","2026-05-07T15:20:07.728Z"
"809","525bd470-5de7-48a7-a81e-ca4b7faed199","TX_1778167207732_C7B92B05C206","WALLET_1778153695898_3575061710329","ORG_WALLET_1778160273104_AC5499EBB8DB","693779","ORG_90b640dac1aa4692a7678e4e","6.72","0.00672","6.72672","USD","CONFIRMED","2026-05-07T15:20:07.732Z"
"810","cc20b222-7e93-42e9-bc69-50fc3f859c74","TX_1778167207736_5F6FC9E41088","WALLET_1778160871693_0EA008B15BECE","ORG_WALLET_1778160275919_BDF031F0A6D4","900478","ORG_6e9b7fd7d6a84f5d89e1f07a","19.75","0.01975","19.76975","USD","CONFIRMED","2026-05-07T15:20:07.736Z"
"811","2265d0ca-6c27-4002-8a8e-5d8fa7d3b8c5","TX_1778167207739_410244488CD4","WALLET_1778071441355_6612E1BB0599A","ORG_WALLET_1778160275097_4BF89DCDF762","22","ORG_0f101297e7a64f86b1cf05c2","45.16","0.04516","45.20516","USD","CONFIRMED","2026-05-07T15:20:07.739Z"
"812","d9957aa9-fe62-4558-89cf-3200606906e3","TX_1778167207746_18CC9E509E75","ORG_WALLET_1778160270161_15BA2E79E909","ORG_WALLET_1778160269142_CB003D9B2929","ORG_1389028bc1614aaa99dcd487","ORG_288825f92b7e403785420727","35.22","0.03522","35.25522","USD","CONFIRMED","2026-05-07T15:20:07.747Z"
"813","c8fd9522-1ca4-490a-b6da-1b18a4350764","TX_1778167207751_C664B7560D1B","ORG_WALLET_1778160280975_445C3B87B0E4","ORG_WALLET_1778160280145_1BD0EB49AB57","ORG_7afe70881d4b4bf698b08a22","ORG_13ab97a389df4a27bdd054a8","47.72","0.04772","47.76772","USD","CONFIRMED","2026-05-07T15:20:07.751Z"
"814","993e8974-c1fa-46fc-ad45-22d7435393e8","TX_1778167207754_4C4C1CA87A56","ORG_WALLET_1778160270244_8FA5322D5953","ORG_WALLET_1778160270494_527614AD5ED1","ORG_2a4b739bfe4b4248b59c8c60","ORG_52501adb75e9456880834763","16.03","0.01603","16.04603","USD","CONFIRMED","2026-05-07T15:20:07.754Z"
"815","fbc65c5d-192b-4337-8b58-9502892d4dfd","TX_1778167207758_08BE6409DC3E","ORG_WALLET_1778160282795_9C53EAE8B868","ORG_WALLET_1778160276494_506DC7CD27D4","ORG_5c4beb22cfcd447399663e8d","ORG_03290d8bceec4c578406b6ff","41.38","0.04138","41.42138","USD","CONFIRMED","2026-05-07T15:20:07.758Z"
"816","1e366d5b-d174-439b-85f9-d57ad1f80f25","TX_1778167207761_D20DCB0EBF9A","ORG_WALLET_1778160270662_8E867A418388","ORG_WALLET_1778160273359_C48B3E1ED6E4","ORG_9497e6ea72dd46399b5fce26","ORG_be93a91b05f04b018a2cc595","3.21","0.00321","3.21321","USD","CONFIRMED","2026-05-07T15:20:07.761Z"
"817","ce3176f7-4675-4f42-b12e-1ac7a0b0cb62","TX_1778167207763_95A0BD1078C8","WALLET_1778146559160_44AE5F5A8DE82","ORG_WALLET_1778160273191_9F74EE690DA4","554069","ORG_bfd0a100c1f54521bf3575d3","24.72","0.02472","24.74472","USD","CONFIRMED","2026-05-07T15:20:07.763Z"
"818","23f01a1e-73b5-4127-9d88-fd825ba431bb","TX_1778167207766_A9F3FF1BB85D","ORG_WALLET_1778160277118_C70DF08FF521","ORG_WALLET_1778160281146_B8874C5AC610","ORG_1ea32c1b16bc4f64adf2679b","ORG_ae90e61e64ff48a089d9a554","48.55","0.04855","48.59855","USD","CONFIRMED","2026-05-07T15:20:07.766Z"
"819","6eae1e7d-f9ff-44c4-b9a8-55a349270e86","TX_1778167207770_00C5DF230956","ORG_WALLET_1778160281228_62BF0507BF95","ORG_WALLET_1778160275014_18D1A4CDCE47","ORG_875af1ba8fb94bc4b83fad9f","ORG_1279f3ac8c8345a9bd0d57cf","15.29","0.01529","15.30529","USD","CONFIRMED","2026-05-07T15:20:07.770Z"
"820","de3db442-1319-4ff8-8749-e58a36b03416","TX_1778167207774_00AECBB6DA53","ORG_WALLET_1778160271086_EEFE4F412D2E","ORG_WALLET_1778160277866_C651D9A96A38","ORG_21f9c483dfae4315b138bac7","ORG_c97a5bd146424af892b521b5","19.8","0.0198","19.8198","USD","CONFIRMED","2026-05-07T15:20:07.774Z"
"821","de884f99-797a-4e93-8df5-3383a0396f5b","TX_1778167207778_F176119BCBE8","ORG_WALLET_1778160269642_AC616EC444B0","ORG_WALLET_1778160277199_E35225A60825","ORG_1adb610aa37047cc88784c1b","ORG_27c30d81ee7a4fb88450f457","3.89","0.00389","3.89389","USD","CONFIRMED","2026-05-07T15:20:07.778Z"
"822","d4cce431-9fe9-4da0-be5a-2bdff4f799d4","TX_1778167207783_60DDBF9DCFA8","WALLET_1778146559160_44AE5F5A8DE82","ORG_WALLET_1778160276331_4051DC1CA743","554069","ORG_3a9b9c870e0640eeb07e124b","11.5","0.0115","11.5115","USD","CONFIRMED","2026-05-07T15:20:07.783Z"
"823","178c47ec-e93c-4cf8-8401-d5878c9613a7","TX_1778167207787_31135972C5DC","ORG_WALLET_1778160269239_48CD73B4012D","ORG_WALLET_1778160277696_1E4BED96895A","ORG_27d97e5a920d445294b83bef","ORG_98c417cc5a45471cb8d8400e","15.99","0.01599","16.00599","USD","CONFIRMED","2026-05-07T15:20:07.787Z"
"824","ab4c5f59-c0eb-4f85-a19a-d1e8580f3e38","TX_1778167207791_F0657E47F76E","ORG_WALLET_1778160275423_53316FAFBA7A","ORG_WALLET_1778160281488_23CC588BB422","ORG_3e2627c9b50d4224b7ce732a","ORG_8a9b8d089c7f4860b97c17ba","24.66","0.02466","24.68466","USD","CONFIRMED","2026-05-07T15:20:07.791Z"
"825","98f0801e-05de-43d2-b77b-4bc881832aa1","TX_1778167207795_6E43D76D532F","ORG_WALLET_1778160280559_426B10463347","ORG_WALLET_1778160272769_FD7534EDEC66","ORG_714136041c8c450e87db5646","ORG_ac4284f48d50479c9cabbf1e","6.13","0.00613","6.13613","USD","CONFIRMED","2026-05-07T15:20:07.795Z"
"826","2cf8b589-8f80-4f41-b3ed-065b9b9db31c","TX_1778167207798_CF014DBAF617","ORG_WALLET_1778160281146_B8874C5AC610","ORG_WALLET_1778160275671_04596EB26676","ORG_ae90e61e64ff48a089d9a554","ORG_cb4afdce1d614e709ea35423","28.3","0.0283","28.3283","USD","CONFIRMED","2026-05-07T15:20:07.798Z"
"827","82313ffa-cd06-4f2a-8476-f8b70960c048","TX_1778167207802_065D58A6D8F7","ORG_WALLET_1778160283376_55A249691809","ORG_WALLET_1778160272087_2324BE187015","ORG_b93dc1ec5bed4bd3ab3f2bae","ORG_1947e9ee30de4becb2794d04","17.13","0.01713","17.14713","USD","CONFIRMED","2026-05-07T15:20:07.802Z"
"828","b9ef5e05-1597-49db-a5fc-6acbb7c4b700","TX_1778167207806_5C02B040E283","ORG_WALLET_1778160269455_E26051935907","ORG_WALLET_1778160273850_0D5093565581","ORG_631c51145ae141e2a709d288","ORG_33b9e287d79e4e8c9fba6274","17.47","0.01747","17.48747","USD","CONFIRMED","2026-05-07T15:20:07.806Z"
"829","9db04ff6-2b53-4191-b0c2-381c473f0a19","TX_1778167207810_C7B6490F67BC","WALLET_1778067488069_3704C026E691","ORG_WALLET_1778160268806_57EC325FBE88","17","ORG_6b079307700d496bb62aa72c","14.47","0.01447","14.48447","USD","CONFIRMED","2026-05-07T15:20:07.810Z"
"830","32d47378-0c02-4042-92b9-d47d499f790b","TX_1778167207813_DC4D752B943E","ORG_WALLET_1778160277532_B90C63AB1C19","ORG_WALLET_1778160277948_02E3D888EC83","ORG_4fffbe49b22a4f23b2a37682","ORG_da6ada1190384d80bd40ae29","1.09","0.00109","1.09109","USD","CONFIRMED","2026-05-07T15:20:07.814Z"
"831","fe665951-c1ad-41fe-912b-6623d33e241b","TX_1778167207818_884B65C3607B","ORG_WALLET_1778160270079_0C0EAE39BC93","ORG_WALLET_1778160269819_4C4BAD6CD589","ORG_fdc6ce67a3af4909bf689efd","ORG_bbc3a46f4c964cf397cfedac","27","0.027","27.027","USD","CONFIRMED","2026-05-07T15:20:07.818Z"
"832","463d2084-38c9-4244-a958-7bf027d0a202","TX_1778167207823_84938C041101","ORG_WALLET_1778160270079_0C0EAE39BC93","ORG_WALLET_1778160273686_674A3BB67D22","ORG_fdc6ce67a3af4909bf689efd","ORG_938d73070d6540978566cca4","49.89","0.04989","49.93989","USD","CONFIRMED","2026-05-07T15:20:07.823Z"
"833","3ce5eef2-69a6-48e5-98c4-ed1f70899357","TX_1778167207826_36E66DF1C9D1","ORG_WALLET_1778160283539_F49E60DD73DC","ORG_WALLET_1778160275589_C9E67150825E","ORG_7092abecea7a4c3ea5d476c2","ORG_63e743b83e9d4500b9679527","35.23","0.03523","35.26523","USD","CONFIRMED","2026-05-07T15:20:07.826Z"
"834","954010de-033a-4f46-9746-77acd50bd29b","TX_1778167207830_B0DCA6BFD9A1","ORG_WALLET_1778160279322_2515D0F54F47","ORG_WALLET_1778160269996_0B5992C7E17C","ORG_5d1a9275bc4a4a92b3fa18ae","ORG_7fecdb9f77414f1e86f310d9","27.79","0.02779","27.81779","USD","CONFIRMED","2026-05-07T15:20:07.830Z"
"835","7216c602-3b46-437a-a092-032d7353136f","TX_1778167207833_03900EE8F2AF","ORG_WALLET_1778160280063_AAF51069402B","ORG_WALLET_1778160271336_332D39319141","ORG_9ebccad56d8746aba1f28a74","ORG_aac3beae4c654f7f84f04e44","3.95","0.00395","3.95395","USD","CONFIRMED","2026-05-07T15:20:07.834Z"
"836","c89706df-529c-4657-b141-699dff410d3c","TX_1778167207837_DF875DBE724E","ORG_WALLET_1778160275753_082C4EAF7EAE","ORG_WALLET_1778160269059_6971AFBA84D6","ORG_adf8170288c4481488d92098","ORG_2da30634595b4a878b928a3b","10.54","0.01054","10.55054","USD","CONFIRMED","2026-05-07T15:20:07.837Z"
"837","b98ca6d6-7282-41ad-8af9-eda21dafc30a","TX_1778167207843_0EDB4CBC8ED6","WALLET_1778067202023_7BFE17ECAE335","ORG_WALLET_1778160275753_082C4EAF7EAE","16","ORG_adf8170288c4481488d92098","24.99","0.02499","25.01499","USD","CONFIRMED","2026-05-07T15:20:07.843Z"
"838","caf6c89b-a696-42b3-94ab-3639745ca9b6","TX_1778167207848_A1A4F78D752F","ORG_WALLET_1778160272683_71FAC55E21B5","ORG_WALLET_1778160271922_7B17C247593D","ORG_e09e5d36254c4580a291d44a","ORG_65c1186c01ec473e8828d351","45.88","0.04588","45.92588","USD","CONFIRMED","2026-05-07T15:20:07.848Z"
"839","b5c63d7b-3364-40ea-a563-cd13c0be5dfd","TX_1778167207853_9B8E4AEA6595","ORG_WALLET_1778160273275_19AD91E00789","ORG_WALLET_1778160276001_05A50D53087F","ORG_f27a7bac46bf4ceb842fec9d","ORG_4f875438f0ae42e8af201d6f","21.38","0.02138","21.40138","USD","CONFIRMED","2026-05-07T15:20:07.853Z"
"840","ffb8fe95-375b-4315-ba95-62569ab8b044","TX_1778167207858_DE8EF14B420A","ORG_WALLET_1778160279899_A1DC55243B7F","ORG_WALLET_1778160273932_CA183A14D77D","ORG_f41a9b9ed2d64ef599b8a9ac","ORG_8a0e365a49bf4ed392152198","33.75","0.03375","33.78375","USD","CONFIRMED","2026-05-07T15:20:07.858Z"
"841","676c0cce-759a-4b97-bcf9-28c095a9f0c7","TX_1778167207861_9985DCD05CB6","WALLET_1778153906827_07651C59B5DEE","ORG_WALLET_1778160270079_0C0EAE39BC93","900473","ORG_fdc6ce67a3af4909bf689efd","1.92","0.00192","1.92192","USD","CONFIRMED","2026-05-07T15:20:07.861Z"
"842","4396dfb7-02fd-4eb0-a00d-3c0c37b6cd4d","TX_1778167207865_2798A49FC389","ORG_WALLET_1778160283706_5010AC071A4D","ORG_WALLET_1778160278215_9B0E7B324524","ORG_0562df46bdb2435a9dbe31ce","ORG_23c3b1e647eb4bf9ae6d36a7","20.33","0.02033","20.35033","USD","CONFIRMED","2026-05-07T15:20:07.865Z"
"843","93a6aaef-671a-4d5a-b61e-8691ce90aa6a","TX_1778167207869_1136AB200B06","ORG_WALLET_1778160281852_844849EF2828","WALLET_1778158164274_EEBF658010844","ORG_3fd58db1eff04be0b03a5642","900476","37.89","0.03789","37.92789","USD","CONFIRMED","2026-05-07T15:20:07.869Z"
"844","3509b9ff-5bec-4d4a-8f21-4c59b57f32d2","TX_1778167207873_C330D4E12145","ORG_WALLET_1778160275753_082C4EAF7EAE","ORG_WALLET_1778160275671_04596EB26676","ORG_adf8170288c4481488d92098","ORG_cb4afdce1d614e709ea35423","9.26","0.00926","9.26926","USD","CONFIRMED","2026-05-07T15:20:07.873Z"
"845","a90e3549-e1c4-494e-9f74-a1a23002df95","TX_1778167207877_FE580877B12D","ORG_WALLET_1778160280478_74B6B9C7E314","ORG_WALLET_1778160280805_22EC8852FE9E","ORG_319431175959410eab0a0351","ORG_d3f28c40555a4b4eb89e74ed","2.76","0.00276","2.76276","USD","CONFIRMED","2026-05-07T15:20:07.877Z"
"846","a5be7d70-acdf-4087-8a75-1b2fd9cc66dd","TX_1778167207881_65C87F22411B","ORG_WALLET_1778160276494_506DC7CD27D4","ORG_WALLET_1778160272004_218D14D9D927","ORG_03290d8bceec4c578406b6ff","ORG_9e0677e9cdda4332a318f099","8.22","0.00822","8.22822","USD","CONFIRMED","2026-05-07T15:20:07.881Z"
"847","da489f81-e33e-4ee9-b507-71ce45277e34","TX_1778167207886_399CCDDC809F","ORG_WALLET_1778160270916_58F7499D02AE","ORG_WALLET_1778160277365_03FDBA4E2E67","ORG_3b0c736419434cb3915d9406","ORG_4630e3b4b65b4eda89b6f23b","32.04","0.03204","32.07204","USD","CONFIRMED","2026-05-07T15:20:07.886Z"
"848","f308cc0e-f3ee-42fc-9902-ba8b51efc93b","TX_1778167207890_F00D1FF12E8F","ORG_WALLET_1778160274682_5965E6AC8E74","ORG_WALLET_1778160275423_53316FAFBA7A","ORG_a6e4e132067d444abfd40382","ORG_3e2627c9b50d4224b7ce732a","24.57","0.02457","24.59457","USD","CONFIRMED","2026-05-07T15:20:07.890Z"
"849","6a992716-075f-42c0-8310-4020622f6489","TX_1778167207895_5A816D58B18E","ORG_WALLET_1778160271003_F583CBD68022","ORG_WALLET_1778160273441_F81077FBB190","ORG_a73f457b6aeb4420a9d5bd5b","ORG_63cb10b5b1e5475fbd0d95a0","35.36","0.03536","35.39536","USD","CONFIRMED","2026-05-07T15:20:07.895Z"
"850","4da69b8a-ef07-4e68-ba8f-55042f45cb3e","TX_1778167207900_05F394B26D2A","ORG_WALLET_1778160277532_B90C63AB1C19","ORG_WALLET_1778160280478_74B6B9C7E314","ORG_4fffbe49b22a4f23b2a37682","ORG_319431175959410eab0a0351","24.61","0.02461","24.63461","USD","CONFIRMED","2026-05-07T15:20:07.900Z"
"851","f2c198e7-cc91-44a9-b944-330d172f00db","TX_1778167207903_44C04B86B60E","ORG_WALLET_1778160282284_EC6234CEFA04","ORG_WALLET_1778160273932_CA183A14D77D","ORG_5b9400e661504c4f968243c0","ORG_8a0e365a49bf4ed392152198","23.33","0.02333","23.35333","USD","CONFIRMED","2026-05-07T15:20:07.904Z"
"852","7b075a2a-b185-4b86-afd3-884d23734d52","TX_1778167207908_2FBA0051E408","ORG_WALLET_1778160282882_721F365A8568","ORG_WALLET_1778160283539_F49E60DD73DC","ORG_ca0453f9444845208f60654d","ORG_7092abecea7a4c3ea5d476c2","36.07","0.03607","36.10607","USD","CONFIRMED","2026-05-07T15:20:07.908Z"
"853","dc5bce8f-0302-4558-b37c-18d089925f3a","TX_1778167207912_4072B17522C0","ORG_WALLET_1778160273603_8FD5638257B0","ORG_WALLET_1778160271169_01A8D14E09DE","ORG_b209686058a44bbcae11cd83","ORG_5111da2a38544e5f9ff43bf1","36.72","0.03672","36.75672","USD","CONFIRMED","2026-05-07T15:20:07.912Z"
"854","1140a431-4828-40bb-aa71-e200f717db30","TX_1778167207916_FD3EE9D284AE","ORG_WALLET_1778160276762_EAAF396C2E3C","ORG_WALLET_1778160276669_B5FBDAD5E398","ORG_dfa5dbd88c9b475bae5822f9","ORG_9e23f808f3544113a4ba0620","27.32","0.02732","27.34732","USD","CONFIRMED","2026-05-07T15:20:07.916Z"
"855","00826d8e-bd51-419d-8f33-b334f1ffaf55","TX_1778167207921_F22E00392B0A","ORG_WALLET_1778160277036_D88468BE2F0D","ORG_WALLET_1778160273359_C48B3E1ED6E4","ORG_602f8a0e45d24e59815b6795","ORG_be93a91b05f04b018a2cc595","11.96","0.01196","11.97196","USD","CONFIRMED","2026-05-07T15:20:07.921Z"
"856","c8c78017-fdd2-4599-abf6-259c5ebb304d","TX_1778167207926_522F0DE1B0B2","ORG_WALLET_1778160279405_6EA22C73E2BE","ORG_WALLET_1778160276854_01DB22D26B59","ORG_02818d54afb548d3ab4e4a7c","ORG_96abde570dc346cb8fa1c4f8","26.63","0.02663","26.65663","USD","CONFIRMED","2026-05-07T15:20:07.926Z"
"857","46fde6f5-87af-475d-bd1e-2f7f15d27b99","TX_1778167207930_2898BC70D005","WALLET_1778066536214_1CCF535AA5CB2","ORG_WALLET_1778160278032_16437CB118C2","11","ORG_67419309808345279b5259d7","34.18","0.03418","34.21418","USD","CONFIRMED","2026-05-07T15:20:07.930Z"
"858","9746b2a9-75cd-49e8-8e55-4f9aeae31d9d","TX_1778167207936_ACC07ADBCF93","WALLET_1778143333918_F039E75D04FE3","ORG_WALLET_1778160269819_4C4BAD6CD589","311287","ORG_bbc3a46f4c964cf397cfedac","3.2","0.0032","3.2032","USD","CONFIRMED","2026-05-07T15:20:07.936Z"
"859","f5cbf0ec-e76c-4b06-bdfa-847714404cae","TX_1778167207941_95FF28614D8E","ORG_WALLET_1778160271003_F583CBD68022","ORG_WALLET_1778160274429_B7A0D258D0C2","ORG_a73f457b6aeb4420a9d5bd5b","ORG_ee8a6761bdfa493095c2f4d2","2.91","0.00291","2.91291","USD","CONFIRMED","2026-05-07T15:20:07.941Z"
"860","cf9dfaed-efa0-4f5a-a6fc-8b391e38efb6","TX_1778167207946_6917ED71E032","ORG_WALLET_1778160283624_66BCB921051C","ORG_WALLET_1778160276331_4051DC1CA743","ORG_3300234624e04d0cbe0a1413","ORG_3a9b9c870e0640eeb07e124b","48.44","0.04844","48.48844","USD","CONFIRMED","2026-05-07T15:20:07.946Z"
"861","f76e44d2-96ff-437a-aa6b-5598dc18a931","TX_1778167207952_455A1CD044BC","ORG_WALLET_1778160274850_C8FA65D01C69","ORG_WALLET_1778160273191_9F74EE690DA4","ORG_9334ac8c5d4b490fa13c098f","ORG_bfd0a100c1f54521bf3575d3","4.24","0.00424","4.24424","USD","CONFIRMED","2026-05-07T15:20:07.952Z"
"862","0a3025f6-2351-42b8-bc7e-975b88de5637","TX_1778167207957_DD60D3B17AAC","WALLET_1778158164274_EEBF658010844","ORG_WALLET_1778160280229_2A2D74805156","900476","ORG_6312f8a7d3254be0a87733a6","13.7","0.0137","13.7137","USD","CONFIRMED","2026-05-07T15:20:07.957Z"
"863","72429a0c-ef55-43b1-a808-65e7ac8db36a","TX_1778167207962_7A8672C17E69","ORG_WALLET_1778160281852_844849EF2828","ORG_WALLET_1778160273686_674A3BB67D22","ORG_3fd58db1eff04be0b03a5642","ORG_938d73070d6540978566cca4","4","0.004","4.004","USD","CONFIRMED","2026-05-07T15:20:07.962Z"
"864","da00b451-c0af-4bc9-b682-abdd26fc898c","TX_1778167207967_957864ECFCA5","ORG_WALLET_1778160271588_5AEBB5495957","ORG_WALLET_1778160271922_7B17C247593D","ORG_ecce5b9c9b2d4c3aaf74df2b","ORG_65c1186c01ec473e8828d351","19.53","0.01953","19.54953","USD","CONFIRMED","2026-05-07T15:20:07.967Z"
"865","276f76b7-1c49-401e-bce5-41903a19407d","TX_1778167207971_B611F9CDA02C","ORG_WALLET_1778160270578_5F67C563B639","WALLET_1778139950788_F2A29AB7B72B7","ORG_577fac19d1184e1da9dc121c","21","22.15","0.02215","22.17215","USD","CONFIRMED","2026-05-07T15:20:07.971Z"
"866","444f9209-6df2-454b-ac2b-0a277c649550","TX_1778167207976_4E3948631C97","ORG_WALLET_1778160280313_BC5103AB96CB","WALLET_1778160871693_0EA008B15BECE","ORG_383affa12a9d41fba9370e9c","900478","44.3","0.0443","44.3443","USD","CONFIRMED","2026-05-07T15:20:07.976Z"
"867","1ae47a9f-7b95-48e2-8af0-e034759119a5","TX_1778167207981_6B766F483FB1","ORG_WALLET_1778160269059_6971AFBA84D6","ORG_WALLET_1778160283376_55A249691809","ORG_2da30634595b4a878b928a3b","ORG_b93dc1ec5bed4bd3ab3f2bae","29.35","0.02935","29.37935","USD","CONFIRMED","2026-05-07T15:20:07.981Z"
"868","64ba426d-d742-4449-8a01-7b1207891596","TX_1778167207985_E9344AAA5DAA","ORG_WALLET_1778160278829_27222539D362","ORG_WALLET_1778160281587_7507D0163D18","ORG_3f069e8026b3411fb09ee1b9","ORG_0130bc4c8a4f483db60b9a07","13.13","0.01313","13.14313","USD","CONFIRMED","2026-05-07T15:20:07.985Z"
"869","d4ed2b0d-dc4c-4a64-9d76-e7033683d571","TX_1778167207990_18F5562B9F04","ORG_WALLET_1778160272087_2324BE187015","ORG_WALLET_1778160269733_0E05DF2FFF93","ORG_1947e9ee30de4becb2794d04","ORG_8e5e15226c434f6db4c68dfe","26.15","0.02615","26.17615","USD","CONFIRMED","2026-05-07T15:20:07.990Z"
"870","6b36c397-cd6c-412b-9519-6be281ba8a85","TX_1778167207995_3576C60FC9C0","ORG_WALLET_1778160272769_FD7534EDEC66","ORG_WALLET_1778160275836_D546B4A6AA4D","ORG_ac4284f48d50479c9cabbf1e","ORG_6cca990bda20451bb3b152ba","11.3","0.0113","11.3113","USD","CONFIRMED","2026-05-07T15:20:07.995Z"
"871","e4ea926b-b584-4d52-98b5-7a911db8a125","TX_1778167208001_D6493BD44CD1","ORG_WALLET_1778160269239_48CD73B4012D","WALLET_1778139950788_F2A29AB7B72B7","ORG_27d97e5a920d445294b83bef","21","9.53","0.00953","9.53953","USD","CONFIRMED","2026-05-07T15:20:08.001Z"
"872","fb8c991e-e7bb-4325-8fcd-f4855e7dc264","TX_1778167208006_6F05E214D17F","ORG_WALLET_1778160282199_5426CD38E9D1","ORG_WALLET_1778160278386_D640F5E98EC7","ORG_f2aa8c43d06346a09f7f1a33","ORG_ab9877b6b83245749a5629bb","44.91","0.04491","44.95491","USD","CONFIRMED","2026-05-07T15:20:08.006Z"
"873","4077e97f-5b54-4c28-897e-e935d1136195","TX_1778167208011_C121E59D1BD2","ORG_WALLET_1778160278656_2AA9E6362FDE","ORG_WALLET_1778160280063_AAF51069402B","ORG_8121c92f968d451094666b4d","ORG_9ebccad56d8746aba1f28a74","24.09","0.02409","24.11409","USD","CONFIRMED","2026-05-07T15:20:08.011Z"
"874","1ff1cd29-ed79-4d3d-b308-9514fb95edba","TX_1778167208016_846B95EA025A","ORG_WALLET_1778160271420_10308936FCED","ORG_WALLET_1778160278746_7064FF0F96E8","ORG_c657f0a890c74ef99b1652bf","ORG_7cd6695ce0d64ff3815c79cb","3.36","0.00336","3.36336","USD","CONFIRMED","2026-05-07T15:20:08.016Z"
"875","d4080385-1ed2-4170-96e2-4c8f5348e9bc","TX_1778167208021_1B0F88DEC4FE","ORG_WALLET_1778160282538_2FB7C9E73DEE","ORG_WALLET_1778160282456_45B023A9122D","ORG_6328ec72b8d1427a882a8d14","ORG_c6ac8dad23ef42638bc72069","16.61","0.01661","16.62661","USD","CONFIRMED","2026-05-07T15:20:08.021Z"
"876","dd7ebe9a-5a0e-459d-b9a7-63656f282bf4","TX_1778167208025_29E15AB3E019","ORG_WALLET_1778160273021_441FA524915E","ORG_WALLET_1778160274262_42055E8BD8F4","ORG_a71d85d229504155adb16888","ORG_f8f1b069c0684be2875182d8","39.93","0.03993","39.96993","USD","CONFIRMED","2026-05-07T15:20:08.025Z"
"877","8cc07914-64c9-49cd-981a-d684d0dcd091","TX_1778167208028_ECE666A89EF3","ORG_WALLET_1778160272171_3E1E9FC7005B","ORG_WALLET_1778160276854_01DB22D26B59","ORG_cf345c7615cd49f19d54be4b","ORG_96abde570dc346cb8fa1c4f8","27.48","0.02748","27.50748","USD","CONFIRMED","2026-05-07T15:20:08.029Z"
"878","08a8c685-ff14-43e9-b6e3-0eb3eaf13726","TX_1778167208032_1B4B4DD8E8F8","ORG_WALLET_1778160272597_395AFF437375","ORG_WALLET_1778160272938_24D08982CD31","ORG_27f72ecdd7eb4a9f89c477ac","ORG_1e01824ab59a4e68ae11f7a3","27.76","0.02776","27.78776","USD","CONFIRMED","2026-05-07T15:20:08.032Z"
"879","c1b9715c-cea9-4cf8-a5d8-c12a598e9c16","TX_1778167208038_4105492410BB","ORG_WALLET_1778160277948_02E3D888EC83","ORG_WALLET_1778160281852_844849EF2828","ORG_da6ada1190384d80bd40ae29","ORG_3fd58db1eff04be0b03a5642","36.03","0.03603","36.06603","USD","CONFIRMED","2026-05-07T15:20:08.038Z"
"880","5c09747d-4646-4d29-8911-802b31a12ceb","TX_1778167208043_83A15E04FF5A","ORG_WALLET_1778160270079_0C0EAE39BC93","ORG_WALLET_1778160274098_0A5EF90FB47E","ORG_fdc6ce67a3af4909bf689efd","ORG_a73b423c03aa4e7da5788a37","19.89","0.01989","19.90989","USD","CONFIRMED","2026-05-07T15:20:08.043Z"
"881","e924356f-1353-4c66-8bdb-4d14d86b3c8b","TX_1778167208048_31DA34D29954","ORG_WALLET_1778160275097_4BF89DCDF762","ORG_WALLET_1778160275919_BDF031F0A6D4","ORG_0f101297e7a64f86b1cf05c2","ORG_6e9b7fd7d6a84f5d89e1f07a","41.85","0.04185","41.89185","USD","CONFIRMED","2026-05-07T15:20:08.048Z"
"882","d8021aa2-6551-4cc4-b054-651b7f17d1c2","TX_1778167208053_35B9FB9858D9","ORG_WALLET_1778160274850_C8FA65D01C69","ORG_WALLET_1778160281852_844849EF2828","ORG_9334ac8c5d4b490fa13c098f","ORG_3fd58db1eff04be0b03a5642","46.4","0.0464","46.4464","USD","CONFIRMED","2026-05-07T15:20:08.053Z"
"883","f1b6fb12-63fc-45df-b278-4f25f22bea39","TX_1778167208059_8FDAA2D0557F","ORG_WALLET_1778160273686_674A3BB67D22","ORG_WALLET_1778160279241_D1D6C1B2EAAB","ORG_938d73070d6540978566cca4","ORG_a86f8c15d8ce4214ae8d4b54","26.91","0.02691","26.93691","USD","CONFIRMED","2026-05-07T15:20:08.059Z"
"884","7df303f6-d081-4797-986e-7828ce133461","TX_1778167208065_7AC58B0CA3C7","ORG_WALLET_1778160282456_45B023A9122D","ORG_WALLET_1778160272855_D00C90A0E963","ORG_c6ac8dad23ef42638bc72069","ORG_bae3ca8533f14130b6d9ed30","19.87","0.01987","19.88987","USD","CONFIRMED","2026-05-07T15:20:08.065Z"
"885","b1cb924b-32d0-4c9f-9b7b-13bb3983d124","TX_1778167208071_416208DEE20F","ORG_WALLET_1778160270744_5C3A6545AD72","ORG_WALLET_1778160272938_24D08982CD31","ORG_4a6dba69e91e40eaae01a77f","ORG_1e01824ab59a4e68ae11f7a3","18.78","0.01878","18.79878","USD","CONFIRMED","2026-05-07T15:20:08.071Z"
"886","84105e8c-a60c-4a8f-83c7-422e3172b29b","TX_1778167208074_1CFE03399005","ORG_WALLET_1778160283046_9BD4F086F512","ORG_WALLET_1778160278829_27222539D362","ORG_4583de686dcd47b699bf4049","ORG_3f069e8026b3411fb09ee1b9","32.29","0.03229","32.32229","USD","CONFIRMED","2026-05-07T15:20:08.075Z"
"887","466c0a3f-ce26-4a02-ad0a-85c6ea1151bb","TX_1778167208079_9C0D84E582B2","ORG_WALLET_1778160278215_9B0E7B324524","ORG_WALLET_1778160272427_347735F01EAC","ORG_23c3b1e647eb4bf9ae6d36a7","ORG_95f1c8263eb9403fa7c10857","12.15","0.01215","12.16215","USD","CONFIRMED","2026-05-07T15:20:08.080Z"
"888","3f246c2f-e814-4a1e-b7d3-c22b33a2a754","TX_1778167208084_A29DCF66F40D","ORG_WALLET_1778160273932_CA183A14D77D","ORG_WALLET_1778160279487_4104A58B1146","ORG_8a0e365a49bf4ed392152198","ORG_c15b8bf2293b4ea39f843947","31.66","0.03166","31.69166","USD","CONFIRMED","2026-05-07T15:20:08.084Z"
"889","62789109-be5d-4ce8-9a01-eef7d1f35b85","TX_1778167208088_8DA02E3CA445","ORG_WALLET_1778160270494_527614AD5ED1","ORG_WALLET_1778160271922_7B17C247593D","ORG_52501adb75e9456880834763","ORG_65c1186c01ec473e8828d351","36.23","0.03623","36.26623","USD","CONFIRMED","2026-05-07T15:20:08.088Z"
"890","668b4760-09b7-4504-9a70-250700412f6b","TX_1778167208092_9869B6EA9AAC","ORG_WALLET_1778160270578_5F67C563B639","ORG_WALLET_1778160280396_28AA8E30C40A","ORG_577fac19d1184e1da9dc121c","ORG_445bfea799664a1a85c09e39","41.22","0.04122","41.26122","USD","CONFIRMED","2026-05-07T15:20:08.092Z"
"891","a7a54d11-340d-459d-8808-a578f02a9d2c","TX_1778167208096_2FEBCDB7C0BC","ORG_WALLET_1778160271420_10308936FCED","ORG_WALLET_1778160270079_0C0EAE39BC93","ORG_c657f0a890c74ef99b1652bf","ORG_fdc6ce67a3af4909bf689efd","36.94","0.03694","36.97694","USD","CONFIRMED","2026-05-07T15:20:08.096Z"
"892","add6d288-5954-4d7e-8181-051792b47f4b","TX_1778167208101_AA08BD5372AB","ORG_WALLET_1778160272254_7495A0C77CC7","ORG_WALLET_1778160271837_0C82F2D95DA1","ORG_69dea77248dd439b8f15d0cd","ORG_b2c0e26bc8e4438380730970","19.87","0.01987","19.88987","USD","CONFIRMED","2026-05-07T15:20:08.101Z"
"893","aed31b9c-f001-4101-b771-76a95a13b661","TX_1778167208103_284DCCE61343","ORG_WALLET_1778160274932_22FF89952550","ORG_WALLET_1778160272512_224C2AE61622","ORG_3028e13c98ca4d07a3b5fa43","ORG_826d10ed54ab49a0a02481cd","47.91","0.04791","47.95791","USD","CONFIRMED","2026-05-07T15:20:08.103Z"
"894","2614a4e9-bf0f-4450-8084-890c5342760e","TX_1778167208107_4C96305D8D0B","ORG_WALLET_1778160274098_0A5EF90FB47E","ORG_WALLET_1778160280063_AAF51069402B","ORG_a73b423c03aa4e7da5788a37","ORG_9ebccad56d8746aba1f28a74","40.99","0.04099","41.03099","USD","CONFIRMED","2026-05-07T15:20:08.108Z"
"895","c434612d-09d9-419f-bf4c-e2402de3508b","TX_1778167208113_0F3FE013B825","ORG_WALLET_1778160273441_F81077FBB190","WALLET_1778153747020_1ECAE0E292C2A","ORG_63cb10b5b1e5475fbd0d95a0","554070","37.54","0.03754","37.57754","USD","CONFIRMED","2026-05-07T15:20:08.113Z"
"896","cf6bdd22-0c83-4d76-b0b8-0be4dc65c433","TX_1778167208116_5FA8BC244591","WALLET_1778153695898_3575061710329","ORG_WALLET_1778160277036_D88468BE2F0D","693779","ORG_602f8a0e45d24e59815b6795","46.05","0.04605","46.09605","USD","CONFIRMED","2026-05-07T15:20:08.116Z"
"897","811a7aab-1dc1-40ca-884b-c3c182cabc71","TX_1778167208119_63612C08AEF2","ORG_WALLET_1778160277696_1E4BED96895A","ORG_WALLET_1778160277118_C70DF08FF521","ORG_98c417cc5a45471cb8d8400e","ORG_1ea32c1b16bc4f64adf2679b","41.78","0.04178","41.82178","USD","CONFIRMED","2026-05-07T15:20:08.119Z"
"898","f8c693d7-dc83-49b0-8e09-46e7ba38113e","TX_1778167208122_4FAD884AC2DA","ORG_WALLET_1778160280145_1BD0EB49AB57","ORG_WALLET_1778160279735_472CEB450301","ORG_13ab97a389df4a27bdd054a8","ORG_6575120899be4b2b93a8295a","11.54","0.01154","11.55154","USD","CONFIRMED","2026-05-07T15:20:08.122Z"
"899","b4cf8047-9d53-4e75-aeff-4acf9d357ca2","TX_1778167208125_97F5F9424C99","ORG_WALLET_1778160279899_A1DC55243B7F","ORG_WALLET_1778160275260_2FA5B71E69EF","ORG_f41a9b9ed2d64ef599b8a9ac","ORG_36825afef0744860ab8035f2","26.4","0.0264","26.4264","USD","CONFIRMED","2026-05-07T15:20:08.125Z"
"900","f71725c7-fd5f-450a-a1c2-4a79bae1ff66","TX_1778167208128_C6AB2DFC7DD0","ORG_WALLET_1778160277780_7B2360B8CA09","ORG_WALLET_1778160270327_6C4C9C272F9B","ORG_a676d43c972f45ff882825e6","ORG_029c24335b3e47f1b1bfb215","4.89","0.00489","4.89489","USD","CONFIRMED","2026-05-07T15:20:08.129Z"
"901","e0a9b72d-fbef-4fcd-8b57-87666e6389fa","TX_1778167208133_013F27232BE9","ORG_WALLET_1778160275341_7016E58B21CB","ORG_WALLET_1778160276947_D26E37C2F505","ORG_ba1f38d427344ade8b8000aa","ORG_a9a322e9d1e743aca1161f69","14.16","0.01416","14.17416","USD","CONFIRMED","2026-05-07T15:20:08.133Z"
"902","32d82c87-51f8-4501-ac6a-14261bcb7d8a","TX_1778167208138_776D979320A9","ORG_WALLET_1778160274599_128BAE8501ED","ORG_WALLET_1778160279817_5EFE6A9486F3","ORG_5d7ccd0921bf4a349d193ef4","ORG_9ba2d7575584423586bec8a3","46.85","0.04685","46.89685","USD","CONFIRMED","2026-05-07T15:20:08.138Z"
"903","420ce00f-574e-4673-a3f1-17432a0bb44d","TX_1778167208141_8E8FA7EC25F7","WALLET_1778071441355_6612E1BB0599A","ORG_WALLET_1778160275753_082C4EAF7EAE","22","ORG_adf8170288c4481488d92098","41.05","0.04105","41.09105","USD","CONFIRMED","2026-05-07T15:20:08.141Z"
"904","a3f0e63f-bca5-40e3-8da6-210bca991149","TX_1778167208144_CA1A8BF13AAE","ORG_WALLET_1778160276762_EAAF396C2E3C","ORG_WALLET_1778160277036_D88468BE2F0D","ORG_dfa5dbd88c9b475bae5822f9","ORG_602f8a0e45d24e59815b6795","24.81","0.02481","24.83481","USD","CONFIRMED","2026-05-07T15:20:08.144Z"
"905","dd69851a-bc9d-4ecf-835a-cf7d13897fc3","TX_1778167208149_7633FC65D36E","ORG_WALLET_1778160277532_B90C63AB1C19","ORG_WALLET_1778160272340_1AE5D72A11D5","ORG_4fffbe49b22a4f23b2a37682","ORG_85680328ba424fdb8c6f80c4","29.61","0.02961","29.63961","USD","CONFIRMED","2026-05-07T15:20:08.149Z"
"906","19a413e1-c8f0-4b16-9203-c001377f455a","TX_1778167208154_EAA496DF8AF5","WALLET_1778158164274_EEBF658010844","ORG_WALLET_1778160279570_C6CB51444C14","900476","ORG_f4a88f302b404a3d88306ab9","21.06","0.02106","21.08106","USD","CONFIRMED","2026-05-07T15:20:08.154Z"
"907","e4da681e-710c-4673-a6cc-aa90e0537214","TX_1778167208159_EA0457CB5416","ORG_WALLET_1778160280063_AAF51069402B","ORG_WALLET_1778160280313_BC5103AB96CB","ORG_9ebccad56d8746aba1f28a74","ORG_383affa12a9d41fba9370e9c","36","0.036","36.036","USD","CONFIRMED","2026-05-07T15:20:08.159Z"
"908","1c31d998-9759-4dc9-99cf-4ad97e200755","TX_1778167208163_2DA98C6F325C","ORG_WALLET_1778160278483_35C5D56EB87C","ORG_WALLET_1778160282882_721F365A8568","ORG_324af165c31348f89951e21f","ORG_ca0453f9444845208f60654d","47.81","0.04781","47.85781","USD","CONFIRMED","2026-05-07T15:20:08.163Z"
"909","3bf54a8d-5831-4877-8290-72adfe4d3520","TX_1778167208167_CFCF1D91B29F","ORG_WALLET_1778160281940_C938801D48CF","ORG_WALLET_1778160280063_AAF51069402B","ORG_db20c1255ff54714bcf79451","ORG_9ebccad56d8746aba1f28a74","39.35","0.03935","39.38935","USD","CONFIRMED","2026-05-07T15:20:08.167Z"
"910","0cd7c880-2841-459f-9dac-8e1cccebe7eb","TX_1778167208172_9E8D2BF6ED43","ORG_WALLET_1778160280478_74B6B9C7E314","ORG_WALLET_1778160276331_4051DC1CA743","ORG_319431175959410eab0a0351","ORG_3a9b9c870e0640eeb07e124b","31.83","0.03183","31.86183","USD","CONFIRMED","2026-05-07T15:20:08.172Z"
"911","1d3931a2-f91b-44ba-9375-088e0f5c0682","TX_1778167208176_827689248077","ORG_WALLET_1778160273104_AC5499EBB8DB","ORG_WALLET_1778160280229_2A2D74805156","ORG_90b640dac1aa4692a7678e4e","ORG_6312f8a7d3254be0a87733a6","46.31","0.04631","46.35631","USD","CONFIRMED","2026-05-07T15:20:08.176Z"
"912","29fc261a-fe37-46f7-b2b4-35026fc7f4c0","TX_1778167208181_9AB8FEE99EF3","ORG_WALLET_1778160271252_67D918BA6E84","ORG_WALLET_1778160272004_218D14D9D927","ORG_f6d121503eec494299f9bf40","ORG_9e0677e9cdda4332a318f099","28.86","0.02886","28.88886","USD","CONFIRMED","2026-05-07T15:20:08.181Z"
"913","7efb15b7-a643-444b-9bf1-5c9afb684671","TX_1778167208184_C38318CD6C0B","ORG_WALLET_1778160276166_F5F14DB4910B","ORG_WALLET_1778160278215_9B0E7B324524","ORG_85042eae537c4c1cb51c1e84","ORG_23c3b1e647eb4bf9ae6d36a7","4.39","0.00439","4.39439","USD","CONFIRMED","2026-05-07T15:20:08.184Z"
"914","b9ba5a32-736a-4dd8-a5e4-62c980235f6e","TX_1778167208188_B9D5124EF085","ORG_WALLET_1778160274850_C8FA65D01C69","ORG_WALLET_1778160275260_2FA5B71E69EF","ORG_9334ac8c5d4b490fa13c098f","ORG_36825afef0744860ab8035f2","49.18","0.04918","49.22918","USD","CONFIRMED","2026-05-07T15:20:08.188Z"
"915","67926fff-2e8e-4b42-8f74-96e3395878af","TX_1778167208192_79907060E30D","WALLET_1778139950788_F2A29AB7B72B7","WALLET_1778070501985_A574CF7592927","21","19","17.79","0.01779","17.80779","USD","CONFIRMED","2026-05-07T15:20:08.192Z"
"916","a56a06e7-5f34-48d0-a83a-7e9775cd3316","TX_1778167208197_2923D73FCC45","ORG_WALLET_1778160283294_DD0951E0B2B5","ORG_WALLET_1778160272340_1AE5D72A11D5","ORG_954c8c749d354ee6bf59a4ec","ORG_85680328ba424fdb8c6f80c4","25.2","0.0252","25.2252","USD","CONFIRMED","2026-05-07T15:20:08.197Z"
"917","b90f8817-061c-493e-a1cd-666268b14d9f","TX_1778167208202_3F70A16B802C","ORG_WALLET_1778160279159_80BBBFF13FEC","ORG_WALLET_1778160281587_7507D0163D18","ORG_8bc1abe06d03488889664f63","ORG_0130bc4c8a4f483db60b9a07","43.04","0.04304","43.08304","USD","CONFIRMED","2026-05-07T15:20:08.202Z"
"918","41d48aa3-7cf8-4e7f-8048-63a11e580a19","TX_1778167208205_B9D9CCBC9845","ORG_WALLET_1778160280478_74B6B9C7E314","ORG_WALLET_1778160272171_3E1E9FC7005B","ORG_319431175959410eab0a0351","ORG_cf345c7615cd49f19d54be4b","29.6","0.0296","29.6296","USD","CONFIRMED","2026-05-07T15:20:08.205Z"
"919","1f47c20d-9644-4f32-ac33-857f5da2ea41","TX_1778167208209_9FF832C000BB","ORG_WALLET_1778160282372_B62DC72D41CD","WALLET_1778160871693_0EA008B15BECE","ORG_390298c5f209426d9b91ea2b","900478","42.44","0.04244","42.48244","USD","CONFIRMED","2026-05-07T15:20:08.209Z"
"920","0ff4252b-3bfe-4ceb-8bfd-e4891356cf3d","TX_1778167208214_F4F55A575A0A","ORG_WALLET_1778160272512_224C2AE61622","ORG_WALLET_1778160282964_AC07329D4648","ORG_826d10ed54ab49a0a02481cd","ORG_3265ae8f978f4b7d9d6e5fa9","49.08","0.04908","49.12908","USD","CONFIRMED","2026-05-07T15:20:08.214Z"
"921","1e6a72ee-1354-48d9-8f88-aa3a1255c7c5","TX_1778167208218_D9D7F5E98C3B","ORG_WALLET_1778160272087_2324BE187015","ORG_WALLET_1778160280313_BC5103AB96CB","ORG_1947e9ee30de4becb2794d04","ORG_383affa12a9d41fba9370e9c","37.46","0.03746","37.49746","USD","CONFIRMED","2026-05-07T15:20:08.218Z"
"922","a9788013-c946-4360-8d03-a0f6de3f9f94","TX_1778167208221_2A23373A8CE1","ORG_WALLET_1778160274682_5965E6AC8E74","ORG_WALLET_1778160272340_1AE5D72A11D5","ORG_a6e4e132067d444abfd40382","ORG_85680328ba424fdb8c6f80c4","15.42","0.01542","15.43542","USD","CONFIRMED","2026-05-07T15:20:08.221Z"
"923","072399f3-ba3c-46eb-9de3-79f09a389e4e","TX_1778167208226_3FFF2DA104EC","ORG_WALLET_1778160272254_7495A0C77CC7","ORG_WALLET_1778160277118_C70DF08FF521","ORG_69dea77248dd439b8f15d0cd","ORG_1ea32c1b16bc4f64adf2679b","20.29","0.02029","20.31029","USD","CONFIRMED","2026-05-07T15:20:08.226Z"
"924","960629d2-ced5-4b8a-9f5f-3e5470202539","TX_1778167208231_AD5F0969F746","ORG_WALLET_1778160274932_22FF89952550","ORG_WALLET_1778160278746_7064FF0F96E8","ORG_3028e13c98ca4d07a3b5fa43","ORG_7cd6695ce0d64ff3815c79cb","14.21","0.01421","14.22421","USD","CONFIRMED","2026-05-07T15:20:08.231Z"
"925","69c50785-5018-4e09-a91c-41da0c0416cb","TX_1778167208235_1390916C4EB1","ORG_WALLET_1778160281672_AC2B16ED3152","ORG_WALLET_1778160283706_5010AC071A4D","ORG_ca5644b10bba4f4bb4d442cd","ORG_0562df46bdb2435a9dbe31ce","32.74","0.03274","32.77274","USD","CONFIRMED","2026-05-07T15:20:08.235Z"
"926","041d9ffa-0738-46e2-a905-85dcb9cfa4e8","TX_1778167208239_CF1BBD93843C","ORG_WALLET_1778160283706_5010AC071A4D","ORG_WALLET_1778160278386_D640F5E98EC7","ORG_0562df46bdb2435a9dbe31ce","ORG_ab9877b6b83245749a5629bb","38.01","0.03801","38.04801","USD","CONFIRMED","2026-05-07T15:20:08.240Z"
"927","c1587c62-d677-44e1-a553-4fecd593d25d","TX_1778167208245_82CE7AABBF5D","WALLET_1778066536214_1CCF535AA5CB2","ORG_WALLET_1778160274346_C1801622C4F1","11","ORG_eb4457964c8e4d2c85073cbc","16.71","0.01671","16.72671","USD","CONFIRMED","2026-05-07T15:20:08.245Z"
"928","d3ee906d-ccf3-49f2-a877-8a7a418079a7","TX_1778167208249_2DD739B0419E","ORG_WALLET_1778160273932_CA183A14D77D","ORG_WALLET_1778160277866_C651D9A96A38","ORG_8a0e365a49bf4ed392152198","ORG_c97a5bd146424af892b521b5","31.82","0.03182","31.85182","USD","CONFIRMED","2026-05-07T15:20:08.250Z"
"929","0752729d-0726-4f4d-b4e1-3e9432d1d02d","TX_1778167208253_FF8547189C6B","ORG_WALLET_1778160276248_B929B3B975EE","ORG_WALLET_1778160282882_721F365A8568","ORG_10a2a0c34b3b47e3aedbe985","ORG_ca0453f9444845208f60654d","32.18","0.03218","32.21218","USD","CONFIRMED","2026-05-07T15:20:08.253Z"
"930","caa735ef-71d0-4093-bc4e-4ae6bf9c190c","TX_1778167208257_59444C4EEEE2","ORG_WALLET_1778160270916_58F7499D02AE","ORG_WALLET_1778160272683_71FAC55E21B5","ORG_3b0c736419434cb3915d9406","ORG_e09e5d36254c4580a291d44a","12.73","0.01273","12.74273","USD","CONFIRMED","2026-05-07T15:20:08.257Z"
"931","62fe3cd1-5b82-43ef-92b2-575300b3ae14","TX_1778167208262_5AC4C7AA8937","WALLET_1778160871693_0EA008B15BECE","ORG_WALLET_1778160277614_15833B79651A","900478","ORG_f7b1a0494b744787b67b76a1","45.19","0.04519","45.23519","USD","CONFIRMED","2026-05-07T15:20:08.262Z"
"932","6e795a13-d6a6-4dd1-be21-c203eae3ef49","TX_1778167208266_8FA1AB44AF92","ORG_WALLET_1778160270244_8FA5322D5953","WALLET_1778066885551_3953C6C1EF125","ORG_2a4b739bfe4b4248b59c8c60","12","29.38","0.02938","29.40938","USD","CONFIRMED","2026-05-07T15:20:08.267Z"
"933","775b2d90-bad3-460b-b1e0-62403454078a","TX_1778167208271_7B8E84B43628","ORG_WALLET_1778160281672_AC2B16ED3152","ORG_WALLET_1778160275753_082C4EAF7EAE","ORG_ca5644b10bba4f4bb4d442cd","ORG_adf8170288c4481488d92098","6.35","0.00635","6.35635","USD","CONFIRMED","2026-05-07T15:20:08.271Z"
"934","4cdc8927-175c-4e07-aa12-c9c06a4e0d43","TX_1778167208275_09B273A46DF2","ORG_WALLET_1778160280478_74B6B9C7E314","ORG_WALLET_1778160275505_F41736F76EA9","ORG_319431175959410eab0a0351","ORG_3e4a83201e5b4f7dbdb74422","46.55","0.04655","46.59655","USD","CONFIRMED","2026-05-07T15:20:08.275Z"
"935","6aff7ee2-c95c-4081-ab5d-b6037b2cb9c4","TX_1778167208279_645DD861AD66","ORG_WALLET_1778160278912_34CD89FC56F8","ORG_WALLET_1778160275919_BDF031F0A6D4","ORG_ec29df2c50c64390af553958","ORG_6e9b7fd7d6a84f5d89e1f07a","25.02","0.02502","25.04502","USD","CONFIRMED","2026-05-07T15:20:08.279Z"
"936","c0038859-6e0c-4953-a2d3-91d104e4b073","TX_1778167208283_CEB86733ABE2","ORG_WALLET_1778160283212_04E49AAB0147","ORG_WALLET_1778160272004_218D14D9D927","ORG_c11a6f2d78c941cea491491c","ORG_9e0677e9cdda4332a318f099","2.11","0.00211","2.11211","USD","CONFIRMED","2026-05-07T15:20:08.283Z"
"937","e71224cf-7450-465e-aa58-a3fbcf48f5e9","TX_1778167208288_ED276256DC70","ORG_WALLET_1778160274262_42055E8BD8F4","ORG_WALLET_1778160281313_EE9CB4E26C8C","ORG_f8f1b069c0684be2875182d8","ORG_aa878780244041f0ae807e6b","26.07","0.02607","26.09607","USD","CONFIRMED","2026-05-07T15:20:08.288Z"
"938","e2d981c6-9133-4836-bd7f-e6ea4426ddc9","TX_1778167208293_70592725134F","ORG_WALLET_1778160277532_B90C63AB1C19","ORG_WALLET_1778160272254_7495A0C77CC7","ORG_4fffbe49b22a4f23b2a37682","ORG_69dea77248dd439b8f15d0cd","27.07","0.02707","27.09707","USD","CONFIRMED","2026-05-07T15:20:08.293Z"
"939","dd72b5bb-f652-419e-a0ad-823d913a4267","TX_1778167208298_353CEF461C18","ORG_WALLET_1778160271588_5AEBB5495957","ORG_WALLET_1778160270828_FCD6A452F375","ORG_ecce5b9c9b2d4c3aaf74df2b","ORG_6a112b620a3b4d9db1c1b50d","49.44","0.04944","49.48944","USD","CONFIRMED","2026-05-07T15:20:08.298Z"
"940","9b024739-8ebe-4419-971a-50c74d2565ac","TX_1778167208301_D4A7F13DD390","ORG_WALLET_1778160277281_E7A1D5DF049D","ORG_WALLET_1778160275836_D546B4A6AA4D","ORG_3dec97d5b52e4315a8dc28ee","ORG_6cca990bda20451bb3b152ba","30.57","0.03057","30.60057","USD","CONFIRMED","2026-05-07T15:20:08.301Z"
"941","8b3bb83a-510a-4eed-9508-6efa677b099c","TX_1778167208306_E2F6BDF60DF9","ORG_WALLET_1778160276947_D26E37C2F505","ORG_WALLET_1778160278996_A269C7AD8721","ORG_a9a322e9d1e743aca1161f69","ORG_1f8d33ab9ab44b54bd42620f","33.56","0.03356","33.59356","USD","CONFIRMED","2026-05-07T15:20:08.306Z"
"942","3c0c2efe-2948-4006-8d56-a9bacd531616","TX_1778167208311_93FAC10A3754","ORG_WALLET_1778160281313_EE9CB4E26C8C","ORG_WALLET_1778160281488_23CC588BB422","ORG_aa878780244041f0ae807e6b","ORG_8a9b8d089c7f4860b97c17ba","1.75","0.00175","1.75175","USD","CONFIRMED","2026-05-07T15:20:08.311Z"
"943","93d844e6-52bf-4326-8009-0a903547adfe","TX_1778167208315_EBA013399AC8","ORG_WALLET_1778160274098_0A5EF90FB47E","ORG_WALLET_1778160279322_2515D0F54F47","ORG_a73b423c03aa4e7da5788a37","ORG_5d1a9275bc4a4a92b3fa18ae","30.05","0.03005","30.08005","USD","CONFIRMED","2026-05-07T15:20:08.315Z"
"944","2ae33119-b072-4b7d-bc09-5d2fb9b772e0","TX_1778167208319_5F2BC55314F9","WALLET_1778154970895_D82B934E18EF1","ORG_WALLET_1778160280559_426B10463347","900475","ORG_714136041c8c450e87db5646","22.51","0.02251","22.53251","USD","CONFIRMED","2026-05-07T15:20:08.319Z"
"945","9c119eb0-5a9c-4540-967a-e2e009200a44","TX_1778167208322_3F2DBE65603B","ORG_WALLET_1778160281313_EE9CB4E26C8C","WALLET_1778153906827_07651C59B5DEE","ORG_aa878780244041f0ae807e6b","900473","35.96","0.03596","35.99596","USD","CONFIRMED","2026-05-07T15:20:08.322Z"
"946","edcb6153-3319-449a-a37c-9ad7e7fbccf6","TX_1778167208325_39CA6C43CD78","ORG_WALLET_1778160271420_10308936FCED","ORG_WALLET_1778160269142_CB003D9B2929","ORG_c657f0a890c74ef99b1652bf","ORG_288825f92b7e403785420727","41.79","0.04179","41.83179","USD","CONFIRMED","2026-05-07T15:20:08.325Z"
"947","d35a2490-a2d2-4bf4-9cec-908162974e62","TX_1778167208330_296EBEA00B27","ORG_WALLET_1778160281940_C938801D48CF","ORG_WALLET_1778160272512_224C2AE61622","ORG_db20c1255ff54714bcf79451","ORG_826d10ed54ab49a0a02481cd","7.33","0.00733","7.33733","USD","CONFIRMED","2026-05-07T15:20:08.330Z"
"948","929c3c7b-e4c5-4c69-a06c-abe6ee60c1ed","TX_1778167208335_BBEFD198AC4E","WALLET_1778159049528_C73FC1C68B888","ORG_WALLET_1778160272769_FD7534EDEC66","900477","ORG_ac4284f48d50479c9cabbf1e","41.91","0.04191","41.95191","USD","CONFIRMED","2026-05-07T15:20:08.335Z"
"949","db922566-fb19-4695-adf0-70748d0c880c","TX_1778167208339_161D68D46669","ORG_WALLET_1778160269907_D47531E61879","ORG_WALLET_1778160276001_05A50D53087F","ORG_c3b862b4e7ff4ce4a8bdd56e","ORG_4f875438f0ae42e8af201d6f","34.53","0.03453","34.56453","USD","CONFIRMED","2026-05-07T15:20:08.339Z"
"950","1c7850da-1683-4100-811d-2c46e2c79bfc","TX_1778167208342_DD4E485D87FF","ORG_WALLET_1778160276412_51B6857CB493","ORG_WALLET_1778160282284_EC6234CEFA04","ORG_bd5fbb777a224d3a93208bf3","ORG_5b9400e661504c4f968243c0","46.51","0.04651","46.55651","USD","CONFIRMED","2026-05-07T15:20:08.342Z"
"951","c0a4363b-5feb-4700-8092-e23bb55ca402","TX_1778167208347_F2EAD3438DB8","ORG_WALLET_1778160278656_2AA9E6362FDE","ORG_WALLET_1778160283128_A2CB665268B0","ORG_8121c92f968d451094666b4d","ORG_7eb988a91e6c46b0b85aae07","6.41","0.00641","6.41641","USD","CONFIRMED","2026-05-07T15:20:08.347Z"
"952","0859e340-c86e-4f7a-b6b7-fa9623cf1b38","TX_1778167208351_31128D9234C9","ORG_WALLET_1778160273104_AC5499EBB8DB","ORG_WALLET_1778160276001_05A50D53087F","ORG_90b640dac1aa4692a7678e4e","ORG_4f875438f0ae42e8af201d6f","7.82","0.00782","7.82782","USD","CONFIRMED","2026-05-07T15:20:08.351Z"
"953","451671cd-b41c-436e-a37f-456ede7f8286","TX_1778167208355_EB4811851074","ORG_WALLET_1778160269733_0E05DF2FFF93","ORG_WALLET_1778160278996_A269C7AD8721","ORG_8e5e15226c434f6db4c68dfe","ORG_1f8d33ab9ab44b54bd42620f","36.78","0.03678","36.81678","USD","CONFIRMED","2026-05-07T15:20:08.355Z"
"954","225ee2a9-e29b-4090-9b70-38b956260dc0","TX_1778167208358_06EAC39BC7A5","ORG_WALLET_1778160269059_6971AFBA84D6","WALLET_1778154305518_2FC481B712D68","ORG_2da30634595b4a878b928a3b","900474","31.93","0.03193","31.96193","USD","CONFIRMED","2026-05-07T15:20:08.359Z"
"955","03981619-0b9e-4daa-8867-9ffaf7048752","TX_1778167208363_C91E91F23433","ORG_WALLET_1778158080621_9D3B20D175BC1","ORG_WALLET_1778160276947_D26E37C2F505","ORG_1d0a64007d7149ba8b5a7aa3","ORG_a9a322e9d1e743aca1161f69","1.17","0.00117","1.17117","USD","CONFIRMED","2026-05-07T15:20:08.363Z"
"956","aa6a7ab3-b403-4e59-95cb-a3377b3696b6","TX_1778167208368_43FB89C15BDE","ORG_WALLET_1778160281313_EE9CB4E26C8C","ORG_WALLET_1778160278996_A269C7AD8721","ORG_aa878780244041f0ae807e6b","ORG_1f8d33ab9ab44b54bd42620f","37.39","0.03739","37.42739","USD","CONFIRMED","2026-05-07T15:20:08.368Z"
"957","c426fdf1-7350-4f14-adb6-29d149e4054d","TX_1778167208372_3339CFAFC931","ORG_WALLET_1778160279899_A1DC55243B7F","WALLET_1778070501985_A574CF7592927","ORG_f41a9b9ed2d64ef599b8a9ac","19","26.51","0.02651","26.53651","USD","CONFIRMED","2026-05-07T15:20:08.372Z"
"958","19b564ae-b073-4207-9cde-2dd59809b15b","TX_1778167208376_5F78F5674ABC","WALLET_1778067145106_5F898D69F5F79","ORG_WALLET_1778160272340_1AE5D72A11D5","15","ORG_85680328ba424fdb8c6f80c4","9.61","0.00961","9.61961","USD","CONFIRMED","2026-05-07T15:20:08.376Z"
"959","7c2b18f3-f109-4642-be50-92eab8fa3668","TX_1778167208379_D39300745477","ORG_WALLET_1778160282456_45B023A9122D","ORG_WALLET_1778160276001_05A50D53087F","ORG_c6ac8dad23ef42638bc72069","ORG_4f875438f0ae42e8af201d6f","19.44","0.01944","19.45944","USD","CONFIRMED","2026-05-07T15:20:08.379Z"
"960","d6b2490f-7303-4e0a-a22f-fefbcebac71f","TX_1778167208382_5E26D43D6A61","ORG_WALLET_1778160281313_EE9CB4E26C8C","ORG_WALLET_1778160282284_EC6234CEFA04","ORG_aa878780244041f0ae807e6b","ORG_5b9400e661504c4f968243c0","4.84","0.00484","4.84484","USD","CONFIRMED","2026-05-07T15:20:08.382Z"
"961","68e3dfb5-a160-4d62-833a-bd71e55f27ed","TX_1778167208385_39CA3664E08B","ORG_WALLET_1778160270828_FCD6A452F375","ORG_WALLET_1778160279487_4104A58B1146","ORG_6a112b620a3b4d9db1c1b50d","ORG_c15b8bf2293b4ea39f843947","46.32","0.04632","46.36632","USD","CONFIRMED","2026-05-07T15:20:08.385Z"
"962","93448793-6cad-4b4d-a28b-99a20abf6912","TX_1778167208389_8F6608BA7F19","ORG_WALLET_1778160282964_AC07329D4648","ORG_WALLET_1778160275836_D546B4A6AA4D","ORG_3265ae8f978f4b7d9d6e5fa9","ORG_6cca990bda20451bb3b152ba","2.9","0.0029","2.9029","USD","CONFIRMED","2026-05-07T15:20:08.389Z"
"963","f7290e3d-75c8-4fe0-93a7-a226900b2738","TX_1778167208393_327344132005","ORG_WALLET_1778158080621_9D3B20D175BC1","ORG_WALLET_1778160282199_5426CD38E9D1","ORG_1d0a64007d7149ba8b5a7aa3","ORG_f2aa8c43d06346a09f7f1a33","5.85","0.00585","5.85585","USD","CONFIRMED","2026-05-07T15:20:08.394Z"
"964","b4800159-d7ce-4226-a59f-84a021648edd","TX_1778167208400_571F1670E4AB","ORG_WALLET_1778160280478_74B6B9C7E314","ORG_WALLET_1778160275178_6BFE22ABCAE0","ORG_319431175959410eab0a0351","ORG_f8763b870e3945858dab1964","11.32","0.01132","11.33132","USD","CONFIRMED","2026-05-07T15:20:08.400Z"
"965","6f36fd8d-b0dc-461c-8cf1-d8ff8df9b86f","TX_1778167208403_B083FCBE535E","ORG_WALLET_1778160270578_5F67C563B639","ORG_WALLET_1778160279078_A5374ADC2320","ORG_577fac19d1184e1da9dc121c","ORG_c4b9ddb3c679416b903f4368","1.06","0.00106","1.06106","USD","CONFIRMED","2026-05-07T15:20:08.403Z"
"966","590e5fe4-737f-4891-a7b6-5d74a8c71a1b","TX_1778167208408_BDBFA06DEB1E","ORG_WALLET_1778160270244_8FA5322D5953","ORG_WALLET_1778160270828_FCD6A452F375","ORG_2a4b739bfe4b4248b59c8c60","ORG_6a112b620a3b4d9db1c1b50d","7.21","0.00721","7.21721","USD","CONFIRMED","2026-05-07T15:20:08.408Z"
"967","25329747-4259-47eb-a4c4-5bc5a1a63a27","TX_1778167208412_278D55F81B72","ORG_WALLET_1778160271503_26D7F9F47165","ORG_WALLET_1778160279654_8F201F35E72D","ORG_3284baf117844e8289acfa39","ORG_429d704d895f4812a19c43e4","25.37","0.02537","25.39537","USD","CONFIRMED","2026-05-07T15:20:08.412Z"
"968","a77c7c58-a764-442d-96ee-9db2a7dea152","TX_1778167208416_AEEE8CE70A8E","ORG_WALLET_1778160274262_42055E8BD8F4","ORG_WALLET_1778160272427_347735F01EAC","ORG_f8f1b069c0684be2875182d8","ORG_95f1c8263eb9403fa7c10857","43.44","0.04344","43.48344","USD","CONFIRMED","2026-05-07T15:20:08.416Z"
"969","d60f5837-bf48-4935-83a7-34029a0e07bf","TX_1778167208422_5A4E9BF03754","ORG_WALLET_1778160272427_347735F01EAC","ORG_WALLET_1778160271754_0357D97220C1","ORG_95f1c8263eb9403fa7c10857","ORG_25fbaf76c088457a8422b979","31.58","0.03158","31.61158","USD","CONFIRMED","2026-05-07T15:20:08.422Z"
"970","fa04e80c-c3cf-4283-bfd5-3d8f663c6e47","TX_1778167208425_5E6B6DC200D0","ORG_WALLET_1778160275178_6BFE22ABCAE0","ORG_WALLET_1778160273191_9F74EE690DA4","ORG_f8763b870e3945858dab1964","ORG_bfd0a100c1f54521bf3575d3","14.62","0.01462","14.63462","USD","CONFIRMED","2026-05-07T15:20:08.425Z"
"971","6ef6122c-3a12-4103-8b4d-7116b6461953","TX_1778167208430_C6111043BA90","ORG_WALLET_1778160275505_F41736F76EA9","ORG_WALLET_1778160269455_E26051935907","ORG_3e4a83201e5b4f7dbdb74422","ORG_631c51145ae141e2a709d288","32.67","0.03267","32.70267","USD","CONFIRMED","2026-05-07T15:20:08.430Z"
"972","9ab25bde-374b-4826-a942-46696339a79a","TX_1778167208434_5C4F9763BD54","ORG_WALLET_1778160273768_A69B0D0A7F28","ORG_WALLET_1778160275836_D546B4A6AA4D","ORG_8b82065a06c744edb8815cb9","ORG_6cca990bda20451bb3b152ba","34.22","0.03422","34.25422","USD","CONFIRMED","2026-05-07T15:20:08.434Z"
"973","d7a1feb7-9e92-4bf6-a4ec-f70d7c001617","TX_1778167208438_A6E4BA60ED0F","ORG_WALLET_1778160275014_18D1A4CDCE47","ORG_WALLET_1778160279487_4104A58B1146","ORG_1279f3ac8c8345a9bd0d57cf","ORG_c15b8bf2293b4ea39f843947","10.13","0.01013","10.14013","USD","CONFIRMED","2026-05-07T15:20:08.438Z"
"974","1c2ae6fc-919a-4e0f-93d6-1024dc0927e1","TX_1778167208443_BDD887317FA6","ORG_WALLET_1778160282372_B62DC72D41CD","ORG_WALLET_1778160278386_D640F5E98EC7","ORG_390298c5f209426d9b91ea2b","ORG_ab9877b6b83245749a5629bb","4.06","0.00406","4.06406","USD","CONFIRMED","2026-05-07T15:20:08.444Z"
"975","08bd93b5-8a82-404f-a959-723c641e567a","TX_1778167208447_045BF75AE9D3","ORG_WALLET_1778160271503_26D7F9F47165","ORG_WALLET_1778160279241_D1D6C1B2EAAB","ORG_3284baf117844e8289acfa39","ORG_a86f8c15d8ce4214ae8d4b54","25.2","0.0252","25.2252","USD","CONFIRMED","2026-05-07T15:20:08.447Z"
"976","595cae7a-ac79-4c4d-9676-dc0c8ff12af4","TX_1778167208452_333F6DD39A15","WALLET_1778153747020_1ECAE0E292C2A","ORG_WALLET_1778160280889_D1B162DB74C8","554070","ORG_7e715dea8d62490097b33a3b","2.03","0.00203","2.03203","USD","CONFIRMED","2026-05-07T15:20:08.452Z"
"977","bb9cce34-1980-4100-8e0b-53f97bd5927e","TX_1778167208456_23C794FB825B","WALLET_1778139950788_F2A29AB7B72B7","ORG_WALLET_1778160277780_7B2360B8CA09","21","ORG_a676d43c972f45ff882825e6","37.31","0.03731","37.34731","USD","CONFIRMED","2026-05-07T15:20:08.456Z"
"978","c9388283-9913-43ee-b758-382010bbc9fe","TX_1778167208461_07E8822EB236","ORG_WALLET_1778160269455_E26051935907","ORG_WALLET_1778160281672_AC2B16ED3152","ORG_631c51145ae141e2a709d288","ORG_ca5644b10bba4f4bb4d442cd","47.1","0.0471","47.1471","USD","CONFIRMED","2026-05-07T15:20:08.462Z"
"979","9bd5e31c-a0b6-46ff-a95c-0bca6c1a8a64","TX_1778167208467_D32D522DCBB2","ORG_WALLET_1778160279322_2515D0F54F47","ORG_WALLET_1778160279159_80BBBFF13FEC","ORG_5d1a9275bc4a4a92b3fa18ae","ORG_8bc1abe06d03488889664f63","39.55","0.03955","39.58955","USD","CONFIRMED","2026-05-07T15:20:08.467Z"
"980","f2ebf24c-9aed-4544-b87c-81c61d85e8e7","TX_1778167208472_4DE37BCFF954","ORG_WALLET_1778160282116_06B29CDD554E","ORG_WALLET_1778160281761_D0E2A46DF0CD","ORG_4e2887482991445eb836ba60","ORG_7346434746a24847bbb306fe","18.05","0.01805","18.06805","USD","CONFIRMED","2026-05-07T15:20:08.472Z"
"981","13fd4709-5e66-46ee-98aa-f28df0d87a42","TX_1778167208476_6DA6AD2DB437","WALLET_1778153695898_3575061710329","ORG_WALLET_1778160276412_51B6857CB493","693779","ORG_bd5fbb777a224d3a93208bf3","19.03","0.01903","19.04903","USD","CONFIRMED","2026-05-07T15:20:08.476Z"
"982","5e83e8b1-2360-4ab1-88f1-27aded6c13f1","TX_1778167208481_B9045B8E0022","ORG_WALLET_1778160278386_D640F5E98EC7","WALLET_1778153631813_640BB05C64D8D","ORG_ab9877b6b83245749a5629bb","629571","27.49","0.02749","27.51749","USD","CONFIRMED","2026-05-07T15:20:08.481Z"
"983","94d12ea3-29b8-4dde-8c8d-139a049d7b7f","TX_1778167208484_38D9A615E6BB","ORG_WALLET_1778160271837_0C82F2D95DA1","ORG_WALLET_1778160277614_15833B79651A","ORG_b2c0e26bc8e4438380730970","ORG_f7b1a0494b744787b67b76a1","29.2","0.0292","29.2292","USD","CONFIRMED","2026-05-07T15:20:08.484Z"
"984","8e7420d4-8b20-41ea-845e-2b6edde105e3","TX_1778167208488_132EFFE36E3D","WALLET_1778153906827_07651C59B5DEE","ORG_WALLET_1778160276854_01DB22D26B59","900473","ORG_96abde570dc346cb8fa1c4f8","8.97","0.00897","8.97897","USD","CONFIRMED","2026-05-07T15:20:08.488Z"
"985","f72b5d48-3549-4dc3-a86e-4dab26bfd967","TX_1778167208493_CC9C846D2883","ORG_WALLET_1778160270161_15BA2E79E909","ORG_WALLET_1778160279159_80BBBFF13FEC","ORG_1389028bc1614aaa99dcd487","ORG_8bc1abe06d03488889664f63","44.96","0.04496","45.00496","USD","CONFIRMED","2026-05-07T15:20:08.493Z"
"986","6cb1831a-1191-4879-aac7-0b833e7fa9fc","TX_1778167208498_CB4AFBE12312","ORG_WALLET_1778160279078_A5374ADC2320","ORG_WALLET_1778160281852_844849EF2828","ORG_c4b9ddb3c679416b903f4368","ORG_3fd58db1eff04be0b03a5642","12.69","0.01269","12.70269","USD","CONFIRMED","2026-05-07T15:20:08.498Z"
"987","50037a99-33ac-41f3-bdc6-9e2291a35146","TX_1778167208503_0DE038F222EF","ORG_WALLET_1778160282284_EC6234CEFA04","ORG_WALLET_1778160283376_55A249691809","ORG_5b9400e661504c4f968243c0","ORG_b93dc1ec5bed4bd3ab3f2bae","23.43","0.02343","23.45343","USD","CONFIRMED","2026-05-07T15:20:08.504Z"
"988","42a46b62-83c3-46ca-9ac4-3c9317806ff4","TX_1778167208508_743201EB4FF5","ORG_WALLET_1778160270662_8E867A418388","WALLET_1778067139764_D220C5EF78856","ORG_9497e6ea72dd46399b5fce26","13","6.09","0.00609","6.09609","USD","CONFIRMED","2026-05-07T15:20:08.508Z"
"989","e55b47de-d3bd-49e6-9fce-0a1e3626355e","TX_1778167208514_CAB820C5802B","ORG_WALLET_1778160280889_D1B162DB74C8","ORG_WALLET_1778160271252_67D918BA6E84","ORG_7e715dea8d62490097b33a3b","ORG_f6d121503eec494299f9bf40","1.81","0.00181","1.81181","USD","CONFIRMED","2026-05-07T15:20:08.514Z"
"990","347cda01-f2b6-4bc5-8473-edf97e0ee075","TX_1778167208519_02F6A7294D9F","ORG_WALLET_1778160280559_426B10463347","ORG_WALLET_1778160272855_D00C90A0E963","ORG_714136041c8c450e87db5646","ORG_bae3ca8533f14130b6d9ed30","16.64","0.01664","16.65664","USD","CONFIRMED","2026-05-07T15:20:08.519Z"
"991","6488baee-9600-4d59-b0fb-2c67a82b2678","TX_1778167208524_E0FCECC973C0","ORG_WALLET_1778160269907_D47531E61879","ORG_WALLET_1778160274098_0A5EF90FB47E","ORG_c3b862b4e7ff4ce4a8bdd56e","ORG_a73b423c03aa4e7da5788a37","32.36","0.03236","32.39236","USD","CONFIRMED","2026-05-07T15:20:08.524Z"
"992","4a660b63-d0ef-47f9-ad78-545319936518","TX_1778167208528_ADC09ADE48E3","ORG_WALLET_1778160280145_1BD0EB49AB57","ORG_WALLET_1778160281146_B8874C5AC610","ORG_13ab97a389df4a27bdd054a8","ORG_ae90e61e64ff48a089d9a554","20.56","0.02056","20.58056","USD","CONFIRMED","2026-05-07T15:20:08.528Z"
"993","cacde876-a99a-4e63-82ba-c7e445b39dc8","TX_1778167208531_F5B50EBB08A1","WALLET_1778067202023_7BFE17ECAE335","ORG_WALLET_1778160271169_01A8D14E09DE","16","ORG_5111da2a38544e5f9ff43bf1","4.75","0.00475","4.75475","USD","CONFIRMED","2026-05-07T15:20:08.531Z"
"994","bb70f34e-d598-4112-9852-ec0ca5ea0134","TX_1778167208534_964E09A71194","ORG_WALLET_1778160278656_2AA9E6362FDE","ORG_WALLET_1778160277948_02E3D888EC83","ORG_8121c92f968d451094666b4d","ORG_da6ada1190384d80bd40ae29","9.38","0.00938","9.38938","USD","CONFIRMED","2026-05-07T15:20:08.535Z"
"995","eddf17bc-0220-4bd9-a534-ed843964cc6c","TX_1778167208537_29732873C2A9","ORG_WALLET_1778160279078_A5374ADC2320","ORG_WALLET_1778160269455_E26051935907","ORG_c4b9ddb3c679416b903f4368","ORG_631c51145ae141e2a709d288","16.74","0.01674","16.75674","USD","CONFIRMED","2026-05-07T15:20:08.537Z"
"996","d605d1e4-3a70-4de1-aeb1-ce1a4d279897","TX_1778167208542_1C1D96B8BCC3","ORG_WALLET_1778160275919_BDF031F0A6D4","ORG_WALLET_1778160282538_2FB7C9E73DEE","ORG_6e9b7fd7d6a84f5d89e1f07a","ORG_6328ec72b8d1427a882a8d14","3.95","0.00395","3.95395","USD","CONFIRMED","2026-05-07T15:20:08.542Z"
"997","eae296c1-da47-476d-a9b7-00a7bc5cf297","TX_1778167208547_9668342EFA9C","ORG_WALLET_1778160272855_D00C90A0E963","ORG_WALLET_1778160282024_FE7C5E5B3F76","ORG_bae3ca8533f14130b6d9ed30","ORG_fd61c0ae121b408888561065","42.94","0.04294","42.98294","USD","CONFIRMED","2026-05-07T15:20:08.547Z"
"998","94508c47-6332-4289-8b10-0c63ba839ad9","TX_1778167208552_071BA3243D26","ORG_WALLET_1778160275014_18D1A4CDCE47","ORG_WALLET_1778160280063_AAF51069402B","ORG_1279f3ac8c8345a9bd0d57cf","ORG_9ebccad56d8746aba1f28a74","25.9","0.0259","25.9259","USD","CONFIRMED","2026-05-07T15:20:08.552Z"
"999","e91eb546-5441-434a-8c7b-55a8ff39d267","TX_1778167208555_F151C30ECCBF","ORG_WALLET_1778160273603_8FD5638257B0","ORG_WALLET_1778160276576_57F1AE36B2AC","ORG_b209686058a44bbcae11cd83","ORG_bebd64d6740044d1bb3a41b9","35.34","0.03534","35.37534","USD","CONFIRMED","2026-05-07T15:20:08.555Z"
"1000","44f4c3e7-5e2a-48e5-90d7-558189124979","TX_1778167208559_77BA0E59E518","WALLET_1778154970895_D82B934E18EF1","ORG_WALLET_1778160282882_721F365A8568","900475","ORG_ca0453f9444845208f60654d","42.77","0.04277","42.81277","USD","CONFIRMED","2026-05-07T15:20:08.559Z"