item_code_id,itm_id,lgcy_item_code,creation_date,created_by,update_date,updated_by,tech_condition,party_type_code
104,1,282,0001-02-04 00:00:00 BC,-200,,,,7
105,1,283,0001-02-04 00:00:00 BC,-200,,,,7
106,1,1,0001-02-04 00:00:00 BC,-200,,,,7
107,1,2,0001-02-04 00:00:00 BC,-200,,,,7
108,1,5,0001-02-04 00:00:00 BC,-200,,,,7
109,1,6,0001-02-04 00:00:00 BC,-200,,,,7
110,5,284,0001-02-04 00:00:00 BC,-200,,,,7
111,5,3,0001-02-04 00:00:00 BC,-200,,,,7
112,7,400,0001-02-04 00:00:00 BC,-200,,,,7
113,11,7,0001-02-04 00:00:00 BC,-200,,,AND LGCY_CUSTOMER_SECTOR_CODE IN ('111'),7
114,11,20,0001-02-04 00:00:00 BC,-200,,,AND LGCY_CUSTOMER_SECTOR_CODE IN ('111'),7
115,11,25,0001-02-04 00:00:00 BC,-200,,,AND LGCY_CUSTOMER_SECTOR_CODE IN ('111'),7
116,11,27,0001-02-04 00:00:00 BC,-200,,,AND LGCY_CUSTOMER_SECTOR_CODE IN ('111'),7
117,14,261,0001-02-04 00:00:00 BC,-200,,,,7
118,14,262,0001-02-04 00:00:00 BC,-200,,,,7
29,20,1050,0001-12-16 00:00:00 BC,-200,,,,7
30,21,6050,0001-12-16 00:00:00 BC,-200,,,"AND LGCY_CUSTOMER_SECTOR_CODE NOT IN ('111','101','301')",7
31,22,6060,0001-12-16 00:00:00 BC,-200,,,,7
32,23,6050,0001-12-16 00:00:00 BC,-200,,,AND LGCY_CUSTOMER_SECTOR_CODE IN ('111'),7
33,24,6050,0001-12-16 00:00:00 BC,-200,,,"AND LGCY_CUSTOMER_SECTOR_CODE IN ('101','301')",7
34,25,21002,0001-12-16 00:00:00 BC,-200,,,,7
35,25,21003,0001-12-16 00:00:00 BC,-200,,,,7
36,25,21004,0001-12-16 00:00:00 BC,-200,,,,7
37,25,21005,0001-12-16 00:00:00 BC,-200,,,,7
38,25,21010,0001-12-16 00:00:00 BC,-200,,,,7
39,25,21015,0001-12-16 00:00:00 BC,-200,,,,7
40,25,21024,0001-12-16 00:00:00 BC,-200,,,,7
41,25,21025,0001-12-16 00:00:00 BC,-200,,,,7
42,25,21026,0001-12-16 00:00:00 BC,-200,,,,7
43,25,21027,0001-12-16 00:00:00 BC,-200,,,,7
44,25,21028,0001-12-16 00:00:00 BC,-200,,,,7
45,25,21029,0001-12-16 00:00:00 BC,-200,,,,7
46,25,21030,0001-12-16 00:00:00 BC,-200,,,,7
47,25,21031,0001-12-16 00:00:00 BC,-200,,,,7
48,25,21032,0001-12-16 00:00:00 BC,-200,,,,7
49,25,21033,0001-12-16 00:00:00 BC,-200,,,,7
50,25,21034,0001-12-16 00:00:00 BC,-200,,,,7
51,25,21035,0001-12-16 00:00:00 BC,-200,,,,7
52,25,21036,0001-12-16 00:00:00 BC,-200,,,,7
53,26,8055,0001-12-16 00:00:00 BC,-200,,,,7
54,26,8060,0001-12-16 00:00:00 BC,-200,,,,7
55,26,8061,0001-12-16 00:00:00 BC,-200,,,,7
57,26,21006,0001-12-16 00:00:00 BC,-200,,,,7
58,26,21007,0001-12-16 00:00:00 BC,-200,,,,7
59,26,21008,0001-12-16 00:00:00 BC,-200,,,,7
60,26,21009,0001-12-16 00:00:00 BC,-200,,,,7
61,26,21012,0001-12-16 00:00:00 BC,-200,,,,7
62,26,21013,0001-12-16 00:00:00 BC,-200,,,,7
63,26,21016,0001-12-16 00:00:00 BC,-200,,,,7
64,26,21017,0001-12-16 00:00:00 BC,-200,,,,7
65,26,21018,0001-12-16 00:00:00 BC,-200,,,,7
66,26,21019,0001-12-16 00:00:00 BC,-200,,,,7
67,26,21020,0001-12-16 00:00:00 BC,-200,,,,7
68,26,21021,0001-12-16 00:00:00 BC,-200,,,,7
69,26,21022,0001-12-16 00:00:00 BC,-200,,,,7
70,26,21023,0001-12-16 00:00:00 BC,-200,,,,7
71,27,8063,0001-12-16 00:00:00 BC,-200,,,,7
76,32,T-2001,0001-12-16 00:00:00 BC,-200,,,,7
77,33,T-1002,0001-12-16 00:00:00 BC,-200,,,,7
78,34,T-1001,0001-12-16 00:00:00 BC,-200,,,,7
79,35,T-2002,0001-12-16 00:00:00 BC,-200,,,,7
80,36,T-1003,0001-12-16 00:00:00 BC,-200,,,,7
81,37,T-1005,0001-12-16 00:00:00 BC,-200,,,,7
82,38,T-1004,0001-12-16 00:00:00 BC,-200,,,,7
83,2,285,0001-12-23 00:00:00 BC,-200,,,,7
84,3,286,0001-12-23 00:00:00 BC,-200,,,,7
85,4,287,0001-12-23 00:00:00 BC,-200,,,,7
86,6,402,0001-12-23 00:00:00 BC,-200,,,,7
87,6,403,0001-12-23 00:00:00 BC,-200,,,,7
88,8,7,0001-12-23 00:00:00 BC,-200,,,AND LGCY_CUSTOMER_SECTOR_CODE NOT IN ('111'),7
89,8,20,0001-12-23 00:00:00 BC,-200,,,AND LGCY_CUSTOMER_SECTOR_CODE NOT IN ('111'),7
90,8,27,0001-12-23 00:00:00 BC,-200,,,AND LGCY_CUSTOMER_SECTOR_CODE NOT IN ('111'),7
91,8,25,0001-12-23 00:00:00 BC,-200,,,AND LGCY_CUSTOMER_SECTOR_CODE NOT IN ('111'),7
92,9,44,0001-12-23 00:00:00 BC,-200,,,,7
93,10,43,0001-12-23 00:00:00 BC,-200,,,,7
94,12,46,0001-12-23 00:00:00 BC,-200,,,,7
95,12,88,0001-12-23 00:00:00 BC,-200,,,,7
96,13,45,0001-12-23 00:00:00 BC,-200,,,,7
97,15,13,0001-12-23 00:00:00 BC,-200,,,,7
98,16,121,0001-12-23 00:00:00 BC,-200,,,,7
99,17,101,0001-12-23 00:00:00 BC,-200,,,,7
100,17,102,0001-12-23 00:00:00 BC,-200,,,,7
101,18,301,0001-12-23 00:00:00 BC,-200,,,,7
102,30,21059,0001-12-23 00:00:00 BC,-200,,,,7
103,31,21069,0001-12-23 00:00:00 BC,-200,,,AND CHANNEL_TYPE = 4,7
119,28,21069,0001-02-11 00:00:00 BC,-200,,,AND CHANNEL_TYPE <> 4,7
120,5,401,0001-02-18 00:00:00 BC,-200,,,,7
121,5,404,0001-02-18 00:00:00 BC,-200,,,,7
443,240,13377,0001-11-08 00:00:00 BC,-111,,,,8
444,241,13303,0001-11-08 00:00:00 BC,-111,,,,8
445,242,13375,0001-11-08 00:00:00 BC,-111,,,,8
446,243,52032,0001-11-08 00:00:00 BC,-111,,,,8
447,244,1901,0001-11-08 00:00:00 BC,-111,,,,8
448,245,52031,0001-11-08 00:00:00 BC,-111,,,,8
449,246,13311,0001-11-08 00:00:00 BC,-111,,,,8
450,247,13312,0001-11-08 00:00:00 BC,-111,,,,8
451,248,13313,0001-11-08 00:00:00 BC,-111,,,,8
452,249,13380,0001-11-08 00:00:00 BC,-111,,,,8
453,250,13600,0001-11-08 00:00:00 BC,-111,,,,8
454,251,14280,0001-11-08 00:00:00 BC,-111,,,,8
455,252,14580,0001-11-08 00:00:00 BC,-111,,,,8
456,253,14990,0001-11-08 00:00:00 BC,-111,,,,8
457,254,15198,0001-11-08 00:00:00 BC,-111,,,,8
458,255,15202,0001-11-08 00:00:00 BC,-111,,,,8
459,256,15208,0001-11-08 00:00:00 BC,-111,,,,8
460,257,15385,0001-11-08 00:00:00 BC,-111,,,,8
461,258,15386,0001-11-08 00:00:00 BC,-111,,,,8
462,259,15387,0001-11-08 00:00:00 BC,-111,,,,8
463,260,15390,0001-11-08 00:00:00 BC,-111,,,,8
464,261,15391,0001-11-08 00:00:00 BC,-111,,,,8
465,262,15392,0001-11-08 00:00:00 BC,-111,,,,8
466,263,15610,0001-11-08 00:00:00 BC,-111,,,,8
467,264,15810,0001-11-08 00:00:00 BC,-111,,,,8
468,265,15870,0001-11-08 00:00:00 BC,-111,,,,8
469,266,15871,0001-11-08 00:00:00 BC,-111,,,,8
470,267,15872,0001-11-08 00:00:00 BC,-111,,,,8
471,268,15880,0001-11-08 00:00:00 BC,-111,,,,8
472,269,15882,0001-11-08 00:00:00 BC,-111,,,,8
473,270,17015,0001-11-08 00:00:00 BC,-111,,,,8
474,271,17028,0001-11-08 00:00:00 BC,-111,,,,8
475,272,17029,0001-11-08 00:00:00 BC,-111,,,,8
476,273,17218,0001-11-08 00:00:00 BC,-111,,,,8
477,274,28051,0001-11-08 00:00:00 BC,-111,,,,8
478,275,28052,0001-11-08 00:00:00 BC,-111,,,,8
479,276,28060,0001-11-08 00:00:00 BC,-111,,,,8
480,277,28061,0001-11-08 00:00:00 BC,-111,,,,8
481,278,28062,0001-11-08 00:00:00 BC,-111,,,,8
482,279,28120,0001-11-08 00:00:00 BC,-111,,,,8
483,280,28121,0001-11-08 00:00:00 BC,-111,,,,8
484,281,28122,0001-11-08 00:00:00 BC,-111,,,,8
485,282,28130,0001-11-08 00:00:00 BC,-111,,,,8
486,283,28131,0001-11-08 00:00:00 BC,-111,,,,8
487,284,28132,0001-11-08 00:00:00 BC,-111,,,,8
488,285,52681,0001-11-08 00:00:00 BC,-111,,,,8
489,286,52772,0001-11-08 00:00:00 BC,-111,,,,8
490,287,52780,0001-11-08 00:00:00 BC,-111,,,,8
491,288,52781,0001-11-08 00:00:00 BC,-111,,,,8
492,289,52782,0001-11-08 00:00:00 BC,-111,,,,8
493,290,52785,0001-11-08 00:00:00 BC,-111,,,,8
494,291,52786,0001-11-08 00:00:00 BC,-111,,,,8
495,292,52787,0001-11-08 00:00:00 BC,-111,,,,8
496,293,52788,0001-11-08 00:00:00 BC,-111,,,,8
497,294,52789,0001-11-08 00:00:00 BC,-111,,,,8
498,295,52790,0001-11-08 00:00:00 BC,-111,,,,8
499,296,52791,0001-11-08 00:00:00 BC,-111,,,,8
500,297,51580,0001-11-08 00:00:00 BC,-111,,,,8
501,298,51585,0001-11-08 00:00:00 BC,-111,,,,8
502,299,52385,0001-11-08 00:00:00 BC,-111,,,,8
503,300,54070,0001-11-08 00:00:00 BC,-111,,,,8
504,301,55502,0001-11-08 00:00:00 BC,-111,,,,8
505,302,55715,0001-11-08 00:00:00 BC,-111,,,,8
506,303,55716,0001-11-08 00:00:00 BC,-111,,,,8
507,304,55815,0001-11-08 00:00:00 BC,-111,,,,8
508,305,63018,0001-11-08 00:00:00 BC,-111,,,,8
509,306,63051,0001-11-08 00:00:00 BC,-111,,,,8
510,307,18037,0001-11-08 00:00:00 BC,-111,,,,8
511,308,18044,0001-11-08 00:00:00 BC,-111,,,,8
512,309,18049,0001-11-08 00:00:00 BC,-111,,,,8
513,310,18120,0001-11-08 00:00:00 BC,-111,,,,8
514,311,1905,0001-11-08 00:00:00 BC,-111,,,,8
515,312,20128,0001-11-08 00:00:00 BC,-111,,,,8
516,313,7605,0001-11-08 00:00:00 BC,-111,,,,8
517,314,9624,0001-11-08 00:00:00 BC,-111,,,,8
518,315,9632,0001-11-08 00:00:00 BC,-111,,,,8
519,316,9633,0001-11-08 00:00:00 BC,-111,,,,8
520,317,13278,0001-11-08 00:00:00 BC,-111,,,,8
521,318,13280,0001-11-08 00:00:00 BC,-111,,,,8
522,319,13301,0001-11-08 00:00:00 BC,-111,,,,8
523,320,13302,0001-11-08 00:00:00 BC,-111,,,,8
524,321,13304,0001-11-08 00:00:00 BC,-111,,,,8
525,322,13306,0001-11-08 00:00:00 BC,-111,,,,8
526,323,13350,0001-11-08 00:00:00 BC,-111,,,,8
527,324,13352,0001-11-08 00:00:00 BC,-111,,,,8
528,325,13354,0001-11-08 00:00:00 BC,-111,,,,8
529,326,13355,0001-11-08 00:00:00 BC,-111,,,,8
530,327,13356,0001-11-08 00:00:00 BC,-111,,,,8
531,328,13358,0001-11-08 00:00:00 BC,-111,,,,8
532,329,13360,0001-11-08 00:00:00 BC,-111,,,,8
533,330,13362,0001-11-08 00:00:00 BC,-111,,,,8
534,331,13364,0001-11-08 00:00:00 BC,-111,,,,8
535,332,13366,0001-11-08 00:00:00 BC,-111,,,,8
536,333,13368,0001-11-08 00:00:00 BC,-111,,,,8
537,334,13370,0001-11-08 00:00:00 BC,-111,,,,8
538,335,13372,0001-11-08 00:00:00 BC,-111,,,,8
539,336,13374,0001-11-08 00:00:00 BC,-111,,,,8
540,337,13376,0001-11-08 00:00:00 BC,-111,,,,8
541,338,13400,0001-11-08 00:00:00 BC,-111,,,,8
542,339,13402,0001-11-08 00:00:00 BC,-111,,,,8
543,340,13450,0001-11-08 00:00:00 BC,-111,,,,8
544,341,13452,0001-11-08 00:00:00 BC,-111,,,,8
545,342,13454,0001-11-08 00:00:00 BC,-111,,,,8
546,343,13456,0001-11-08 00:00:00 BC,-111,,,,8
547,344,13458,0001-11-08 00:00:00 BC,-111,,,,8
548,345,13460,0001-11-08 00:00:00 BC,-111,,,,8
549,346,13462,0001-11-08 00:00:00 BC,-111,,,,8
550,347,13464,0001-11-08 00:00:00 BC,-111,,,,8
551,348,13466,0001-11-08 00:00:00 BC,-111,,,,8
552,349,13468,0001-11-08 00:00:00 BC,-111,,,,8
553,350,13470,0001-11-08 00:00:00 BC,-111,,,,8
554,351,13472,0001-11-08 00:00:00 BC,-111,,,,8
555,352,13474,0001-11-08 00:00:00 BC,-111,,,,8
556,353,13475,0001-11-08 00:00:00 BC,-111,,,,8
557,354,13476,0001-11-08 00:00:00 BC,-111,,,,8
558,355,13500,0001-11-08 00:00:00 BC,-111,,,,8
559,356,13700,0001-11-08 00:00:00 BC,-111,,,,8
560,357,13701,0001-11-08 00:00:00 BC,-111,,,,8
561,358,13702,0001-11-08 00:00:00 BC,-111,,,,8
562,359,13704,0001-11-08 00:00:00 BC,-111,,,,8
563,360,13705,0001-11-08 00:00:00 BC,-111,,,,8
564,361,13707,0001-11-08 00:00:00 BC,-111,,,,8
565,362,13708,0001-11-08 00:00:00 BC,-111,,,,8
566,363,13713,0001-11-08 00:00:00 BC,-111,,,,8
567,364,13715,0001-11-08 00:00:00 BC,-111,,,,8
568,365,13750,0001-11-08 00:00:00 BC,-111,,,,8
569,366,14000,0001-11-08 00:00:00 BC,-111,,,,8
570,367,14001,0001-11-08 00:00:00 BC,-111,,,,8
571,368,14005,0001-11-08 00:00:00 BC,-111,,,,8
572,369,14010,0001-11-08 00:00:00 BC,-111,,,,8
573,370,14011,0001-11-08 00:00:00 BC,-111,,,,8
574,371,14012,0001-11-08 00:00:00 BC,-111,,,,8
575,372,14013,0001-11-08 00:00:00 BC,-111,,,,8
576,373,14014,0001-11-08 00:00:00 BC,-111,,,,8
577,374,14015,0001-11-08 00:00:00 BC,-111,,,,8
578,375,14016,0001-11-08 00:00:00 BC,-111,,,,8
579,376,14017,0001-11-08 00:00:00 BC,-111,,,,8
580,377,14018,0001-11-08 00:00:00 BC,-111,,,,8
581,378,14019,0001-11-08 00:00:00 BC,-111,,,,8
582,379,14020,0001-11-08 00:00:00 BC,-111,,,,8
583,380,14021,0001-11-08 00:00:00 BC,-111,,,,8
584,381,14022,0001-11-08 00:00:00 BC,-111,,,,8
585,382,14024,0001-11-08 00:00:00 BC,-111,,,,8
586,383,14025,0001-11-08 00:00:00 BC,-111,,,,8
587,384,14027,0001-11-08 00:00:00 BC,-111,,,,8
588,385,14028,0001-11-08 00:00:00 BC,-111,,,,8
589,386,14029,0001-11-08 00:00:00 BC,-111,,,,8
590,387,14030,0001-11-08 00:00:00 BC,-111,,,,8
591,388,14031,0001-11-08 00:00:00 BC,-111,,,,8
592,389,14039,0001-11-08 00:00:00 BC,-111,,,,8
593,390,14040,0001-11-08 00:00:00 BC,-111,,,,8
594,391,14041,0001-11-08 00:00:00 BC,-111,,,,8
595,392,14042,0001-11-08 00:00:00 BC,-111,,,,8
596,393,14043,0001-11-08 00:00:00 BC,-111,,,,8
597,394,14044,0001-11-08 00:00:00 BC,-111,,,,8
598,395,14045,0001-11-08 00:00:00 BC,-111,,,,8
599,396,14046,0001-11-08 00:00:00 BC,-111,,,,8
600,397,14047,0001-11-08 00:00:00 BC,-111,,,,8
601,398,14049,0001-11-08 00:00:00 BC,-111,,,,8
602,399,14050,0001-11-08 00:00:00 BC,-111,,,,8
603,400,14051,0001-11-08 00:00:00 BC,-111,,,,8
604,401,14055,0001-11-08 00:00:00 BC,-111,,,,8
605,402,14056,0001-11-08 00:00:00 BC,-111,,,,8
606,403,14059,0001-11-08 00:00:00 BC,-111,,,,8
607,404,14060,0001-11-08 00:00:00 BC,-111,,,,8
608,405,14065,0001-11-08 00:00:00 BC,-111,,,,8
609,406,14069,0001-11-08 00:00:00 BC,-111,,,,8
610,407,14070,0001-11-08 00:00:00 BC,-111,,,,8
611,408,14075,0001-11-08 00:00:00 BC,-111,,,,8
612,409,14076,0001-11-08 00:00:00 BC,-111,,,,8
613,410,14077,0001-11-08 00:00:00 BC,-111,,,,8
614,411,14078,0001-11-08 00:00:00 BC,-111,,,,8
615,412,14079,0001-11-08 00:00:00 BC,-111,,,,8
616,413,14080,0001-11-08 00:00:00 BC,-111,,,,8
617,414,14085,0001-11-08 00:00:00 BC,-111,,,,8
618,415,14086,0001-11-08 00:00:00 BC,-111,,,,8
619,416,14088,0001-11-08 00:00:00 BC,-111,,,,8
620,417,14089,0001-11-08 00:00:00 BC,-111,,,,8
621,418,14100,0001-11-08 00:00:00 BC,-111,,,,8
622,419,14105,0001-11-08 00:00:00 BC,-111,,,,8
623,420,14107,0001-11-08 00:00:00 BC,-111,,,,8
624,421,14116,0001-11-08 00:00:00 BC,-111,,,,8
625,422,14118,0001-11-08 00:00:00 BC,-111,,,,8
626,423,14119,0001-11-08 00:00:00 BC,-111,,,,8
627,424,14120,0001-11-08 00:00:00 BC,-111,,,,8
628,425,14125,0001-11-08 00:00:00 BC,-111,,,,8
629,426,14130,0001-11-08 00:00:00 BC,-111,,,,8
630,427,14131,0001-11-08 00:00:00 BC,-111,,,,8
631,428,14149,0001-11-08 00:00:00 BC,-111,,,,8
632,429,14150,0001-11-08 00:00:00 BC,-111,,,,8
633,430,14152,0001-11-08 00:00:00 BC,-111,,,,8
811,608,14763,0001-11-08 00:00:00 BC,-111,,,,8
812,609,14764,0001-11-08 00:00:00 BC,-111,,,,8
813,610,14765,0001-11-08 00:00:00 BC,-111,,,,8
814,611,14766,0001-11-08 00:00:00 BC,-111,,,,8
815,612,14767,0001-11-08 00:00:00 BC,-111,,,,8
816,613,14771,0001-11-08 00:00:00 BC,-111,,,,8
817,614,14772,0001-11-08 00:00:00 BC,-111,,,,8
818,615,14773,0001-11-08 00:00:00 BC,-111,,,,8
819,616,14774,0001-11-08 00:00:00 BC,-111,,,,8
820,617,14775,0001-11-08 00:00:00 BC,-111,,,,8
821,618,14776,0001-11-08 00:00:00 BC,-111,,,,8
822,619,14777,0001-11-08 00:00:00 BC,-111,,,,8
823,620,14781,0001-11-08 00:00:00 BC,-111,,,,8
824,621,14782,0001-11-08 00:00:00 BC,-111,,,,8
825,622,14783,0001-11-08 00:00:00 BC,-111,,,,8
826,623,14784,0001-11-08 00:00:00 BC,-111,,,,8
827,624,14785,0001-11-08 00:00:00 BC,-111,,,,8
828,625,14786,0001-11-08 00:00:00 BC,-111,,,,8
829,626,14787,0001-11-08 00:00:00 BC,-111,,,,8
830,627,14801,0001-11-08 00:00:00 BC,-111,,,,8
831,628,14802,0001-11-08 00:00:00 BC,-111,,,,8
832,629,14803,0001-11-08 00:00:00 BC,-111,,,,8
833,630,14804,0001-11-08 00:00:00 BC,-111,,,,8
834,631,14805,0001-11-08 00:00:00 BC,-111,,,,8
835,632,14806,0001-11-08 00:00:00 BC,-111,,,,8
836,633,14807,0001-11-08 00:00:00 BC,-111,,,,8
837,634,14809,0001-11-08 00:00:00 BC,-111,,,,8
838,635,14810,0001-11-08 00:00:00 BC,-111,,,,8
839,636,14811,0001-11-08 00:00:00 BC,-111,,,,8
840,637,14812,0001-11-08 00:00:00 BC,-111,,,,8
841,638,14813,0001-11-08 00:00:00 BC,-111,,,,8
842,639,14814,0001-11-08 00:00:00 BC,-111,,,,8
843,640,14815,0001-11-08 00:00:00 BC,-111,,,,8
844,641,14816,0001-11-08 00:00:00 BC,-111,,,,8
845,642,14817,0001-11-08 00:00:00 BC,-111,,,,8
846,643,14821,0001-11-08 00:00:00 BC,-111,,,,8
847,644,14822,0001-11-08 00:00:00 BC,-111,,,,8
848,645,14823,0001-11-08 00:00:00 BC,-111,,,,8
849,646,14824,0001-11-08 00:00:00 BC,-111,,,,8
850,647,14825,0001-11-08 00:00:00 BC,-111,,,,8
851,648,14826,0001-11-08 00:00:00 BC,-111,,,,8
852,649,14827,0001-11-08 00:00:00 BC,-111,,,,8
853,650,14851,0001-11-08 00:00:00 BC,-111,,,,8
854,651,14852,0001-11-08 00:00:00 BC,-111,,,,8
855,652,14853,0001-11-08 00:00:00 BC,-111,,,,8
856,653,14854,0001-11-08 00:00:00 BC,-111,,,,8
857,654,14855,0001-11-08 00:00:00 BC,-111,,,,8
858,655,14856,0001-11-08 00:00:00 BC,-111,,,,8
859,656,14857,0001-11-08 00:00:00 BC,-111,,,,8
860,657,14861,0001-11-08 00:00:00 BC,-111,,,,8
861,658,14862,0001-11-08 00:00:00 BC,-111,,,,8
862,659,14863,0001-11-08 00:00:00 BC,-111,,,,8
863,660,14881,0001-11-08 00:00:00 BC,-111,,,,8
864,661,14882,0001-11-08 00:00:00 BC,-111,,,,8
865,662,14883,0001-11-08 00:00:00 BC,-111,,,,8
866,663,14884,0001-11-08 00:00:00 BC,-111,,,,8
867,664,14885,0001-11-08 00:00:00 BC,-111,,,,8
868,665,14886,0001-11-08 00:00:00 BC,-111,,,,8
869,666,14887,0001-11-08 00:00:00 BC,-111,,,,8
870,667,14891,0001-11-08 00:00:00 BC,-111,,,,8
871,668,14892,0001-11-08 00:00:00 BC,-111,,,,8
872,669,14893,0001-11-08 00:00:00 BC,-111,,,,8
873,670,14894,0001-11-08 00:00:00 BC,-111,,,,8
874,671,14895,0001-11-08 00:00:00 BC,-111,,,,8
875,672,14896,0001-11-08 00:00:00 BC,-111,,,,8
876,673,14897,0001-11-08 00:00:00 BC,-111,,,,8
877,674,14900,0001-11-08 00:00:00 BC,-111,,,,8
878,675,14901,0001-11-08 00:00:00 BC,-111,,,,8
879,676,14902,0001-11-08 00:00:00 BC,-111,,,,8
880,677,14903,0001-11-08 00:00:00 BC,-111,,,,8
881,678,14904,0001-11-08 00:00:00 BC,-111,,,,8
882,679,14905,0001-11-08 00:00:00 BC,-111,,,,8
883,680,14906,0001-11-08 00:00:00 BC,-111,,,,8
884,681,14907,0001-11-08 00:00:00 BC,-111,,,,8
885,682,14961,0001-11-08 00:00:00 BC,-111,,,,8
886,683,14962,0001-11-08 00:00:00 BC,-111,,,,8
887,684,14963,0001-11-08 00:00:00 BC,-111,,,,8
888,685,14964,0001-11-08 00:00:00 BC,-111,,,,8
889,686,14965,0001-11-08 00:00:00 BC,-111,,,,8
890,687,14966,0001-11-08 00:00:00 BC,-111,,,,8
891,688,14967,0001-11-08 00:00:00 BC,-111,,,,8
892,689,14971,0001-11-08 00:00:00 BC,-111,,,,8
893,690,14972,0001-11-08 00:00:00 BC,-111,,,,8
894,691,14973,0001-11-08 00:00:00 BC,-111,,,,8
895,692,14974,0001-11-08 00:00:00 BC,-111,,,,8
896,693,14975,0001-11-08 00:00:00 BC,-111,,,,8
897,694,14976,0001-11-08 00:00:00 BC,-111,,,,8
898,695,14977,0001-11-08 00:00:00 BC,-111,,,,8
899,696,14980,0001-11-08 00:00:00 BC,-111,,,,8
900,697,14981,0001-11-08 00:00:00 BC,-111,,,,8
901,698,14982,0001-11-08 00:00:00 BC,-111,,,,8
902,699,14983,0001-11-08 00:00:00 BC,-111,,,,8
903,700,14984,0001-11-08 00:00:00 BC,-111,,,,8
904,701,14985,0001-11-08 00:00:00 BC,-111,,,,8
905,702,14986,0001-11-08 00:00:00 BC,-111,,,,8
906,703,14987,0001-11-08 00:00:00 BC,-111,,,,8
907,704,14999,0001-11-08 00:00:00 BC,-111,,,,8
908,705,15000,0001-11-08 00:00:00 BC,-111,,,,8
909,706,15001,0001-11-08 00:00:00 BC,-111,,,,8
910,707,15002,0001-11-08 00:00:00 BC,-111,,,,8
911,708,15003,0001-11-08 00:00:00 BC,-111,,,,8
912,709,15004,0001-11-08 00:00:00 BC,-111,,,,8
913,710,15005,0001-11-08 00:00:00 BC,-111,,,,8
914,711,15006,0001-11-08 00:00:00 BC,-111,,,,8
915,712,15007,0001-11-08 00:00:00 BC,-111,,,,8
916,713,15011,0001-11-08 00:00:00 BC,-111,,,,8
917,714,15012,0001-11-08 00:00:00 BC,-111,,,,8
918,715,15013,0001-11-08 00:00:00 BC,-111,,,,8
919,716,15014,0001-11-08 00:00:00 BC,-111,,,,8
920,717,15015,0001-11-08 00:00:00 BC,-111,,,,8
921,718,15016,0001-11-08 00:00:00 BC,-111,,,,8
922,719,15017,0001-11-08 00:00:00 BC,-111,,,,8
923,720,15020,0001-11-08 00:00:00 BC,-111,,,,8
924,721,15021,0001-11-08 00:00:00 BC,-111,,,,8
925,722,15022,0001-11-08 00:00:00 BC,-111,,,,8
926,723,15023,0001-11-08 00:00:00 BC,-111,,,,8
927,724,15024,0001-11-08 00:00:00 BC,-111,,,,8
928,725,15025,0001-11-08 00:00:00 BC,-111,,,,8
929,726,15026,0001-11-08 00:00:00 BC,-111,,,,8
930,727,15027,0001-11-08 00:00:00 BC,-111,,,,8
931,728,15028,0001-11-08 00:00:00 BC,-111,,,,8
932,729,15031,0001-11-08 00:00:00 BC,-111,,,,8
933,730,15032,0001-11-08 00:00:00 BC,-111,,,,8
934,731,15033,0001-11-08 00:00:00 BC,-111,,,,8
935,732,15034,0001-11-08 00:00:00 BC,-111,,,,8
936,733,15035,0001-11-08 00:00:00 BC,-111,,,,8
937,734,15036,0001-11-08 00:00:00 BC,-111,,,,8
938,735,15037,0001-11-08 00:00:00 BC,-111,,,,8
939,736,15041,0001-11-08 00:00:00 BC,-111,,,,8
940,737,15042,0001-11-08 00:00:00 BC,-111,,,,8
941,738,15043,0001-11-08 00:00:00 BC,-111,,,,8
942,739,15044,0001-11-08 00:00:00 BC,-111,,,,8
943,740,15045,0001-11-08 00:00:00 BC,-111,,,,8
944,741,15046,0001-11-08 00:00:00 BC,-111,,,,8
945,742,15047,0001-11-08 00:00:00 BC,-111,,,,8
946,743,15051,0001-11-08 00:00:00 BC,-111,,,,8
947,744,15052,0001-11-08 00:00:00 BC,-111,,,,8
948,745,15053,0001-11-08 00:00:00 BC,-111,,,,8
949,746,15054,0001-11-08 00:00:00 BC,-111,,,,8
950,747,15055,0001-11-08 00:00:00 BC,-111,,,,8
951,748,15056,0001-11-08 00:00:00 BC,-111,,,,8
952,749,15057,0001-11-08 00:00:00 BC,-111,,,,8
953,750,15060,0001-11-08 00:00:00 BC,-111,,,,8
954,751,15098,0001-11-08 00:00:00 BC,-111,,,,8
955,752,15099,0001-11-08 00:00:00 BC,-111,,,,8
956,753,15100,0001-11-08 00:00:00 BC,-111,,,,8
957,754,15105,0001-11-08 00:00:00 BC,-111,,,,8
958,755,15150,0001-11-08 00:00:00 BC,-111,,,,8
959,756,15155,0001-11-08 00:00:00 BC,-111,,,,8
960,757,15160,0001-11-08 00:00:00 BC,-111,,,,8
961,758,15165,0001-11-08 00:00:00 BC,-111,,,,8
962,759,15170,0001-11-08 00:00:00 BC,-111,,,,8
963,760,15171,0001-11-08 00:00:00 BC,-111,,,,8
964,761,15172,0001-11-08 00:00:00 BC,-111,,,,8
965,762,15173,0001-11-08 00:00:00 BC,-111,,,,8
966,763,15174,0001-11-08 00:00:00 BC,-111,,,,8
967,764,15175,0001-11-08 00:00:00 BC,-111,,,,8
968,765,15176,0001-11-08 00:00:00 BC,-111,,,,8
969,766,15177,0001-11-08 00:00:00 BC,-111,,,,8
970,767,15178,0001-11-08 00:00:00 BC,-111,,,,8
971,768,15179,0001-11-08 00:00:00 BC,-111,,,,8
972,769,15180,0001-11-08 00:00:00 BC,-111,,,,8
973,770,15181,0001-11-08 00:00:00 BC,-111,,,,8
974,771,15182,0001-11-08 00:00:00 BC,-111,,,,8
975,772,15183,0001-11-08 00:00:00 BC,-111,,,,8
976,773,15184,0001-11-08 00:00:00 BC,-111,,,,8
977,774,15185,0001-11-08 00:00:00 BC,-111,,,,8
978,775,15186,0001-11-08 00:00:00 BC,-111,,,,8
979,776,15187,0001-11-08 00:00:00 BC,-111,,,,8
980,777,15188,0001-11-08 00:00:00 BC,-111,,,,8
981,778,15189,0001-11-08 00:00:00 BC,-111,,,,8
982,779,15190,0001-11-08 00:00:00 BC,-111,,,,8
983,780,15191,0001-11-08 00:00:00 BC,-111,,,,8
984,781,15192,0001-11-08 00:00:00 BC,-111,,,,8
985,782,15193,0001-11-08 00:00:00 BC,-111,,,,8
986,783,15194,0001-11-08 00:00:00 BC,-111,,,,8
987,784,15195,0001-11-08 00:00:00 BC,-111,,,,8
988,785,15196,0001-11-08 00:00:00 BC,-111,,,,8
989,786,15197,0001-11-08 00:00:00 BC,-111,,,,8
990,787,15199,0001-11-08 00:00:00 BC,-111,,,,8
991,788,15200,0001-11-08 00:00:00 BC,-111,,,,8
992,789,15201,0001-11-08 00:00:00 BC,-111,,,,8
993,790,15205,0001-11-08 00:00:00 BC,-111,,,,8
994,791,15210,0001-11-08 00:00:00 BC,-111,,,,8
995,792,15215,0001-11-08 00:00:00 BC,-111,,,,8
996,793,15216,0001-11-08 00:00:00 BC,-111,,,,8
997,794,15217,0001-11-08 00:00:00 BC,-111,,,,8
998,795,15218,0001-11-08 00:00:00 BC,-111,,,,8
999,796,15219,0001-11-08 00:00:00 BC,-111,,,,8
1000,797,15220,0001-11-08 00:00:00 BC,-111,,,,8
1001,798,15221,0001-11-08 00:00:00 BC,-111,,,,8
242,39,23156,0001-10-22 00:00:00 BC,-300,,,,8
243,40,23160,0001-10-22 00:00:00 BC,-300,,,,8
244,41,23161,0001-10-22 00:00:00 BC,-300,,,,8
245,42,23176,0001-10-22 00:00:00 BC,-300,,,,8
246,43,23202,0001-10-22 00:00:00 BC,-300,,,,8
247,44,23204,0001-10-22 00:00:00 BC,-300,,,,8
248,45,23206,0001-10-22 00:00:00 BC,-300,,,,8
249,46,23212,0001-10-22 00:00:00 BC,-300,,,,8
250,47,23214,0001-10-22 00:00:00 BC,-300,,,,8
251,48,23216,0001-10-22 00:00:00 BC,-300,,,,8
252,49,28001,0001-10-22 00:00:00 BC,-300,,,,8
253,50,28003,0001-10-22 00:00:00 BC,-300,,,,8
254,51,28004,0001-10-22 00:00:00 BC,-300,,,,8
255,52,28005,0001-10-22 00:00:00 BC,-300,,,,8
256,53,28007,0001-10-22 00:00:00 BC,-300,,,,8
257,54,28009,0001-10-22 00:00:00 BC,-300,,,,8
258,55,28011,0001-10-22 00:00:00 BC,-300,,,,8
259,56,28015,0001-10-22 00:00:00 BC,-300,,,,8
260,57,28019,0001-10-22 00:00:00 BC,-300,,,,8
261,58,28021,0001-10-22 00:00:00 BC,-300,,,,8
262,59,28023,0001-10-22 00:00:00 BC,-300,,,,8
263,60,28027,0001-10-22 00:00:00 BC,-300,,,,8
264,61,28029,0001-10-22 00:00:00 BC,-300,,,,8
265,62,28033,0001-10-22 00:00:00 BC,-300,,,,8
266,63,28035,0001-10-22 00:00:00 BC,-300,,,,8
267,64,28037,0001-10-22 00:00:00 BC,-300,,,,8
268,65,28050,0001-10-22 00:00:00 BC,-300,,,,8
269,66,22,0001-10-22 00:00:00 BC,-300,,,,8
270,67,221,0001-10-22 00:00:00 BC,-300,,,,8
271,68,405,0001-10-22 00:00:00 BC,-300,,,,8
272,69,406,0001-10-22 00:00:00 BC,-300,,,,8
273,70,407,0001-10-22 00:00:00 BC,-300,,,,8
274,71,1050,0001-10-22 00:00:00 BC,-300,,,,8
275,72,1060,0001-10-22 00:00:00 BC,-300,,,,8
276,73,1090,0001-10-22 00:00:00 BC,-300,,,,8
277,74,1110,0001-10-22 00:00:00 BC,-300,,,,8
278,75,1120,0001-10-22 00:00:00 BC,-300,,,,8
279,76,1122,0001-10-22 00:00:00 BC,-300,,,,8
280,77,1130,0001-10-22 00:00:00 BC,-300,,,,8
281,78,1140,0001-10-22 00:00:00 BC,-300,,,,8
282,79,1975,0001-10-22 00:00:00 BC,-300,,,,8
283,80,1978,0001-10-22 00:00:00 BC,-300,,,,8
284,81,1990,0001-10-22 00:00:00 BC,-300,,,,8
285,82,4016,0001-10-22 00:00:00 BC,-300,,,,8
286,83,4025,0001-10-22 00:00:00 BC,-300,,,,8
287,84,4029,0001-10-22 00:00:00 BC,-300,,,,8
288,85,4050,0001-10-22 00:00:00 BC,-300,,,,8
289,86,5001,0001-10-22 00:00:00 BC,-300,,,,8
290,87,6008,0001-10-22 00:00:00 BC,-300,,,,8
291,88,6009,0001-10-22 00:00:00 BC,-300,,,,8
292,89,7001,0001-10-22 00:00:00 BC,-300,,,,8
293,90,7003,0001-10-22 00:00:00 BC,-300,,,,8
294,91,7004,0001-10-22 00:00:00 BC,-300,,,,8
295,92,7006,0001-10-22 00:00:00 BC,-300,,,,8
296,93,7007,0001-10-22 00:00:00 BC,-300,,,,8
297,94,7021,0001-10-22 00:00:00 BC,-300,,,,8
298,95,7027,0001-10-22 00:00:00 BC,-300,,,,8
299,96,7029,0001-10-22 00:00:00 BC,-300,,,,8
300,97,7051,0001-10-22 00:00:00 BC,-300,,,,8
301,98,7052,0001-10-22 00:00:00 BC,-300,,,,8
302,99,7071,0001-10-22 00:00:00 BC,-300,,,,8
303,100,7101,0001-10-22 00:00:00 BC,-300,,,,8
304,101,7107,0001-10-22 00:00:00 BC,-300,,,,8
305,102,7121,0001-10-22 00:00:00 BC,-300,,,,8
306,103,7125,0001-10-22 00:00:00 BC,-300,,,,8
307,104,7127,0001-10-22 00:00:00 BC,-300,,,,8
308,105,7128,0001-10-22 00:00:00 BC,-300,,,,8
309,106,7130,0001-10-22 00:00:00 BC,-300,,,,8
310,107,7500,0001-10-22 00:00:00 BC,-300,,,,8
311,108,7602,0001-10-22 00:00:00 BC,-300,,,,8
312,109,7604,0001-10-22 00:00:00 BC,-300,,,,8
313,110,7610,0001-10-22 00:00:00 BC,-300,,,,8
314,111,7630,0001-10-22 00:00:00 BC,-300,,,,8
315,112,7640,0001-10-22 00:00:00 BC,-300,,,,8
316,113,7660,0001-10-22 00:00:00 BC,-300,,,,8
317,114,7670,0001-10-22 00:00:00 BC,-300,,,,8
318,115,7700,0001-10-22 00:00:00 BC,-300,,,,8
319,116,7710,0001-10-22 00:00:00 BC,-300,,,,8
320,117,7720,0001-10-22 00:00:00 BC,-300,,,,8
321,118,7800,0001-10-22 00:00:00 BC,-300,,,,8
322,119,8050,0001-10-22 00:00:00 BC,-300,,,,8
323,120,8051,0001-10-22 00:00:00 BC,-300,,,,8
324,121,8052,0001-10-22 00:00:00 BC,-300,,,,8
325,122,8053,0001-10-22 00:00:00 BC,-300,,,,8
326,123,8054,0001-10-22 00:00:00 BC,-300,,,,8
327,124,8055,0001-10-22 00:00:00 BC,-300,,,,8
328,125,8056,0001-10-22 00:00:00 BC,-300,,,,8
329,126,8057,0001-10-22 00:00:00 BC,-300,,,,8
330,127,8059,0001-10-22 00:00:00 BC,-300,,,,8
331,128,8060,0001-10-22 00:00:00 BC,-300,,,,8
332,129,8061,0001-10-22 00:00:00 BC,-300,,,,8
333,130,8063,0001-10-22 00:00:00 BC,-300,,,,8
334,131,8500,0001-10-22 00:00:00 BC,-300,,,,8
335,132,8505,0001-10-22 00:00:00 BC,-300,,,,8
336,133,8510,0001-10-22 00:00:00 BC,-300,,,,8
337,134,8515,0001-10-22 00:00:00 BC,-300,,,,8
338,135,8520,0001-10-22 00:00:00 BC,-300,,,,8
339,136,8900,0001-10-22 00:00:00 BC,-300,,,,8
340,137,9540,0001-10-22 00:00:00 BC,-300,,,,8
341,138,9550,0001-10-22 00:00:00 BC,-300,,,,8
342,139,21004,0001-10-22 00:00:00 BC,-300,,,,8
343,140,21005,0001-10-22 00:00:00 BC,-300,,,,8
344,141,21010,0001-10-22 00:00:00 BC,-300,,,,8
345,142,21016,0001-10-22 00:00:00 BC,-300,,,,8
346,143,21017,0001-10-22 00:00:00 BC,-300,,,,8
347,144,21018,0001-10-22 00:00:00 BC,-300,,,,8
348,145,21019,0001-10-22 00:00:00 BC,-300,,,,8
349,146,21020,0001-10-22 00:00:00 BC,-300,,,,8
350,147,21021,0001-10-22 00:00:00 BC,-300,,,,8
351,148,21022,0001-10-22 00:00:00 BC,-300,,,,8
352,149,21023,0001-10-22 00:00:00 BC,-300,,,,8
353,150,21024,0001-10-22 00:00:00 BC,-300,,,,8
354,151,21028,0001-10-22 00:00:00 BC,-300,,,,8
355,152,21029,0001-10-22 00:00:00 BC,-300,,,,8
356,153,21030,0001-10-22 00:00:00 BC,-300,,,,8
357,154,21031,0001-10-22 00:00:00 BC,-300,,,,8
358,155,21032,0001-10-22 00:00:00 BC,-300,,,,8
359,156,21033,0001-10-22 00:00:00 BC,-300,,,,8
360,157,21034,0001-10-22 00:00:00 BC,-300,,,,8
361,158,21035,0001-10-22 00:00:00 BC,-300,,,,8
362,159,21036,0001-10-22 00:00:00 BC,-300,,,,8
363,160,21050,0001-10-22 00:00:00 BC,-300,,,,8
364,161,21051,0001-10-22 00:00:00 BC,-300,,,,8
365,162,21053,0001-10-22 00:00:00 BC,-300,,,,8
366,163,21056,0001-10-22 00:00:00 BC,-300,,,,8
367,164,21058,0001-10-22 00:00:00 BC,-300,,,,8
368,165,21059,0001-10-22 00:00:00 BC,-300,,,,8
369,166,21060,0001-10-22 00:00:00 BC,-300,,,,8
370,167,21063,0001-10-22 00:00:00 BC,-300,,,,8
371,168,21065,0001-10-22 00:00:00 BC,-300,,,,8
372,169,21066,0001-10-22 00:00:00 BC,-300,,,,8
373,170,21067,0001-10-22 00:00:00 BC,-300,,,,8
374,171,21069,0001-10-22 00:00:00 BC,-300,,,,8
375,172,21070,0001-10-22 00:00:00 BC,-300,,,,8
376,173,21071,0001-10-22 00:00:00 BC,-300,,,,8
377,174,21072,0001-10-22 00:00:00 BC,-300,,,,8
378,175,21073,0001-10-22 00:00:00 BC,-300,,,,8
379,176,21095,0001-10-22 00:00:00 BC,-300,,,,8
380,177,21097,0001-10-22 00:00:00 BC,-300,,,,8
381,178,22000,0001-10-22 00:00:00 BC,-300,,,,8
382,179,22999,0001-10-22 00:00:00 BC,-300,,,,8
383,180,23005,0001-10-22 00:00:00 BC,-300,,,,8
384,181,23006,0001-10-22 00:00:00 BC,-300,,,,8
385,182,23007,0001-10-22 00:00:00 BC,-300,,,,8
386,183,23008,0001-10-22 00:00:00 BC,-300,,,,8
387,184,23010,0001-10-22 00:00:00 BC,-300,,,,8
388,185,23013,0001-10-22 00:00:00 BC,-300,,,,8
389,186,23014,0001-10-22 00:00:00 BC,-300,,,,8
390,187,23015,0001-10-22 00:00:00 BC,-300,,,,8
391,188,23016,0001-10-22 00:00:00 BC,-300,,,,8
392,189,23017,0001-10-22 00:00:00 BC,-300,,,,8
393,190,23018,0001-10-22 00:00:00 BC,-300,,,,8
394,191,23019,0001-10-22 00:00:00 BC,-300,,,,8
395,192,23020,0001-10-22 00:00:00 BC,-300,,,,8
396,193,23022,0001-10-22 00:00:00 BC,-300,,,,8
397,194,23025,0001-10-22 00:00:00 BC,-300,,,,8
398,195,23026,0001-10-22 00:00:00 BC,-300,,,,8
399,196,23027,0001-10-22 00:00:00 BC,-300,,,,8
400,197,23028,0001-10-22 00:00:00 BC,-300,,,,8
401,198,23029,0001-10-22 00:00:00 BC,-300,,,,8
402,199,23030,0001-10-22 00:00:00 BC,-300,,,,8
403,200,23031,0001-10-22 00:00:00 BC,-300,,,,8
404,201,23032,0001-10-22 00:00:00 BC,-300,,,,8
405,202,23035,0001-10-22 00:00:00 BC,-300,,,,8
406,203,23051,0001-10-22 00:00:00 BC,-300,,,,8
407,204,23052,0001-10-22 00:00:00 BC,-300,,,,8
408,205,23053,0001-10-22 00:00:00 BC,-300,,,,8
409,206,23054,0001-10-22 00:00:00 BC,-300,,,,8
410,207,23055,0001-10-22 00:00:00 BC,-300,,,,8
411,208,23056,0001-10-22 00:00:00 BC,-300,,,,8
412,209,23057,0001-10-22 00:00:00 BC,-300,,,,8
413,210,23058,0001-10-22 00:00:00 BC,-300,,,,8
414,211,23059,0001-10-22 00:00:00 BC,-300,,,,8
415,212,23060,0001-10-22 00:00:00 BC,-300,,,,8
416,213,23061,0001-10-22 00:00:00 BC,-300,,,,8
417,214,23062,0001-10-22 00:00:00 BC,-300,,,,8
418,215,23063,0001-10-22 00:00:00 BC,-300,,,,8
419,216,23064,0001-10-22 00:00:00 BC,-300,,,,8
420,217,23065,0001-10-22 00:00:00 BC,-300,,,,8
421,218,23066,0001-10-22 00:00:00 BC,-300,,,,8
422,219,23067,0001-10-22 00:00:00 BC,-300,,,,8
423,220,23068,0001-10-22 00:00:00 BC,-300,,,,8
424,221,23101,0001-10-22 00:00:00 BC,-300,,,,8
425,222,23105,0001-10-22 00:00:00 BC,-300,,,,8
426,223,23106,0001-10-22 00:00:00 BC,-300,,,,8
427,224,23110,0001-10-22 00:00:00 BC,-300,,,,8
428,225,23111,0001-10-22 00:00:00 BC,-300,,,,8
429,226,23120,0001-10-22 00:00:00 BC,-300,,,,8
430,227,23125,0001-10-22 00:00:00 BC,-300,,,,8
431,228,23126,0001-10-22 00:00:00 BC,-300,,,,8
432,229,23130,0001-10-22 00:00:00 BC,-300,,,,8
433,230,23131,0001-10-22 00:00:00 BC,-300,,,,8
434,231,23135,0001-10-22 00:00:00 BC,-300,,,,8
435,232,23140,0001-10-22 00:00:00 BC,-300,,,,8
436,233,23141,0001-10-22 00:00:00 BC,-300,,,,8
437,234,23142,0001-10-22 00:00:00 BC,-300,,,,8
438,235,23145,0001-10-22 00:00:00 BC,-300,,,,8
439,236,23146,0001-10-22 00:00:00 BC,-300,,,,8
440,237,23150,0001-10-22 00:00:00 BC,-300,,,,8
441,238,23151,0001-10-22 00:00:00 BC,-300,,,,8
442,239,23155,0001-10-22 00:00:00 BC,-300,,,,8
634,431,14153,0001-11-08 00:00:00 BC,-111,,,,8
635,432,14155,0001-11-08 00:00:00 BC,-111,,,,8
636,433,14156,0001-11-08 00:00:00 BC,-111,,,,8
637,434,14157,0001-11-08 00:00:00 BC,-111,,,,8
638,435,14158,0001-11-08 00:00:00 BC,-111,,,,8
639,436,14159,0001-11-08 00:00:00 BC,-111,,,,8
640,437,14160,0001-11-08 00:00:00 BC,-111,,,,8
641,438,14179,0001-11-08 00:00:00 BC,-111,,,,8
642,439,14180,0001-11-08 00:00:00 BC,-111,,,,8
643,440,14181,0001-11-08 00:00:00 BC,-111,,,,8
644,441,14182,0001-11-08 00:00:00 BC,-111,,,,8
645,442,14183,0001-11-08 00:00:00 BC,-111,,,,8
646,443,14184,0001-11-08 00:00:00 BC,-111,,,,8
647,444,14185,0001-11-08 00:00:00 BC,-111,,,,8
648,445,14186,0001-11-08 00:00:00 BC,-111,,,,8
649,446,14187,0001-11-08 00:00:00 BC,-111,,,,8
650,447,14188,0001-11-08 00:00:00 BC,-111,,,,8
651,448,14189,0001-11-08 00:00:00 BC,-111,,,,8
652,449,14191,0001-11-08 00:00:00 BC,-111,,,,8
653,450,14192,0001-11-08 00:00:00 BC,-111,,,,8
654,451,14193,0001-11-08 00:00:00 BC,-111,,,,8
655,452,14195,0001-11-08 00:00:00 BC,-111,,,,8
656,453,14196,0001-11-08 00:00:00 BC,-111,,,,8
657,454,14197,0001-11-08 00:00:00 BC,-111,,,,8
658,455,14198,0001-11-08 00:00:00 BC,-111,,,,8
659,456,14199,0001-11-08 00:00:00 BC,-111,,,,8
660,457,14200,0001-11-08 00:00:00 BC,-111,,,,8
661,458,14201,0001-11-08 00:00:00 BC,-111,,,,8
662,459,14202,0001-11-08 00:00:00 BC,-111,,,,8
663,460,14205,0001-11-08 00:00:00 BC,-111,,,,8
664,461,14210,0001-11-08 00:00:00 BC,-111,,,,8
665,462,14212,0001-11-08 00:00:00 BC,-111,,,,8
666,463,14213,0001-11-08 00:00:00 BC,-111,,,,8
667,464,14215,0001-11-08 00:00:00 BC,-111,,,,8
668,465,14220,0001-11-08 00:00:00 BC,-111,,,,8
669,466,14225,0001-11-08 00:00:00 BC,-111,,,,8
670,467,14230,0001-11-08 00:00:00 BC,-111,,,,8
671,468,14235,0001-11-08 00:00:00 BC,-111,,,,8
672,469,14240,0001-11-08 00:00:00 BC,-111,,,,8
673,470,14245,0001-11-08 00:00:00 BC,-111,,,,8
674,471,14250,0001-11-08 00:00:00 BC,-111,,,,8
675,472,14251,0001-11-08 00:00:00 BC,-111,,,,8
676,473,14252,0001-11-08 00:00:00 BC,-111,,,,8
677,474,14253,0001-11-08 00:00:00 BC,-111,,,,8
678,475,14255,0001-11-08 00:00:00 BC,-111,,,,8
679,476,14260,0001-11-08 00:00:00 BC,-111,,,,8
680,477,14261,0001-11-08 00:00:00 BC,-111,,,,8
681,478,14262,0001-11-08 00:00:00 BC,-111,,,,8
682,479,14263,0001-11-08 00:00:00 BC,-111,,,,8
683,480,14264,0001-11-08 00:00:00 BC,-111,,,,8
684,481,14265,0001-11-08 00:00:00 BC,-111,,,,8
685,482,14266,0001-11-08 00:00:00 BC,-111,,,,8
686,483,14270,0001-11-08 00:00:00 BC,-111,,,,8
687,484,14299,0001-11-08 00:00:00 BC,-111,,,,8
688,485,14300,0001-11-08 00:00:00 BC,-111,,,,8
689,486,14301,0001-11-08 00:00:00 BC,-111,,,,8
690,487,14302,0001-11-08 00:00:00 BC,-111,,,,8
691,488,14303,0001-11-08 00:00:00 BC,-111,,,,8
692,489,14304,0001-11-08 00:00:00 BC,-111,,,,8
693,490,14305,0001-11-08 00:00:00 BC,-111,,,,8
694,491,14306,0001-11-08 00:00:00 BC,-111,,,,8
695,492,14311,0001-11-08 00:00:00 BC,-111,,,,8
696,493,14312,0001-11-08 00:00:00 BC,-111,,,,8
697,494,14313,0001-11-08 00:00:00 BC,-111,,,,8
698,495,14314,0001-11-08 00:00:00 BC,-111,,,,8
699,496,14315,0001-11-08 00:00:00 BC,-111,,,,8
700,497,14316,0001-11-08 00:00:00 BC,-111,,,,8
701,498,14317,0001-11-08 00:00:00 BC,-111,,,,8
702,499,14318,0001-11-08 00:00:00 BC,-111,,,,8
703,500,14319,0001-11-08 00:00:00 BC,-111,,,,8
704,501,14320,0001-11-08 00:00:00 BC,-111,,,,8
705,502,14399,0001-11-08 00:00:00 BC,-111,,,,8
706,503,14400,0001-11-08 00:00:00 BC,-111,,,,8
707,504,14401,0001-11-08 00:00:00 BC,-111,,,,8
708,505,14409,0001-11-08 00:00:00 BC,-111,,,,8
709,506,14410,0001-11-08 00:00:00 BC,-111,,,,8
710,507,14411,0001-11-08 00:00:00 BC,-111,,,,8
711,508,14412,0001-11-08 00:00:00 BC,-111,,,,8
712,509,14413,0001-11-08 00:00:00 BC,-111,,,,8
713,510,14419,0001-11-08 00:00:00 BC,-111,,,,8
714,511,14420,0001-11-08 00:00:00 BC,-111,,,,8
715,512,14421,0001-11-08 00:00:00 BC,-111,,,,8
716,513,14423,0001-11-08 00:00:00 BC,-111,,,,8
717,514,14424,0001-11-08 00:00:00 BC,-111,,,,8
718,515,14429,0001-11-08 00:00:00 BC,-111,,,,8
719,516,14430,0001-11-08 00:00:00 BC,-111,,,,8
720,517,14435,0001-11-08 00:00:00 BC,-111,,,,8
721,518,14439,0001-11-08 00:00:00 BC,-111,,,,8
722,519,14440,0001-11-08 00:00:00 BC,-111,,,,8
723,520,14441,0001-11-08 00:00:00 BC,-111,,,,8
724,521,14442,0001-11-08 00:00:00 BC,-111,,,,8
725,522,14443,0001-11-08 00:00:00 BC,-111,,,,8
726,523,14450,0001-11-08 00:00:00 BC,-111,,,,8
727,524,14459,0001-11-08 00:00:00 BC,-111,,,,8
728,525,14460,0001-11-08 00:00:00 BC,-111,,,,8
729,526,14461,0001-11-08 00:00:00 BC,-111,,,,8
730,527,14462,0001-11-08 00:00:00 BC,-111,,,,8
731,528,14463,0001-11-08 00:00:00 BC,-111,,,,8
732,529,14555,0001-11-08 00:00:00 BC,-111,,,,8
733,530,14561,0001-11-08 00:00:00 BC,-111,,,,8
734,531,14562,0001-11-08 00:00:00 BC,-111,,,,8
735,532,14565,0001-11-08 00:00:00 BC,-111,,,,8
736,533,14570,0001-11-08 00:00:00 BC,-111,,,,8
737,534,14590,0001-11-08 00:00:00 BC,-111,,,,8
738,535,14591,0001-11-08 00:00:00 BC,-111,,,,8
739,536,14592,0001-11-08 00:00:00 BC,-111,,,,8
740,537,14593,0001-11-08 00:00:00 BC,-111,,,,8
741,538,14594,0001-11-08 00:00:00 BC,-111,,,,8
742,539,14595,0001-11-08 00:00:00 BC,-111,,,,8
743,540,14600,0001-11-08 00:00:00 BC,-111,,,,8
744,541,14601,0001-11-08 00:00:00 BC,-111,,,,8
745,542,14604,0001-11-08 00:00:00 BC,-111,,,,8
746,543,14605,0001-11-08 00:00:00 BC,-111,,,,8
747,544,14606,0001-11-08 00:00:00 BC,-111,,,,8
748,545,14608,0001-11-08 00:00:00 BC,-111,,,,8
749,546,14609,0001-11-08 00:00:00 BC,-111,,,,8
750,547,14610,0001-11-08 00:00:00 BC,-111,,,,8
751,548,14611,0001-11-08 00:00:00 BC,-111,,,,8
752,549,14612,0001-11-08 00:00:00 BC,-111,,,,8
753,550,14615,0001-11-08 00:00:00 BC,-111,,,,8
754,551,14616,0001-11-08 00:00:00 BC,-111,,,,8
755,552,14622,0001-11-08 00:00:00 BC,-111,,,,8
756,553,14651,0001-11-08 00:00:00 BC,-111,,,,8
757,554,14700,0001-11-08 00:00:00 BC,-111,,,,8
758,555,14701,0001-11-08 00:00:00 BC,-111,,,,8
759,556,14702,0001-11-08 00:00:00 BC,-111,,,,8
760,557,14703,0001-11-08 00:00:00 BC,-111,,,,8
761,558,14704,0001-11-08 00:00:00 BC,-111,,,,8
762,559,14705,0001-11-08 00:00:00 BC,-111,,,,8
763,560,14706,0001-11-08 00:00:00 BC,-111,,,,8
764,561,14707,0001-11-08 00:00:00 BC,-111,,,,8
765,562,14708,0001-11-08 00:00:00 BC,-111,,,,8
766,563,14709,0001-11-08 00:00:00 BC,-111,,,,8
767,564,14710,0001-11-08 00:00:00 BC,-111,,,,8
768,565,14711,0001-11-08 00:00:00 BC,-111,,,,8
769,566,14712,0001-11-08 00:00:00 BC,-111,,,,8
770,567,14713,0001-11-08 00:00:00 BC,-111,,,,8
771,568,14714,0001-11-08 00:00:00 BC,-111,,,,8
772,569,14715,0001-11-08 00:00:00 BC,-111,,,,8
773,570,14716,0001-11-08 00:00:00 BC,-111,,,,8
774,571,14717,0001-11-08 00:00:00 BC,-111,,,,8
775,572,14718,0001-11-08 00:00:00 BC,-111,,,,8
776,573,14719,0001-11-08 00:00:00 BC,-111,,,,8
777,574,14720,0001-11-08 00:00:00 BC,-111,,,,8
778,575,14721,0001-11-08 00:00:00 BC,-111,,,,8
779,576,14722,0001-11-08 00:00:00 BC,-111,,,,8
780,577,14723,0001-11-08 00:00:00 BC,-111,,,,8
781,578,14724,0001-11-08 00:00:00 BC,-111,,,,8
782,579,14725,0001-11-08 00:00:00 BC,-111,,,,8
783,580,14726,0001-11-08 00:00:00 BC,-111,,,,8
784,581,14727,0001-11-08 00:00:00 BC,-111,,,,8
785,582,14728,0001-11-08 00:00:00 BC,-111,,,,8
786,583,14730,0001-11-08 00:00:00 BC,-111,,,,8
787,584,14731,0001-11-08 00:00:00 BC,-111,,,,8
788,585,14732,0001-11-08 00:00:00 BC,-111,,,,8
789,586,14733,0001-11-08 00:00:00 BC,-111,,,,8
790,587,14734,0001-11-08 00:00:00 BC,-111,,,,8
791,588,14735,0001-11-08 00:00:00 BC,-111,,,,8
792,589,14736,0001-11-08 00:00:00 BC,-111,,,,8
793,590,14737,0001-11-08 00:00:00 BC,-111,,,,8
794,591,14741,0001-11-08 00:00:00 BC,-111,,,,8
795,592,14742,0001-11-08 00:00:00 BC,-111,,,,8
796,593,14743,0001-11-08 00:00:00 BC,-111,,,,8
797,594,14744,0001-11-08 00:00:00 BC,-111,,,,8
798,595,14745,0001-11-08 00:00:00 BC,-111,,,,8
799,596,14746,0001-11-08 00:00:00 BC,-111,,,,8
800,597,14747,0001-11-08 00:00:00 BC,-111,,,,8
801,598,14750,0001-11-08 00:00:00 BC,-111,,,,8
802,599,14751,0001-11-08 00:00:00 BC,-111,,,,8
803,600,14752,0001-11-08 00:00:00 BC,-111,,,,8
804,601,14753,0001-11-08 00:00:00 BC,-111,,,,8
805,602,14754,0001-11-08 00:00:00 BC,-111,,,,8
806,603,14755,0001-11-08 00:00:00 BC,-111,,,,8
807,604,14756,0001-11-08 00:00:00 BC,-111,,,,8
808,605,14757,0001-11-08 00:00:00 BC,-111,,,,8
809,606,14761,0001-11-08 00:00:00 BC,-111,,,,8
810,607,14762,0001-11-08 00:00:00 BC,-111,,,,8
1766,1563,52738,0001-11-08 00:00:00 BC,-111,,,,8
1767,1564,52739,0001-11-08 00:00:00 BC,-111,,,,8
1768,1565,52740,0001-11-08 00:00:00 BC,-111,,,,8
1769,1566,52741,0001-11-08 00:00:00 BC,-111,,,,8
1770,1567,52742,0001-11-08 00:00:00 BC,-111,,,,8
1771,1568,52743,0001-11-08 00:00:00 BC,-111,,,,8
1772,1569,52744,0001-11-08 00:00:00 BC,-111,,,,8
1773,1570,52745,0001-11-08 00:00:00 BC,-111,,,,8
1774,1571,52746,0001-11-08 00:00:00 BC,-111,,,,8
1775,1572,52747,0001-11-08 00:00:00 BC,-111,,,,8
1776,1573,52748,0001-11-08 00:00:00 BC,-111,,,,8
1777,1574,52749,0001-11-08 00:00:00 BC,-111,,,,8
1778,1575,52750,0001-11-08 00:00:00 BC,-111,,,,8
1779,1576,52751,0001-11-08 00:00:00 BC,-111,,,,8
1780,1577,52752,0001-11-08 00:00:00 BC,-111,,,,8
1781,1578,52753,0001-11-08 00:00:00 BC,-111,,,,8
1782,1579,52754,0001-11-08 00:00:00 BC,-111,,,,8
1783,1580,52755,0001-11-08 00:00:00 BC,-111,,,,8
1784,1581,52756,0001-11-08 00:00:00 BC,-111,,,,8
1785,1582,52760,0001-11-08 00:00:00 BC,-111,,,,8
1786,1583,52765,0001-11-08 00:00:00 BC,-111,,,,8
1787,1584,52770,0001-11-08 00:00:00 BC,-111,,,,8
1788,1585,52775,0001-11-08 00:00:00 BC,-111,,,,8
1789,1586,52776,0001-11-08 00:00:00 BC,-111,,,,8
1790,1587,52777,0001-11-08 00:00:00 BC,-111,,,,8
1791,1588,52778,0001-11-08 00:00:00 BC,-111,,,,8
1792,1589,52779,0001-11-08 00:00:00 BC,-111,,,,8
1793,1590,52799,0001-11-08 00:00:00 BC,-111,,,,8
1794,1591,52800,0001-11-08 00:00:00 BC,-111,,,,8
1795,1592,52802,0001-11-08 00:00:00 BC,-111,,,,8
1796,1593,52805,0001-11-08 00:00:00 BC,-111,,,,8
1797,1594,52807,0001-11-08 00:00:00 BC,-111,,,,8
1798,1595,52808,0001-11-08 00:00:00 BC,-111,,,,8
1799,1596,52809,0001-11-08 00:00:00 BC,-111,,,,8
1800,1597,52811,0001-11-08 00:00:00 BC,-111,,,,8
1801,1598,52812,0001-11-08 00:00:00 BC,-111,,,,8
1802,1599,52813,0001-11-08 00:00:00 BC,-111,,,,8
1803,1600,52814,0001-11-08 00:00:00 BC,-111,,,,8
1804,1601,52820,0001-11-08 00:00:00 BC,-111,,,,8
1805,1602,52825,0001-11-08 00:00:00 BC,-111,,,,8
1806,1603,52826,0001-11-08 00:00:00 BC,-111,,,,8
1807,1604,52827,0001-11-08 00:00:00 BC,-111,,,,8
1808,1605,52828,0001-11-08 00:00:00 BC,-111,,,,8
1809,1606,52829,0001-11-08 00:00:00 BC,-111,,,,8
1810,1607,52830,0001-11-08 00:00:00 BC,-111,,,,8
1811,1608,52831,0001-11-08 00:00:00 BC,-111,,,,8
1812,1609,52850,0001-11-08 00:00:00 BC,-111,,,,8
1813,1610,52851,0001-11-08 00:00:00 BC,-111,,,,8
1814,1611,52852,0001-11-08 00:00:00 BC,-111,,,,8
1815,1612,52853,0001-11-08 00:00:00 BC,-111,,,,8
1816,1613,52854,0001-11-08 00:00:00 BC,-111,,,,8
1817,1614,52855,0001-11-08 00:00:00 BC,-111,,,,8
1818,1615,52856,0001-11-08 00:00:00 BC,-111,,,,8
1819,1616,52907,0001-11-08 00:00:00 BC,-111,,,,8
1820,1617,52999,0001-11-08 00:00:00 BC,-111,,,,8
1821,1618,53000,0001-11-08 00:00:00 BC,-111,,,,8
1822,1619,53001,0001-11-08 00:00:00 BC,-111,,,,8
1823,1620,53002,0001-11-08 00:00:00 BC,-111,,,,8
1824,1621,53004,0001-11-08 00:00:00 BC,-111,,,,8
1825,1622,53005,0001-11-08 00:00:00 BC,-111,,,,8
1826,1623,53006,0001-11-08 00:00:00 BC,-111,,,,8
1827,1624,53007,0001-11-08 00:00:00 BC,-111,,,,8
1828,1625,53010,0001-11-08 00:00:00 BC,-111,,,,8
1829,1626,53020,0001-11-08 00:00:00 BC,-111,,,,8
1830,1627,53025,0001-11-08 00:00:00 BC,-111,,,,8
1831,1628,53100,0001-11-08 00:00:00 BC,-111,,,,8
1832,1629,53101,0001-11-08 00:00:00 BC,-111,,,,8
1833,1630,53110,0001-11-08 00:00:00 BC,-111,,,,8
1834,1631,53200,0001-11-08 00:00:00 BC,-111,,,,8
1835,1632,53250,0001-11-08 00:00:00 BC,-111,,,,8
1836,1633,53300,0001-11-08 00:00:00 BC,-111,,,,8
1837,1634,53505,0001-11-08 00:00:00 BC,-111,,,,8
1838,1635,53510,0001-11-08 00:00:00 BC,-111,,,,8
1839,1636,53515,0001-11-08 00:00:00 BC,-111,,,,8
1840,1637,53520,0001-11-08 00:00:00 BC,-111,,,,8
1841,1638,53525,0001-11-08 00:00:00 BC,-111,,,,8
1842,1639,28221,0001-11-08 00:00:00 BC,-111,,,,8
1843,1640,28500,0001-11-08 00:00:00 BC,-111,,,,8
1844,1641,28502,0001-11-08 00:00:00 BC,-111,,,,8
1845,1642,28504,0001-11-08 00:00:00 BC,-111,,,,8
1846,1643,28506,0001-11-08 00:00:00 BC,-111,,,,8
1847,1644,28508,0001-11-08 00:00:00 BC,-111,,,,8
1848,1645,28510,0001-11-08 00:00:00 BC,-111,,,,8
1849,1646,28518,0001-11-08 00:00:00 BC,-111,,,,8
1850,1647,28520,0001-11-08 00:00:00 BC,-111,,,,8
1851,1648,28528,0001-11-08 00:00:00 BC,-111,,,,8
1852,1649,28999,0001-11-08 00:00:00 BC,-111,,,,8
1853,1650,29000,0001-11-08 00:00:00 BC,-111,,,,8
1854,1651,29010,0001-11-08 00:00:00 BC,-111,,,,8
1855,1652,29020,0001-11-08 00:00:00 BC,-111,,,,8
1856,1653,29030,0001-11-08 00:00:00 BC,-111,,,,8
1857,1654,29040,0001-11-08 00:00:00 BC,-111,,,,8
1858,1655,2999,0001-11-08 00:00:00 BC,-111,,,,8
1859,1656,29999,0001-11-08 00:00:00 BC,-111,,,,8
1860,1657,3000,0001-11-08 00:00:00 BC,-111,,,,8
1861,1658,30000,0001-11-08 00:00:00 BC,-111,,,,8
1862,1659,30001,0001-11-08 00:00:00 BC,-111,,,,8
1863,1660,30002,0001-11-08 00:00:00 BC,-111,,,,8
1864,1661,3001,0001-11-08 00:00:00 BC,-111,,,,8
1865,1662,30010,0001-11-08 00:00:00 BC,-111,,,,8
1866,1663,30020,0001-11-08 00:00:00 BC,-111,,,,8
1867,1664,30100,0001-11-08 00:00:00 BC,-111,,,,8
1868,1665,30120,0001-11-08 00:00:00 BC,-111,,,,8
1869,1666,30999,0001-11-08 00:00:00 BC,-111,,,,8
1870,1667,3100,0001-11-08 00:00:00 BC,-111,,,,8
1871,1668,3101,0001-11-08 00:00:00 BC,-111,,,,8
1872,1669,3102,0001-11-08 00:00:00 BC,-111,,,,8
1873,1670,3103,0001-11-08 00:00:00 BC,-111,,,,8
1874,1671,3104,0001-11-08 00:00:00 BC,-111,,,,8
1875,1672,3105,0001-11-08 00:00:00 BC,-111,,,,8
1876,1673,3106,0001-11-08 00:00:00 BC,-111,,,,8
1877,1674,3107,0001-11-08 00:00:00 BC,-111,,,,8
1878,1675,3108,0001-11-08 00:00:00 BC,-111,,,,8
1879,1676,3109,0001-11-08 00:00:00 BC,-111,,,,8
1880,1677,3199,0001-11-08 00:00:00 BC,-111,,,,8
1881,1678,3200,0001-11-08 00:00:00 BC,-111,,,,8
1882,1679,3201,0001-11-08 00:00:00 BC,-111,,,,8
1883,1680,3202,0001-11-08 00:00:00 BC,-111,,,,8
1884,1681,3203,0001-11-08 00:00:00 BC,-111,,,,8
1885,1682,3204,0001-11-08 00:00:00 BC,-111,,,,8
1886,1683,3205,0001-11-08 00:00:00 BC,-111,,,,8
1887,1684,3999,0001-11-08 00:00:00 BC,-111,,,,8
1888,1685,4000,0001-11-08 00:00:00 BC,-111,,,,8
1889,1686,4001,0001-11-08 00:00:00 BC,-111,,,,8
1890,1687,4002,0001-11-08 00:00:00 BC,-111,,,,8
1891,1688,4003,0001-11-08 00:00:00 BC,-111,,,,8
1892,1689,4004,0001-11-08 00:00:00 BC,-111,,,,8
1893,1690,4005,0001-11-08 00:00:00 BC,-111,,,,8
1894,1691,4006,0001-11-08 00:00:00 BC,-111,,,,8
1895,1692,4007,0001-11-08 00:00:00 BC,-111,,,,8
1896,1693,4008,0001-11-08 00:00:00 BC,-111,,,,8
1897,1694,4009,0001-11-08 00:00:00 BC,-111,,,,8
1898,1695,4010,0001-11-08 00:00:00 BC,-111,,,,8
1899,1696,4011,0001-11-08 00:00:00 BC,-111,,,,8
1900,1697,4012,0001-11-08 00:00:00 BC,-111,,,,8
1901,1698,4015,0001-11-08 00:00:00 BC,-111,,,,8
1902,1699,4019,0001-11-08 00:00:00 BC,-111,,,,8
1903,1700,4020,0001-11-08 00:00:00 BC,-111,,,,8
1904,1701,4030,0001-11-08 00:00:00 BC,-111,,,,8
1905,1702,4055,0001-11-08 00:00:00 BC,-111,,,,8
1906,1703,4500,0001-11-08 00:00:00 BC,-111,,,,8
1907,1704,49900,0001-11-08 00:00:00 BC,-111,,,,8
1908,1705,49905,0001-11-08 00:00:00 BC,-111,,,,8
1909,1706,49910,0001-11-08 00:00:00 BC,-111,,,,8
1910,1707,49949,0001-11-08 00:00:00 BC,-111,,,,8
1911,1708,4999,0001-11-08 00:00:00 BC,-111,,,,8
1912,1709,5000,0001-11-08 00:00:00 BC,-111,,,,8
1913,1710,50000,0001-11-08 00:00:00 BC,-111,,,,8
1914,1711,50001,0001-11-08 00:00:00 BC,-111,,,,8
1915,1712,50002,0001-11-08 00:00:00 BC,-111,,,,8
1916,1713,50003,0001-11-08 00:00:00 BC,-111,,,,8
1917,1714,50004,0001-11-08 00:00:00 BC,-111,,,,8
1918,1715,50005,0001-11-08 00:00:00 BC,-111,,,,8
1919,1716,50006,0001-11-08 00:00:00 BC,-111,,,,8
1920,1717,50007,0001-11-08 00:00:00 BC,-111,,,,8
1921,1718,50008,0001-11-08 00:00:00 BC,-111,,,,8
1922,1719,50009,0001-11-08 00:00:00 BC,-111,,,,8
1923,1720,50010,0001-11-08 00:00:00 BC,-111,,,,8
1924,1721,50011,0001-11-08 00:00:00 BC,-111,,,,8
1925,1722,50012,0001-11-08 00:00:00 BC,-111,,,,8
1926,1723,50013,0001-11-08 00:00:00 BC,-111,,,,8
1927,1724,50014,0001-11-08 00:00:00 BC,-111,,,,8
1928,1725,50015,0001-11-08 00:00:00 BC,-111,,,,8
1929,1726,50016,0001-11-08 00:00:00 BC,-111,,,,8
1930,1727,50017,0001-11-08 00:00:00 BC,-111,,,,8
1931,1728,50018,0001-11-08 00:00:00 BC,-111,,,,8
1932,1729,50019,0001-11-08 00:00:00 BC,-111,,,,8
1933,1730,5002,0001-11-08 00:00:00 BC,-111,,,,8
1934,1731,50020,0001-11-08 00:00:00 BC,-111,,,,8
1935,1732,50021,0001-11-08 00:00:00 BC,-111,,,,8
1936,1733,50022,0001-11-08 00:00:00 BC,-111,,,,8
1937,1734,50023,0001-11-08 00:00:00 BC,-111,,,,8
1938,1735,50024,0001-11-08 00:00:00 BC,-111,,,,8
1939,1736,50025,0001-11-08 00:00:00 BC,-111,,,,8
1940,1737,50026,0001-11-08 00:00:00 BC,-111,,,,8
1941,1738,50027,0001-11-08 00:00:00 BC,-111,,,,8
1942,1739,50028,0001-11-08 00:00:00 BC,-111,,,,8
1943,1740,50029,0001-11-08 00:00:00 BC,-111,,,,8
1944,1741,5003,0001-11-08 00:00:00 BC,-111,,,,8
1945,1742,50030,0001-11-08 00:00:00 BC,-111,,,,8
1946,1743,50031,0001-11-08 00:00:00 BC,-111,,,,8
1947,1744,50032,0001-11-08 00:00:00 BC,-111,,,,8
1948,1745,5005,0001-11-08 00:00:00 BC,-111,,,,8
1949,1746,50055,0001-11-08 00:00:00 BC,-111,,,,8
1950,1747,50056,0001-11-08 00:00:00 BC,-111,,,,8
1951,1748,50057,0001-11-08 00:00:00 BC,-111,,,,8
1952,1749,5010,0001-11-08 00:00:00 BC,-111,,,,8
1953,1750,50100,0001-11-08 00:00:00 BC,-111,,,,8
1954,1751,50110,0001-11-08 00:00:00 BC,-111,,,,8
1955,1752,5015,0001-11-08 00:00:00 BC,-111,,,,8
1956,1753,5020,0001-11-08 00:00:00 BC,-111,,,,8
1957,1754,50200,0001-11-08 00:00:00 BC,-111,,,,8
2340,2137,55118,0001-11-08 00:00:00 BC,-111,,,,8
2341,2138,55119,0001-11-08 00:00:00 BC,-111,,,,8
2342,2139,55120,0001-11-08 00:00:00 BC,-111,,,,8
2343,2140,55121,0001-11-08 00:00:00 BC,-111,,,,8
2344,2141,55122,0001-11-08 00:00:00 BC,-111,,,,8
2345,2142,55123,0001-11-08 00:00:00 BC,-111,,,,8
2346,2143,55124,0001-11-08 00:00:00 BC,-111,,,,8
2347,2144,55125,0001-11-08 00:00:00 BC,-111,,,,8
2348,2145,55126,0001-11-08 00:00:00 BC,-111,,,,8
2349,2146,55127,0001-11-08 00:00:00 BC,-111,,,,8
2350,2147,55128,0001-11-08 00:00:00 BC,-111,,,,8
2351,2148,55129,0001-11-08 00:00:00 BC,-111,,,,8
2352,2149,55130,0001-11-08 00:00:00 BC,-111,,,,8
2353,2150,55131,0001-11-08 00:00:00 BC,-111,,,,8
2354,2151,55132,0001-11-08 00:00:00 BC,-111,,,,8
2355,2152,55200,0001-11-08 00:00:00 BC,-111,,,,8
2356,2153,55201,0001-11-08 00:00:00 BC,-111,,,,8
2357,2154,55400,0001-11-08 00:00:00 BC,-111,,,,8
2358,2155,55499,0001-11-08 00:00:00 BC,-111,,,,8
2359,2156,55500,0001-11-08 00:00:00 BC,-111,,,,8
2360,2157,55501,0001-11-08 00:00:00 BC,-111,,,,8
2361,2158,55600,0001-11-08 00:00:00 BC,-111,,,,8
2362,2159,55601,0001-11-08 00:00:00 BC,-111,,,,8
2363,2160,55602,0001-11-08 00:00:00 BC,-111,,,,8
2364,2161,55604,0001-11-08 00:00:00 BC,-111,,,,8
2365,2162,55606,0001-11-08 00:00:00 BC,-111,,,,8
2366,2163,55607,0001-11-08 00:00:00 BC,-111,,,,8
2367,2164,55608,0001-11-08 00:00:00 BC,-111,,,,8
2368,2165,55609,0001-11-08 00:00:00 BC,-111,,,,8
2369,2166,55700,0001-11-08 00:00:00 BC,-111,,,,8
2370,2167,55710,0001-11-08 00:00:00 BC,-111,,,,8
2371,2168,55800,0001-11-08 00:00:00 BC,-111,,,,8
2372,2169,55805,0001-11-08 00:00:00 BC,-111,,,,8
2373,2170,55810,0001-11-08 00:00:00 BC,-111,,,,8
2374,2171,55850,0001-11-08 00:00:00 BC,-111,,,,8
2375,2172,55855,0001-11-08 00:00:00 BC,-111,,,,8
2376,2173,55860,0001-11-08 00:00:00 BC,-111,,,,8
2377,2174,55864,0001-11-08 00:00:00 BC,-111,,,,8
2378,2175,55865,0001-11-08 00:00:00 BC,-111,,,,8
2379,2176,55866,0001-11-08 00:00:00 BC,-111,,,,8
2380,2177,55867,0001-11-08 00:00:00 BC,-111,,,,8
2381,2178,55869,0001-11-08 00:00:00 BC,-111,,,,8
2382,2179,55870,0001-11-08 00:00:00 BC,-111,,,,8
2383,2180,55871,0001-11-08 00:00:00 BC,-111,,,,8
2384,2181,55872,0001-11-08 00:00:00 BC,-111,,,,8
2385,2182,55873,0001-11-08 00:00:00 BC,-111,,,,8
2386,2183,55874,0001-11-08 00:00:00 BC,-111,,,,8
2387,2184,55880,0001-11-08 00:00:00 BC,-111,,,,8
2388,2185,55881,0001-11-08 00:00:00 BC,-111,,,,8
2389,2186,55882,0001-11-08 00:00:00 BC,-111,,,,8
2390,2187,55890,0001-11-08 00:00:00 BC,-111,,,,8
2391,2188,55891,0001-11-08 00:00:00 BC,-111,,,,8
2392,2189,55892,0001-11-08 00:00:00 BC,-111,,,,8
2393,2190,56009,0001-11-08 00:00:00 BC,-111,,,,8
2394,2191,56302,0001-11-08 00:00:00 BC,-111,,,,8
2395,2192,56699,0001-11-08 00:00:00 BC,-111,,,,8
2396,2193,56700,0001-11-08 00:00:00 BC,-111,,,,8
2397,2194,56701,0001-11-08 00:00:00 BC,-111,,,,8
2398,2195,5999,0001-11-08 00:00:00 BC,-111,,,,8
2399,2196,59998,0001-11-08 00:00:00 BC,-111,,,,8
2400,2197,59999,0001-11-08 00:00:00 BC,-111,,,,8
2401,2198,6000,0001-11-08 00:00:00 BC,-111,,,,8
2402,2199,60000,0001-11-08 00:00:00 BC,-111,,,,8
2403,2200,6001,0001-11-08 00:00:00 BC,-111,,,,8
2404,2201,60010,0001-11-08 00:00:00 BC,-111,,,,8
2405,2202,6002,0001-11-08 00:00:00 BC,-111,,,,8
2406,2203,60020,0001-11-08 00:00:00 BC,-111,,,,8
2407,2204,6003,0001-11-08 00:00:00 BC,-111,,,,8
2408,2205,60030,0001-11-08 00:00:00 BC,-111,,,,8
2409,2206,6004,0001-11-08 00:00:00 BC,-111,,,,8
2410,2207,60040,0001-11-08 00:00:00 BC,-111,,,,8
2411,2208,6005,0001-11-08 00:00:00 BC,-111,,,,8
2412,2209,60050,0001-11-08 00:00:00 BC,-111,,,,8
2413,2210,6006,0001-11-08 00:00:00 BC,-111,,,,8
2414,2211,60060,0001-11-08 00:00:00 BC,-111,,,,8
2415,2212,60061,0001-11-08 00:00:00 BC,-111,,,,8
2416,2213,60062,0001-11-08 00:00:00 BC,-111,,,,8
2417,2214,60063,0001-11-08 00:00:00 BC,-111,,,,8
2418,2215,60064,0001-11-08 00:00:00 BC,-111,,,,8
2419,2216,60065,0001-11-08 00:00:00 BC,-111,,,,8
2420,2217,60066,0001-11-08 00:00:00 BC,-111,,,,8
2421,2218,60067,0001-11-08 00:00:00 BC,-111,,,,8
2422,2219,60068,0001-11-08 00:00:00 BC,-111,,,,8
2423,2220,60069,0001-11-08 00:00:00 BC,-111,,,,8
2424,2221,6010,0001-11-08 00:00:00 BC,-111,,,,8
2425,2222,6050,0001-11-08 00:00:00 BC,-111,,,,8
2426,2223,6060,0001-11-08 00:00:00 BC,-111,,,,8
2427,2224,6070,0001-11-08 00:00:00 BC,-111,,,,8
2428,2225,60999,0001-11-08 00:00:00 BC,-111,,,,8
2429,2226,61000,0001-11-08 00:00:00 BC,-111,,,,8
2430,2227,61005,0001-11-08 00:00:00 BC,-111,,,,8
2431,2228,61015,0001-11-08 00:00:00 BC,-111,,,,8
2432,2229,61025,0001-11-08 00:00:00 BC,-111,,,,8
2433,2230,61035,0001-11-08 00:00:00 BC,-111,,,,8
2434,2231,61045,0001-11-08 00:00:00 BC,-111,,,,8
2435,2232,61046,0001-11-08 00:00:00 BC,-111,,,,8
2436,2233,61047,0001-11-08 00:00:00 BC,-111,,,,8
2437,2234,61048,0001-11-08 00:00:00 BC,-111,,,,8
2438,2235,61049,0001-11-08 00:00:00 BC,-111,,,,8
2439,2236,61050,0001-11-08 00:00:00 BC,-111,,,,8
2440,2237,61051,0001-11-08 00:00:00 BC,-111,,,,8
2441,2238,61052,0001-11-08 00:00:00 BC,-111,,,,8
2442,2239,61053,0001-11-08 00:00:00 BC,-111,,,,8
2443,2240,61054,0001-11-08 00:00:00 BC,-111,,,,8
2444,2241,61055,0001-11-08 00:00:00 BC,-111,,,,8
2445,2242,61056,0001-11-08 00:00:00 BC,-111,,,,8
2446,2243,61060,0001-11-08 00:00:00 BC,-111,,,,8
2447,2244,61100,0001-11-08 00:00:00 BC,-111,,,,8
2448,2245,61101,0001-11-08 00:00:00 BC,-111,,,,8
2449,2246,61102,0001-11-08 00:00:00 BC,-111,,,,8
2450,2247,61150,0001-11-08 00:00:00 BC,-111,,,,8
2451,2248,61152,0001-11-08 00:00:00 BC,-111,,,,8
2452,2249,61154,0001-11-08 00:00:00 BC,-111,,,,8
2453,2250,61156,0001-11-08 00:00:00 BC,-111,,,,8
2454,2251,61158,0001-11-08 00:00:00 BC,-111,,,,8
2455,2252,61160,0001-11-08 00:00:00 BC,-111,,,,8
2456,2253,61190,0001-11-08 00:00:00 BC,-111,,,,8
2457,2254,61192,0001-11-08 00:00:00 BC,-111,,,,8
2458,2255,61194,0001-11-08 00:00:00 BC,-111,,,,8
2459,2256,61200,0001-11-08 00:00:00 BC,-111,,,,8
2460,2257,61202,0001-11-08 00:00:00 BC,-111,,,,8
2461,2258,61204,0001-11-08 00:00:00 BC,-111,,,,8
2462,2259,61300,0001-11-08 00:00:00 BC,-111,,,,8
2463,2260,61302,0001-11-08 00:00:00 BC,-111,,,,8
2464,2261,61304,0001-11-08 00:00:00 BC,-111,,,,8
2465,2262,61306,0001-11-08 00:00:00 BC,-111,,,,8
2466,2263,61307,0001-11-08 00:00:00 BC,-111,,,,8
2467,2264,61400,0001-11-08 00:00:00 BC,-111,,,,8
2468,2265,61402,0001-11-08 00:00:00 BC,-111,,,,8
2469,2266,61404,0001-11-08 00:00:00 BC,-111,,,,8
2470,2267,61406,0001-11-08 00:00:00 BC,-111,,,,8
2471,2268,61500,0001-11-08 00:00:00 BC,-111,,,,8
2472,2269,61502,0001-11-08 00:00:00 BC,-111,,,,8
2473,2270,61504,0001-11-08 00:00:00 BC,-111,,,,8
2474,2271,61506,0001-11-08 00:00:00 BC,-111,,,,8
2475,2272,61508,0001-11-08 00:00:00 BC,-111,,,,8
2476,2273,61510,0001-11-08 00:00:00 BC,-111,,,,8
2477,2274,61999,0001-11-08 00:00:00 BC,-111,,,,8
2478,2275,62000,0001-11-08 00:00:00 BC,-111,,,,8
2479,2276,62005,0001-11-08 00:00:00 BC,-111,,,,8
2480,2277,62050,0001-11-08 00:00:00 BC,-111,,,,8
2481,2278,62055,0001-11-08 00:00:00 BC,-111,,,,8
2482,2279,62056,0001-11-08 00:00:00 BC,-111,,,,8
2483,2280,62070,0001-11-08 00:00:00 BC,-111,,,,8
2484,2281,62090,0001-11-08 00:00:00 BC,-111,,,,8
2485,2282,62100,0001-11-08 00:00:00 BC,-111,,,,8
2486,2283,62140,0001-11-08 00:00:00 BC,-111,,,,8
2487,2284,62160,0001-11-08 00:00:00 BC,-111,,,,8
2488,2285,62180,0001-11-08 00:00:00 BC,-111,,,,8
2489,2286,62181,0001-11-08 00:00:00 BC,-111,,,,8
2490,2287,62182,0001-11-08 00:00:00 BC,-111,,,,8
2491,2288,62183,0001-11-08 00:00:00 BC,-111,,,,8
2492,2289,62199,0001-11-08 00:00:00 BC,-111,,,,8
2493,2290,62200,0001-11-08 00:00:00 BC,-111,,,,8
2494,2291,62220,0001-11-08 00:00:00 BC,-111,,,,8
2495,2292,62221,0001-11-08 00:00:00 BC,-111,,,,8
2496,2293,62222,0001-11-08 00:00:00 BC,-111,,,,8
2497,2294,62223,0001-11-08 00:00:00 BC,-111,,,,8
2498,2295,62224,0001-11-08 00:00:00 BC,-111,,,,8
2499,2296,62229,0001-11-08 00:00:00 BC,-111,,,,8
2500,2297,62230,0001-11-08 00:00:00 BC,-111,,,,8
2501,2298,62235,0001-11-08 00:00:00 BC,-111,,,,8
2502,2299,62240,0001-11-08 00:00:00 BC,-111,,,,8
2503,2300,62260,0001-11-08 00:00:00 BC,-111,,,,8
2504,2301,62261,0001-11-08 00:00:00 BC,-111,,,,8
2505,2302,62262,0001-11-08 00:00:00 BC,-111,,,,8
2506,2303,62263,0001-11-08 00:00:00 BC,-111,,,,8
2507,2304,62264,0001-11-08 00:00:00 BC,-111,,,,8
2508,2305,62265,0001-11-08 00:00:00 BC,-111,,,,8
2509,2306,62266,0001-11-08 00:00:00 BC,-111,,,,8
2510,2307,62267,0001-11-08 00:00:00 BC,-111,,,,8
2511,2308,62268,0001-11-08 00:00:00 BC,-111,,,,8
2512,2309,62269,0001-11-08 00:00:00 BC,-111,,,,8
2513,2310,62270,0001-11-08 00:00:00 BC,-111,,,,8
2514,2311,62300,0001-11-08 00:00:00 BC,-111,,,,8
2515,2312,62302,0001-11-08 00:00:00 BC,-111,,,,8
2516,2313,62304,0001-11-08 00:00:00 BC,-111,,,,8
2517,2314,62306,0001-11-08 00:00:00 BC,-111,,,,8
2518,2315,62307,0001-11-08 00:00:00 BC,-111,,,,8
2519,2316,62400,0001-11-08 00:00:00 BC,-111,,,,8
2520,2317,62402,0001-11-08 00:00:00 BC,-111,,,,8
2521,2318,62404,0001-11-08 00:00:00 BC,-111,,,,8
2522,2319,62406,0001-11-08 00:00:00 BC,-111,,,,8
2523,2320,62408,0001-11-08 00:00:00 BC,-111,,,,8
2524,2321,62450,0001-11-08 00:00:00 BC,-111,,,,8
2525,2322,62600,0001-11-08 00:00:00 BC,-111,,,,8
2526,2323,62602,0001-11-08 00:00:00 BC,-111,,,,8
2527,2324,62604,0001-11-08 00:00:00 BC,-111,,,,8
2528,2325,62612,0001-11-08 00:00:00 BC,-111,,,,8
2529,2326,62700,0001-11-08 00:00:00 BC,-111,,,,8
2530,2327,62702,0001-11-08 00:00:00 BC,-111,,,,8
1958,1755,50202,0001-11-08 00:00:00 BC,-111,,,,8
1959,1756,50203,0001-11-08 00:00:00 BC,-111,,,,8
1960,1757,50204,0001-11-08 00:00:00 BC,-111,,,,8
1961,1758,50205,0001-11-08 00:00:00 BC,-111,,,,8
1962,1759,50240,0001-11-08 00:00:00 BC,-111,,,,8
1963,1760,50245,0001-11-08 00:00:00 BC,-111,,,,8
1964,1761,50246,0001-11-08 00:00:00 BC,-111,,,,8
1965,1762,50250,0001-11-08 00:00:00 BC,-111,,,,8
1966,1763,50300,0001-11-08 00:00:00 BC,-111,,,,8
1967,1764,50302,0001-11-08 00:00:00 BC,-111,,,,8
1968,1765,50303,0001-11-08 00:00:00 BC,-111,,,,8
1969,1766,50304,0001-11-08 00:00:00 BC,-111,,,,8
1970,1767,50306,0001-11-08 00:00:00 BC,-111,,,,8
1971,1768,50307,0001-11-08 00:00:00 BC,-111,,,,8
1972,1769,50308,0001-11-08 00:00:00 BC,-111,,,,8
1973,1770,50310,0001-11-08 00:00:00 BC,-111,,,,8
1974,1771,50311,0001-11-08 00:00:00 BC,-111,,,,8
1975,1772,50319,0001-11-08 00:00:00 BC,-111,,,,8
1976,1773,50320,0001-11-08 00:00:00 BC,-111,,,,8
1977,1774,50322,0001-11-08 00:00:00 BC,-111,,,,8
1978,1775,50324,0001-11-08 00:00:00 BC,-111,,,,8
1979,1776,50325,0001-11-08 00:00:00 BC,-111,,,,8
1980,1777,50326,0001-11-08 00:00:00 BC,-111,,,,8
1981,1778,50330,0001-11-08 00:00:00 BC,-111,,,,8
1982,1779,50332,0001-11-08 00:00:00 BC,-111,,,,8
1983,1780,50334,0001-11-08 00:00:00 BC,-111,,,,8
1984,1781,50350,0001-11-08 00:00:00 BC,-111,,,,8
1985,1782,50351,0001-11-08 00:00:00 BC,-111,,,,8
1986,1783,50352,0001-11-08 00:00:00 BC,-111,,,,8
1987,1784,50353,0001-11-08 00:00:00 BC,-111,,,,8
1988,1785,50380,0001-11-08 00:00:00 BC,-111,,,,8
1989,1786,50500,0001-11-08 00:00:00 BC,-111,,,,8
1990,1787,50510,0001-11-08 00:00:00 BC,-111,,,,8
1991,1788,50999,0001-11-08 00:00:00 BC,-111,,,,8
1992,1789,51000,0001-11-08 00:00:00 BC,-111,,,,8
1993,1790,51001,0001-11-08 00:00:00 BC,-111,,,,8
1994,1791,51002,0001-11-08 00:00:00 BC,-111,,,,8
1995,1792,51003,0001-11-08 00:00:00 BC,-111,,,,8
1996,1793,51004,0001-11-08 00:00:00 BC,-111,,,,8
1997,1794,51005,0001-11-08 00:00:00 BC,-111,,,,8
1998,1795,51006,0001-11-08 00:00:00 BC,-111,,,,8
1999,1796,51007,0001-11-08 00:00:00 BC,-111,,,,8
2000,1797,51008,0001-11-08 00:00:00 BC,-111,,,,8
2001,1798,51009,0001-11-08 00:00:00 BC,-111,,,,8
2002,1799,51010,0001-11-08 00:00:00 BC,-111,,,,8
2003,1800,51011,0001-11-08 00:00:00 BC,-111,,,,8
2004,1801,51012,0001-11-08 00:00:00 BC,-111,,,,8
2005,1802,51013,0001-11-08 00:00:00 BC,-111,,,,8
2006,1803,51014,0001-11-08 00:00:00 BC,-111,,,,8
2007,1804,51015,0001-11-08 00:00:00 BC,-111,,,,8
2008,1805,51016,0001-11-08 00:00:00 BC,-111,,,,8
2009,1806,51017,0001-11-08 00:00:00 BC,-111,,,,8
2010,1807,51018,0001-11-08 00:00:00 BC,-111,,,,8
2011,1808,51019,0001-11-08 00:00:00 BC,-111,,,,8
2012,1809,51020,0001-11-08 00:00:00 BC,-111,,,,8
2013,1810,51021,0001-11-08 00:00:00 BC,-111,,,,8
2014,1811,51022,0001-11-08 00:00:00 BC,-111,,,,8
2015,1812,51023,0001-11-08 00:00:00 BC,-111,,,,8
2016,1813,51024,0001-11-08 00:00:00 BC,-111,,,,8
2017,1814,51025,0001-11-08 00:00:00 BC,-111,,,,8
2018,1815,51026,0001-11-08 00:00:00 BC,-111,,,,8
2019,1816,51027,0001-11-08 00:00:00 BC,-111,,,,8
2020,1817,51028,0001-11-08 00:00:00 BC,-111,,,,8
2021,1818,51029,0001-11-08 00:00:00 BC,-111,,,,8
2022,1819,51030,0001-11-08 00:00:00 BC,-111,,,,8
2023,1820,51031,0001-11-08 00:00:00 BC,-111,,,,8
2024,1821,51032,0001-11-08 00:00:00 BC,-111,,,,8
2025,1822,51033,0001-11-08 00:00:00 BC,-111,,,,8
2026,1823,51051,0001-11-08 00:00:00 BC,-111,,,,8
2027,1824,51055,0001-11-08 00:00:00 BC,-111,,,,8
2028,1825,51056,0001-11-08 00:00:00 BC,-111,,,,8
2029,1826,51057,0001-11-08 00:00:00 BC,-111,,,,8
2030,1827,51058,0001-11-08 00:00:00 BC,-111,,,,8
2031,1828,51059,0001-11-08 00:00:00 BC,-111,,,,8
2032,1829,51060,0001-11-08 00:00:00 BC,-111,,,,8
2033,1830,51061,0001-11-08 00:00:00 BC,-111,,,,8
2034,1831,51062,0001-11-08 00:00:00 BC,-111,,,,8
2035,1832,51063,0001-11-08 00:00:00 BC,-111,,,,8
2036,1833,51064,0001-11-08 00:00:00 BC,-111,,,,8
2037,1834,51065,0001-11-08 00:00:00 BC,-111,,,,8
2038,1835,51066,0001-11-08 00:00:00 BC,-111,,,,8
2039,1836,51067,0001-11-08 00:00:00 BC,-111,,,,8
2040,1837,51068,0001-11-08 00:00:00 BC,-111,,,,8
2041,1838,51069,0001-11-08 00:00:00 BC,-111,,,,8
2042,1839,51070,0001-11-08 00:00:00 BC,-111,,,,8
2043,1840,51071,0001-11-08 00:00:00 BC,-111,,,,8
2044,1841,51072,0001-11-08 00:00:00 BC,-111,,,,8
2045,1842,51073,0001-11-08 00:00:00 BC,-111,,,,8
2046,1843,51074,0001-11-08 00:00:00 BC,-111,,,,8
2047,1844,51075,0001-11-08 00:00:00 BC,-111,,,,8
2048,1845,51076,0001-11-08 00:00:00 BC,-111,,,,8
2049,1846,51077,0001-11-08 00:00:00 BC,-111,,,,8
2050,1847,51078,0001-11-08 00:00:00 BC,-111,,,,8
2051,1848,51079,0001-11-08 00:00:00 BC,-111,,,,8
2052,1849,51080,0001-11-08 00:00:00 BC,-111,,,,8
2053,1850,51081,0001-11-08 00:00:00 BC,-111,,,,8
2054,1851,51082,0001-11-08 00:00:00 BC,-111,,,,8
2055,1852,51083,0001-11-08 00:00:00 BC,-111,,,,8
2056,1853,51084,0001-11-08 00:00:00 BC,-111,,,,8
2057,1854,51085,0001-11-08 00:00:00 BC,-111,,,,8
2058,1855,51086,0001-11-08 00:00:00 BC,-111,,,,8
2059,1856,51087,0001-11-08 00:00:00 BC,-111,,,,8
2060,1857,51088,0001-11-08 00:00:00 BC,-111,,,,8
2061,1858,51089,0001-11-08 00:00:00 BC,-111,,,,8
2062,1859,51090,0001-11-08 00:00:00 BC,-111,,,,8
2063,1860,51091,0001-11-08 00:00:00 BC,-111,,,,8
2064,1861,51100,0001-11-08 00:00:00 BC,-111,,,,8
2065,1862,51110,0001-11-08 00:00:00 BC,-111,,,,8
2066,1863,51200,0001-11-08 00:00:00 BC,-111,,,,8
2067,1864,51201,0001-11-08 00:00:00 BC,-111,,,,8
2068,1865,51240,0001-11-08 00:00:00 BC,-111,,,,8
2069,1866,51245,0001-11-08 00:00:00 BC,-111,,,,8
2070,1867,51300,0001-11-08 00:00:00 BC,-111,,,,8
2071,1868,51301,0001-11-08 00:00:00 BC,-111,,,,8
2072,1869,51302,0001-11-08 00:00:00 BC,-111,,,,8
2073,1870,51303,0001-11-08 00:00:00 BC,-111,,,,8
2074,1871,51304,0001-11-08 00:00:00 BC,-111,,,,8
2075,1872,51305,0001-11-08 00:00:00 BC,-111,,,,8
2076,1873,51306,0001-11-08 00:00:00 BC,-111,,,,8
2077,1874,51307,0001-11-08 00:00:00 BC,-111,,,,8
2078,1875,51308,0001-11-08 00:00:00 BC,-111,,,,8
2079,1876,51309,0001-11-08 00:00:00 BC,-111,,,,8
2080,1877,51310,0001-11-08 00:00:00 BC,-111,,,,8
2081,1878,51320,0001-11-08 00:00:00 BC,-111,,,,8
2082,1879,51322,0001-11-08 00:00:00 BC,-111,,,,8
2083,1880,51324,0001-11-08 00:00:00 BC,-111,,,,8
2084,1881,51326,0001-11-08 00:00:00 BC,-111,,,,8
2085,1882,51330,0001-11-08 00:00:00 BC,-111,,,,8
2086,1883,51350,0001-11-08 00:00:00 BC,-111,,,,8
2087,1884,51355,0001-11-08 00:00:00 BC,-111,,,,8
2088,1885,51360,0001-11-08 00:00:00 BC,-111,,,,8
2089,1886,51362,0001-11-08 00:00:00 BC,-111,,,,8
2090,1887,51365,0001-11-08 00:00:00 BC,-111,,,,8
2091,1888,51380,0001-11-08 00:00:00 BC,-111,,,,8
2092,1889,51382,0001-11-08 00:00:00 BC,-111,,,,8
2093,1890,51384,0001-11-08 00:00:00 BC,-111,,,,8
2094,1891,51500,0001-11-08 00:00:00 BC,-111,,,,8
2095,1892,51510,0001-11-08 00:00:00 BC,-111,,,,8
2096,1893,51515,0001-11-08 00:00:00 BC,-111,,,,8
2097,1894,51520,0001-11-08 00:00:00 BC,-111,,,,8
2098,1895,51530,0001-11-08 00:00:00 BC,-111,,,,8
2099,1896,51570,0001-11-08 00:00:00 BC,-111,,,,8
2100,1897,51572,0001-11-08 00:00:00 BC,-111,,,,8
2101,1898,51573,0001-11-08 00:00:00 BC,-111,,,,8
2102,1899,51574,0001-11-08 00:00:00 BC,-111,,,,8
2103,1900,51575,0001-11-08 00:00:00 BC,-111,,,,8
2104,1901,51576,0001-11-08 00:00:00 BC,-111,,,,8
2105,1902,51577,0001-11-08 00:00:00 BC,-111,,,,8
2106,1903,51600,0001-11-08 00:00:00 BC,-111,,,,8
2107,1904,51835,0001-11-08 00:00:00 BC,-111,,,,8
2108,1905,51999,0001-11-08 00:00:00 BC,-111,,,,8
2109,1906,52000,0001-11-08 00:00:00 BC,-111,,,,8
2110,1907,52001,0001-11-08 00:00:00 BC,-111,,,,8
2111,1908,52002,0001-11-08 00:00:00 BC,-111,,,,8
2112,1909,52003,0001-11-08 00:00:00 BC,-111,,,,8
2113,1910,52004,0001-11-08 00:00:00 BC,-111,,,,8
2114,1911,52005,0001-11-08 00:00:00 BC,-111,,,,8
2115,1912,52006,0001-11-08 00:00:00 BC,-111,,,,8
2116,1913,52007,0001-11-08 00:00:00 BC,-111,,,,8
2117,1914,52008,0001-11-08 00:00:00 BC,-111,,,,8
2118,1915,52009,0001-11-08 00:00:00 BC,-111,,,,8
2119,1916,52010,0001-11-08 00:00:00 BC,-111,,,,8
2120,1917,52011,0001-11-08 00:00:00 BC,-111,,,,8
2121,1918,52012,0001-11-08 00:00:00 BC,-111,,,,8
2122,1919,52013,0001-11-08 00:00:00 BC,-111,,,,8
2123,1920,52014,0001-11-08 00:00:00 BC,-111,,,,8
2124,1921,52015,0001-11-08 00:00:00 BC,-111,,,,8
2125,1922,52016,0001-11-08 00:00:00 BC,-111,,,,8
2126,1923,52017,0001-11-08 00:00:00 BC,-111,,,,8
2127,1924,52018,0001-11-08 00:00:00 BC,-111,,,,8
2128,1925,52019,0001-11-08 00:00:00 BC,-111,,,,8
2129,1926,52020,0001-11-08 00:00:00 BC,-111,,,,8
2130,1927,52021,0001-11-08 00:00:00 BC,-111,,,,8
2131,1928,52022,0001-11-08 00:00:00 BC,-111,,,,8
2132,1929,52023,0001-11-08 00:00:00 BC,-111,,,,8
2133,1930,52024,0001-11-08 00:00:00 BC,-111,,,,8
2134,1931,52025,0001-11-08 00:00:00 BC,-111,,,,8
2135,1932,52026,0001-11-08 00:00:00 BC,-111,,,,8
2136,1933,52027,0001-11-08 00:00:00 BC,-111,,,,8
2137,1934,52028,0001-11-08 00:00:00 BC,-111,,,,8
2138,1935,52029,0001-11-08 00:00:00 BC,-111,,,,8
2139,1936,52030,0001-11-08 00:00:00 BC,-111,,,,8
2140,1937,52040,0001-11-08 00:00:00 BC,-111,,,,8
2141,1938,52047,0001-11-08 00:00:00 BC,-111,,,,8
2142,1939,52048,0001-11-08 00:00:00 BC,-111,,,,8
2143,1940,52049,0001-11-08 00:00:00 BC,-111,,,,8
2144,1941,52050,0001-11-08 00:00:00 BC,-111,,,,8
2145,1942,52051,0001-11-08 00:00:00 BC,-111,,,,8
2146,1943,52052,0001-11-08 00:00:00 BC,-111,,,,8
2147,1944,52053,0001-11-08 00:00:00 BC,-111,,,,8
2148,1945,52099,0001-11-08 00:00:00 BC,-111,,,,8
2149,1946,52100,0001-11-08 00:00:00 BC,-111,,,,8
2150,1947,52101,0001-11-08 00:00:00 BC,-111,,,,8
2151,1948,52105,0001-11-08 00:00:00 BC,-111,,,,8
2152,1949,52106,0001-11-08 00:00:00 BC,-111,,,,8
2153,1950,52107,0001-11-08 00:00:00 BC,-111,,,,8
2154,1951,52108,0001-11-08 00:00:00 BC,-111,,,,8
2155,1952,52109,0001-11-08 00:00:00 BC,-111,,,,8
2156,1953,52110,0001-11-08 00:00:00 BC,-111,,,,8
2157,1954,52111,0001-11-08 00:00:00 BC,-111,,,,8
2158,1955,52112,0001-11-08 00:00:00 BC,-111,,,,8
2159,1956,52113,0001-11-08 00:00:00 BC,-111,,,,8
2160,1957,52114,0001-11-08 00:00:00 BC,-111,,,,8
2161,1958,52115,0001-11-08 00:00:00 BC,-111,,,,8
2162,1959,52131,0001-11-08 00:00:00 BC,-111,,,,8
2163,1960,52132,0001-11-08 00:00:00 BC,-111,,,,8
2164,1961,52133,0001-11-08 00:00:00 BC,-111,,,,8
2165,1962,52140,0001-11-08 00:00:00 BC,-111,,,,8
2166,1963,52149,0001-11-08 00:00:00 BC,-111,,,,8
2167,1964,52150,0001-11-08 00:00:00 BC,-111,,,,8
2168,1965,52151,0001-11-08 00:00:00 BC,-111,,,,8
2169,1966,52161,0001-11-08 00:00:00 BC,-111,,,,8
2170,1967,52162,0001-11-08 00:00:00 BC,-111,,,,8
2171,1968,52163,0001-11-08 00:00:00 BC,-111,,,,8
2172,1969,52164,0001-11-08 00:00:00 BC,-111,,,,8
2173,1970,52165,0001-11-08 00:00:00 BC,-111,,,,8
2174,1971,52166,0001-11-08 00:00:00 BC,-111,,,,8
2175,1972,52169,0001-11-08 00:00:00 BC,-111,,,,8
2176,1973,52170,0001-11-08 00:00:00 BC,-111,,,,8
2177,1974,52171,0001-11-08 00:00:00 BC,-111,,,,8
2178,1975,52172,0001-11-08 00:00:00 BC,-111,,,,8
2179,1976,52189,0001-11-08 00:00:00 BC,-111,,,,8
2180,1977,52190,0001-11-08 00:00:00 BC,-111,,,,8
2181,1978,52191,0001-11-08 00:00:00 BC,-111,,,,8
2182,1979,52192,0001-11-08 00:00:00 BC,-111,,,,8
2183,1980,52199,0001-11-08 00:00:00 BC,-111,,,,8
2184,1981,52200,0001-11-08 00:00:00 BC,-111,,,,8
2185,1982,52201,0001-11-08 00:00:00 BC,-111,,,,8
2186,1983,52202,0001-11-08 00:00:00 BC,-111,,,,8
2187,1984,52203,0001-11-08 00:00:00 BC,-111,,,,8
2188,1985,52204,0001-11-08 00:00:00 BC,-111,,,,8
2189,1986,52205,0001-11-08 00:00:00 BC,-111,,,,8
2190,1987,52206,0001-11-08 00:00:00 BC,-111,,,,8
2191,1988,52207,0001-11-08 00:00:00 BC,-111,,,,8
2192,1989,52208,0001-11-08 00:00:00 BC,-111,,,,8
2193,1990,52209,0001-11-08 00:00:00 BC,-111,,,,8
2194,1991,52229,0001-11-08 00:00:00 BC,-111,,,,8
2195,1992,52230,0001-11-08 00:00:00 BC,-111,,,,8
2196,1993,52235,0001-11-08 00:00:00 BC,-111,,,,8
2197,1994,52249,0001-11-08 00:00:00 BC,-111,,,,8
2198,1995,52250,0001-11-08 00:00:00 BC,-111,,,,8
2199,1996,52251,0001-11-08 00:00:00 BC,-111,,,,8
2200,1997,52252,0001-11-08 00:00:00 BC,-111,,,,8
2201,1998,52255,0001-11-08 00:00:00 BC,-111,,,,8
2202,1999,52256,0001-11-08 00:00:00 BC,-111,,,,8
2203,2000,52299,0001-11-08 00:00:00 BC,-111,,,,8
2204,2001,52300,0001-11-08 00:00:00 BC,-111,,,,8
2205,2002,52301,0001-11-08 00:00:00 BC,-111,,,,8
2206,2003,52302,0001-11-08 00:00:00 BC,-111,,,,8
2207,2004,52304,0001-11-08 00:00:00 BC,-111,,,,8
2208,2005,52305,0001-11-08 00:00:00 BC,-111,,,,8
2209,2006,52306,0001-11-08 00:00:00 BC,-111,,,,8
2210,2007,52307,0001-11-08 00:00:00 BC,-111,,,,8
2211,2008,52308,0001-11-08 00:00:00 BC,-111,,,,8
2212,2009,52310,0001-11-08 00:00:00 BC,-111,,,,8
2213,2010,52311,0001-11-08 00:00:00 BC,-111,,,,8
2214,2011,52312,0001-11-08 00:00:00 BC,-111,,,,8
2215,2012,52313,0001-11-08 00:00:00 BC,-111,,,,8
2216,2013,52315,0001-11-08 00:00:00 BC,-111,,,,8
2217,2014,52316,0001-11-08 00:00:00 BC,-111,,,,8
2218,2015,52317,0001-11-08 00:00:00 BC,-111,,,,8
2219,2016,52318,0001-11-08 00:00:00 BC,-111,,,,8
2220,2017,52319,0001-11-08 00:00:00 BC,-111,,,,8
2221,2018,52320,0001-11-08 00:00:00 BC,-111,,,,8
2222,2019,52330,0001-11-08 00:00:00 BC,-111,,,,8
2223,2020,52340,0001-11-08 00:00:00 BC,-111,,,,8
2224,2021,52345,0001-11-08 00:00:00 BC,-111,,,,8
2225,2022,52346,0001-11-08 00:00:00 BC,-111,,,,8
2226,2023,52350,0001-11-08 00:00:00 BC,-111,,,,8
2227,2024,52351,0001-11-08 00:00:00 BC,-111,,,,8
2228,2025,52352,0001-11-08 00:00:00 BC,-111,,,,8
2229,2026,52353,0001-11-08 00:00:00 BC,-111,,,,8
2230,2027,52354,0001-11-08 00:00:00 BC,-111,,,,8
2231,2028,52355,0001-11-08 00:00:00 BC,-111,,,,8
2232,2029,52356,0001-11-08 00:00:00 BC,-111,,,,8
2233,2030,52360,0001-11-08 00:00:00 BC,-111,,,,8
2234,2031,52361,0001-11-08 00:00:00 BC,-111,,,,8
2235,2032,52362,0001-11-08 00:00:00 BC,-111,,,,8
2236,2033,52363,0001-11-08 00:00:00 BC,-111,,,,8
2237,2034,52364,0001-11-08 00:00:00 BC,-111,,,,8
2238,2035,52365,0001-11-08 00:00:00 BC,-111,,,,8
2239,2036,52369,0001-11-08 00:00:00 BC,-111,,,,8
2240,2037,52370,0001-11-08 00:00:00 BC,-111,,,,8
2241,2038,52371,0001-11-08 00:00:00 BC,-111,,,,8
2242,2039,52372,0001-11-08 00:00:00 BC,-111,,,,8
2243,2040,52373,0001-11-08 00:00:00 BC,-111,,,,8
2244,2041,52374,0001-11-08 00:00:00 BC,-111,,,,8
2245,2042,52375,0001-11-08 00:00:00 BC,-111,,,,8
2246,2043,52380,0001-11-08 00:00:00 BC,-111,,,,8
2247,2044,52381,0001-11-08 00:00:00 BC,-111,,,,8
2248,2045,52382,0001-11-08 00:00:00 BC,-111,,,,8
2249,2046,52383,0001-11-08 00:00:00 BC,-111,,,,8
2250,2047,52390,0001-11-08 00:00:00 BC,-111,,,,8
2251,2048,52395,0001-11-08 00:00:00 BC,-111,,,,8
2252,2049,52396,0001-11-08 00:00:00 BC,-111,,,,8
2253,2050,52399,0001-11-08 00:00:00 BC,-111,,,,8
2254,2051,52400,0001-11-08 00:00:00 BC,-111,,,,8
2255,2052,52405,0001-11-08 00:00:00 BC,-111,,,,8
2256,2053,52406,0001-11-08 00:00:00 BC,-111,,,,8
2257,2054,52407,0001-11-08 00:00:00 BC,-111,,,,8
2258,2055,52408,0001-11-08 00:00:00 BC,-111,,,,8
2259,2056,52409,0001-11-08 00:00:00 BC,-111,,,,8
2260,2057,52410,0001-11-08 00:00:00 BC,-111,,,,8
2261,2058,52411,0001-11-08 00:00:00 BC,-111,,,,8
2262,2059,52412,0001-11-08 00:00:00 BC,-111,,,,8
2263,2060,52413,0001-11-08 00:00:00 BC,-111,,,,8
2264,2061,52414,0001-11-08 00:00:00 BC,-111,,,,8
2265,2062,52415,0001-11-08 00:00:00 BC,-111,,,,8
2266,2063,52416,0001-11-08 00:00:00 BC,-111,,,,8
2267,2064,52417,0001-11-08 00:00:00 BC,-111,,,,8
2268,2065,52418,0001-11-08 00:00:00 BC,-111,,,,8
2269,2066,52419,0001-11-08 00:00:00 BC,-111,,,,8
2270,2067,52420,0001-11-08 00:00:00 BC,-111,,,,8
2271,2068,52425,0001-11-08 00:00:00 BC,-111,,,,8
2272,2069,52439,0001-11-08 00:00:00 BC,-111,,,,8
2273,2070,52440,0001-11-08 00:00:00 BC,-111,,,,8
2274,2071,52449,0001-11-08 00:00:00 BC,-111,,,,8
2275,2072,52450,0001-11-08 00:00:00 BC,-111,,,,8
2276,2073,52451,0001-11-08 00:00:00 BC,-111,,,,8
2277,2074,52452,0001-11-08 00:00:00 BC,-111,,,,8
2278,2075,53900,0001-11-08 00:00:00 BC,-111,,,,8
2279,2076,53901,0001-11-08 00:00:00 BC,-111,,,,8
2280,2077,53902,0001-11-08 00:00:00 BC,-111,,,,8
2281,2078,53910,0001-11-08 00:00:00 BC,-111,,,,8
2282,2079,53920,0001-11-08 00:00:00 BC,-111,,,,8
2283,2080,53999,0001-11-08 00:00:00 BC,-111,,,,8
2284,2081,54000,0001-11-08 00:00:00 BC,-111,,,,8
2285,2082,54005,0001-11-08 00:00:00 BC,-111,,,,8
2286,2083,54010,0001-11-08 00:00:00 BC,-111,,,,8
2287,2084,54015,0001-11-08 00:00:00 BC,-111,,,,8
2288,2085,54020,0001-11-08 00:00:00 BC,-111,,,,8
2289,2086,54025,0001-11-08 00:00:00 BC,-111,,,,8
2290,2087,54026,0001-11-08 00:00:00 BC,-111,,,,8
2291,2088,54027,0001-11-08 00:00:00 BC,-111,,,,8
2292,2089,54028,0001-11-08 00:00:00 BC,-111,,,,8
2293,2090,54029,0001-11-08 00:00:00 BC,-111,,,,8
2294,2091,54050,0001-11-08 00:00:00 BC,-111,,,,8
2295,2092,54051,0001-11-08 00:00:00 BC,-111,,,,8
2296,2093,54052,0001-11-08 00:00:00 BC,-111,,,,8
2297,2094,54053,0001-11-08 00:00:00 BC,-111,,,,8
2298,2095,54054,0001-11-08 00:00:00 BC,-111,,,,8
2299,2096,54055,0001-11-08 00:00:00 BC,-111,,,,8
2300,2097,54056,0001-11-08 00:00:00 BC,-111,,,,8
2301,2098,54057,0001-11-08 00:00:00 BC,-111,,,,8
2302,2099,54058,0001-11-08 00:00:00 BC,-111,,,,8
2303,2100,54059,0001-11-08 00:00:00 BC,-111,,,,8
2304,2101,54060,0001-11-08 00:00:00 BC,-111,,,,8
2305,2102,54061,0001-11-08 00:00:00 BC,-111,,,,8
2306,2103,54062,0001-11-08 00:00:00 BC,-111,,,,8
2307,2104,54063,0001-11-08 00:00:00 BC,-111,,,,8
2308,2105,54064,0001-11-08 00:00:00 BC,-111,,,,8
2309,2106,54065,0001-11-08 00:00:00 BC,-111,,,,8
2310,2107,54066,0001-11-08 00:00:00 BC,-111,,,,8
2311,2108,54067,0001-11-08 00:00:00 BC,-111,,,,8
2312,2109,54100,0001-11-08 00:00:00 BC,-111,,,,8
2313,2110,54200,0001-11-08 00:00:00 BC,-111,,,,8
2314,2111,54201,0001-11-08 00:00:00 BC,-111,,,,8
2315,2112,54202,0001-11-08 00:00:00 BC,-111,,,,8
2316,2113,54203,0001-11-08 00:00:00 BC,-111,,,,8
2317,2114,54499,0001-11-08 00:00:00 BC,-111,,,,8
2318,2115,54500,0001-11-08 00:00:00 BC,-111,,,,8
2319,2116,54501,0001-11-08 00:00:00 BC,-111,,,,8
2320,2117,54503,0001-11-08 00:00:00 BC,-111,,,,8
2321,2118,54504,0001-11-08 00:00:00 BC,-111,,,,8
2322,2119,54505,0001-11-08 00:00:00 BC,-111,,,,8
2323,2120,54506,0001-11-08 00:00:00 BC,-111,,,,8
2324,2121,54507,0001-11-08 00:00:00 BC,-111,,,,8
2325,2122,54508,0001-11-08 00:00:00 BC,-111,,,,8
2326,2123,54509,0001-11-08 00:00:00 BC,-111,,,,8
2327,2124,54600,0001-11-08 00:00:00 BC,-111,,,,8
2328,2125,54601,0001-11-08 00:00:00 BC,-111,,,,8
2329,2126,54999,0001-11-08 00:00:00 BC,-111,,,,8
2330,2127,55000,0001-11-08 00:00:00 BC,-111,,,,8
2331,2128,55010,0001-11-08 00:00:00 BC,-111,,,,8
2332,2129,55100,0001-11-08 00:00:00 BC,-111,,,,8
2333,2130,55101,0001-11-08 00:00:00 BC,-111,,,,8
2334,2131,55103,0001-11-08 00:00:00 BC,-111,,,,8
2335,2132,55113,0001-11-08 00:00:00 BC,-111,,,,8
2336,2133,55114,0001-11-08 00:00:00 BC,-111,,,,8
2337,2134,55115,0001-11-08 00:00:00 BC,-111,,,,8
2338,2135,55116,0001-11-08 00:00:00 BC,-111,,,,8
2339,2136,55117,0001-11-08 00:00:00 BC,-111,,,,8
1002,799,15222,0001-11-08 00:00:00 BC,-111,,,,8
1003,800,15223,0001-11-08 00:00:00 BC,-111,,,,8
1004,801,15224,0001-11-08 00:00:00 BC,-111,,,,8
1005,802,15225,0001-11-08 00:00:00 BC,-111,,,,8
1006,803,15290,0001-11-08 00:00:00 BC,-111,,,,8
1007,804,15299,0001-11-08 00:00:00 BC,-111,,,,8
1008,805,15300,0001-11-08 00:00:00 BC,-111,,,,8
1009,806,15301,0001-11-08 00:00:00 BC,-111,,,,8
1010,807,15302,0001-11-08 00:00:00 BC,-111,,,,8
1011,808,15303,0001-11-08 00:00:00 BC,-111,,,,8
1012,809,15304,0001-11-08 00:00:00 BC,-111,,,,8
1013,810,15305,0001-11-08 00:00:00 BC,-111,,,,8
1014,811,15306,0001-11-08 00:00:00 BC,-111,,,,8
1015,812,15307,0001-11-08 00:00:00 BC,-111,,,,8
1016,813,15308,0001-11-08 00:00:00 BC,-111,,,,8
1017,814,15309,0001-11-08 00:00:00 BC,-111,,,,8
1018,815,15310,0001-11-08 00:00:00 BC,-111,,,,8
1019,816,15311,0001-11-08 00:00:00 BC,-111,,,,8
1020,817,15312,0001-11-08 00:00:00 BC,-111,,,,8
1021,818,15313,0001-11-08 00:00:00 BC,-111,,,,8
1022,819,15314,0001-11-08 00:00:00 BC,-111,,,,8
1023,820,15315,0001-11-08 00:00:00 BC,-111,,,,8
1024,821,15316,0001-11-08 00:00:00 BC,-111,,,,8
1025,822,15317,0001-11-08 00:00:00 BC,-111,,,,8
1026,823,15318,0001-11-08 00:00:00 BC,-111,,,,8
1027,824,15319,0001-11-08 00:00:00 BC,-111,,,,8
1028,825,15320,0001-11-08 00:00:00 BC,-111,,,,8
1029,826,15321,0001-11-08 00:00:00 BC,-111,,,,8
1030,827,15322,0001-11-08 00:00:00 BC,-111,,,,8
1031,828,15323,0001-11-08 00:00:00 BC,-111,,,,8
1032,829,15324,0001-11-08 00:00:00 BC,-111,,,,8
1033,830,15340,0001-11-08 00:00:00 BC,-111,,,,8
1034,831,15365,0001-11-08 00:00:00 BC,-111,,,,8
1035,832,15366,0001-11-08 00:00:00 BC,-111,,,,8
1036,833,15367,0001-11-08 00:00:00 BC,-111,,,,8
1037,834,15368,0001-11-08 00:00:00 BC,-111,,,,8
1038,835,15369,0001-11-08 00:00:00 BC,-111,,,,8
1039,836,15370,0001-11-08 00:00:00 BC,-111,,,,8
1040,837,15371,0001-11-08 00:00:00 BC,-111,,,,8
1041,838,15380,0001-11-08 00:00:00 BC,-111,,,,8
1042,839,15400,0001-11-08 00:00:00 BC,-111,,,,8
1043,840,15402,0001-11-08 00:00:00 BC,-111,,,,8
1044,841,15404,0001-11-08 00:00:00 BC,-111,,,,8
1045,842,15405,0001-11-08 00:00:00 BC,-111,,,,8
1046,843,15406,0001-11-08 00:00:00 BC,-111,,,,8
1047,844,15407,0001-11-08 00:00:00 BC,-111,,,,8
1048,845,15408,0001-11-08 00:00:00 BC,-111,,,,8
1049,846,15410,0001-11-08 00:00:00 BC,-111,,,,8
1050,847,15412,0001-11-08 00:00:00 BC,-111,,,,8
1051,848,15414,0001-11-08 00:00:00 BC,-111,,,,8
1052,849,15416,0001-11-08 00:00:00 BC,-111,,,,8
1053,850,15418,0001-11-08 00:00:00 BC,-111,,,,8
1054,851,15420,0001-11-08 00:00:00 BC,-111,,,,8
1055,852,15422,0001-11-08 00:00:00 BC,-111,,,,8
1056,853,15425,0001-11-08 00:00:00 BC,-111,,,,8
1057,854,15426,0001-11-08 00:00:00 BC,-111,,,,8
1058,855,15427,0001-11-08 00:00:00 BC,-111,,,,8
1059,856,15428,0001-11-08 00:00:00 BC,-111,,,,8
1060,857,15450,0001-11-08 00:00:00 BC,-111,,,,8
1061,858,15600,0001-11-08 00:00:00 BC,-111,,,,8
1062,859,15602,0001-11-08 00:00:00 BC,-111,,,,8
1063,860,15604,0001-11-08 00:00:00 BC,-111,,,,8
1064,861,15605,0001-11-08 00:00:00 BC,-111,,,,8
1065,862,15700,0001-11-08 00:00:00 BC,-111,,,,8
1066,863,15701,0001-11-08 00:00:00 BC,-111,,,,8
1067,864,15702,0001-11-08 00:00:00 BC,-111,,,,8
1068,865,15704,0001-11-08 00:00:00 BC,-111,,,,8
1069,866,15706,0001-11-08 00:00:00 BC,-111,,,,8
1070,867,15707,0001-11-08 00:00:00 BC,-111,,,,8
1071,868,15708,0001-11-08 00:00:00 BC,-111,,,,8
1072,869,15709,0001-11-08 00:00:00 BC,-111,,,,8
1073,870,15710,0001-11-08 00:00:00 BC,-111,,,,8
1074,871,15712,0001-11-08 00:00:00 BC,-111,,,,8
1075,872,15713,0001-11-08 00:00:00 BC,-111,,,,8
1076,873,15714,0001-11-08 00:00:00 BC,-111,,,,8
1077,874,15716,0001-11-08 00:00:00 BC,-111,,,,8
1078,875,15718,0001-11-08 00:00:00 BC,-111,,,,8
1079,876,15720,0001-11-08 00:00:00 BC,-111,,,,8
1080,877,15722,0001-11-08 00:00:00 BC,-111,,,,8
1081,878,15724,0001-11-08 00:00:00 BC,-111,,,,8
1082,879,15726,0001-11-08 00:00:00 BC,-111,,,,8
1083,880,15728,0001-11-08 00:00:00 BC,-111,,,,8
1084,881,15730,0001-11-08 00:00:00 BC,-111,,,,8
1085,882,15732,0001-11-08 00:00:00 BC,-111,,,,8
1086,883,15740,0001-11-08 00:00:00 BC,-111,,,,8
1087,884,15741,0001-11-08 00:00:00 BC,-111,,,,8
1088,885,15742,0001-11-08 00:00:00 BC,-111,,,,8
1089,886,15743,0001-11-08 00:00:00 BC,-111,,,,8
1090,887,15744,0001-11-08 00:00:00 BC,-111,,,,8
1091,888,15745,0001-11-08 00:00:00 BC,-111,,,,8
1092,889,15746,0001-11-08 00:00:00 BC,-111,,,,8
1093,890,15747,0001-11-08 00:00:00 BC,-111,,,,8
1094,891,15748,0001-11-08 00:00:00 BC,-111,,,,8
1095,892,15749,0001-11-08 00:00:00 BC,-111,,,,8
1096,893,15750,0001-11-08 00:00:00 BC,-111,,,,8
1097,894,15751,0001-11-08 00:00:00 BC,-111,,,,8
1098,895,15760,0001-11-08 00:00:00 BC,-111,,,,8
1099,896,15762,0001-11-08 00:00:00 BC,-111,,,,8
1100,897,15764,0001-11-08 00:00:00 BC,-111,,,,8
1101,898,15766,0001-11-08 00:00:00 BC,-111,,,,8
1102,899,15768,0001-11-08 00:00:00 BC,-111,,,,8
1103,900,15770,0001-11-08 00:00:00 BC,-111,,,,8
1104,901,15772,0001-11-08 00:00:00 BC,-111,,,,8
1105,902,15774,0001-11-08 00:00:00 BC,-111,,,,8
1106,903,15776,0001-11-08 00:00:00 BC,-111,,,,8
1107,904,15778,0001-11-08 00:00:00 BC,-111,,,,8
1108,905,15780,0001-11-08 00:00:00 BC,-111,,,,8
1109,906,15781,0001-11-08 00:00:00 BC,-111,,,,8
1110,907,15800,0001-11-08 00:00:00 BC,-111,,,,8
1111,908,15802,0001-11-08 00:00:00 BC,-111,,,,8
1112,909,15804,0001-11-08 00:00:00 BC,-111,,,,8
1113,910,15806,0001-11-08 00:00:00 BC,-111,,,,8
1114,911,15820,0001-11-08 00:00:00 BC,-111,,,,8
1115,912,15821,0001-11-08 00:00:00 BC,-111,,,,8
1116,913,15822,0001-11-08 00:00:00 BC,-111,,,,8
1117,914,15824,0001-11-08 00:00:00 BC,-111,,,,8
1118,915,15826,0001-11-08 00:00:00 BC,-111,,,,8
1119,916,15828,0001-11-08 00:00:00 BC,-111,,,,8
1120,917,15830,0001-11-08 00:00:00 BC,-111,,,,8
1121,918,15832,0001-11-08 00:00:00 BC,-111,,,,8
1122,919,15834,0001-11-08 00:00:00 BC,-111,,,,8
1123,920,15835,0001-11-08 00:00:00 BC,-111,,,,8
1124,921,15836,0001-11-08 00:00:00 BC,-111,,,,8
1125,922,15838,0001-11-08 00:00:00 BC,-111,,,,8
1126,923,15840,0001-11-08 00:00:00 BC,-111,,,,8
1127,924,15842,0001-11-08 00:00:00 BC,-111,,,,8
1128,925,15850,0001-11-08 00:00:00 BC,-111,,,,8
1129,926,15852,0001-11-08 00:00:00 BC,-111,,,,8
1130,927,15854,0001-11-08 00:00:00 BC,-111,,,,8
1131,928,15856,0001-11-08 00:00:00 BC,-111,,,,8
1132,929,15857,0001-11-08 00:00:00 BC,-111,,,,8
1133,930,15858,0001-11-08 00:00:00 BC,-111,,,,8
1134,931,15860,0001-11-08 00:00:00 BC,-111,,,,8
1135,932,15861,0001-11-08 00:00:00 BC,-111,,,,8
1136,933,15862,0001-11-08 00:00:00 BC,-111,,,,8
1137,934,15863,0001-11-08 00:00:00 BC,-111,,,,8
1138,935,15864,0001-11-08 00:00:00 BC,-111,,,,8
1139,936,15865,0001-11-08 00:00:00 BC,-111,,,,8
1140,937,15866,0001-11-08 00:00:00 BC,-111,,,,8
1141,938,15900,0001-11-08 00:00:00 BC,-111,,,,8
1142,939,15905,0001-11-08 00:00:00 BC,-111,,,,8
1143,940,15910,0001-11-08 00:00:00 BC,-111,,,,8
1144,941,15915,0001-11-08 00:00:00 BC,-111,,,,8
1145,942,15999,0001-11-08 00:00:00 BC,-111,,,,8
1146,943,16000,0001-11-08 00:00:00 BC,-111,,,,8
1147,944,16005,0001-11-08 00:00:00 BC,-111,,,,8
1148,945,16061,0001-11-08 00:00:00 BC,-111,,,,8
1149,946,16099,0001-11-08 00:00:00 BC,-111,,,,8
1150,947,16100,0001-11-08 00:00:00 BC,-111,,,,8
1151,948,16105,0001-11-08 00:00:00 BC,-111,,,,8
1152,949,16110,0001-11-08 00:00:00 BC,-111,,,,8
1153,950,16111,0001-11-08 00:00:00 BC,-111,,,,8
1154,951,16112,0001-11-08 00:00:00 BC,-111,,,,8
1155,952,16113,0001-11-08 00:00:00 BC,-111,,,,8
1156,953,16114,0001-11-08 00:00:00 BC,-111,,,,8
1157,954,16199,0001-11-08 00:00:00 BC,-111,,,,8
1158,955,16200,0001-11-08 00:00:00 BC,-111,,,,8
1159,956,16205,0001-11-08 00:00:00 BC,-111,,,,8
1160,957,16210,0001-11-08 00:00:00 BC,-111,,,,8
1161,958,16215,0001-11-08 00:00:00 BC,-111,,,,8
1162,959,16220,0001-11-08 00:00:00 BC,-111,,,,8
1163,960,16221,0001-11-08 00:00:00 BC,-111,,,,8
1164,961,16222,0001-11-08 00:00:00 BC,-111,,,,8
1165,962,16223,0001-11-08 00:00:00 BC,-111,,,,8
1166,963,16224,0001-11-08 00:00:00 BC,-111,,,,8
1167,964,16225,0001-11-08 00:00:00 BC,-111,,,,8
1168,965,16226,0001-11-08 00:00:00 BC,-111,,,,8
1169,966,16227,0001-11-08 00:00:00 BC,-111,,,,8
1170,967,16228,0001-11-08 00:00:00 BC,-111,,,,8
1171,968,16229,0001-11-08 00:00:00 BC,-111,,,,8
1172,969,16230,0001-11-08 00:00:00 BC,-111,,,,8
1173,970,16235,0001-11-08 00:00:00 BC,-111,,,,8
1174,971,16236,0001-11-08 00:00:00 BC,-111,,,,8
1175,972,16250,0001-11-08 00:00:00 BC,-111,,,,8
1176,973,16252,0001-11-08 00:00:00 BC,-111,,,,8
1177,974,16254,0001-11-08 00:00:00 BC,-111,,,,8
1178,975,16256,0001-11-08 00:00:00 BC,-111,,,,8
1179,976,16258,0001-11-08 00:00:00 BC,-111,,,,8
1180,977,16260,0001-11-08 00:00:00 BC,-111,,,,8
1181,978,16270,0001-11-08 00:00:00 BC,-111,,,,8
1182,979,16272,0001-11-08 00:00:00 BC,-111,,,,8
1183,980,16274,0001-11-08 00:00:00 BC,-111,,,,8
1184,981,16276,0001-11-08 00:00:00 BC,-111,,,,8
1185,982,16278,0001-11-08 00:00:00 BC,-111,,,,8
1186,983,16280,0001-11-08 00:00:00 BC,-111,,,,8
1187,984,16300,0001-11-08 00:00:00 BC,-111,,,,8
1188,985,16302,0001-11-08 00:00:00 BC,-111,,,,8
1189,986,16304,0001-11-08 00:00:00 BC,-111,,,,8
1190,987,16305,0001-11-08 00:00:00 BC,-111,,,,8
1191,988,16306,0001-11-08 00:00:00 BC,-111,,,,8
1192,989,16307,0001-11-08 00:00:00 BC,-111,,,,8
1193,990,16308,0001-11-08 00:00:00 BC,-111,,,,8
1194,991,16309,0001-11-08 00:00:00 BC,-111,,,,8
1195,992,16310,0001-11-08 00:00:00 BC,-111,,,,8
1196,993,16311,0001-11-08 00:00:00 BC,-111,,,,8
1197,994,16312,0001-11-08 00:00:00 BC,-111,,,,8
1198,995,16313,0001-11-08 00:00:00 BC,-111,,,,8
1199,996,16314,0001-11-08 00:00:00 BC,-111,,,,8
1200,997,16315,0001-11-08 00:00:00 BC,-111,,,,8
1201,998,16316,0001-11-08 00:00:00 BC,-111,,,,8
1202,999,16317,0001-11-08 00:00:00 BC,-111,,,,8
1203,1000,16318,0001-11-08 00:00:00 BC,-111,,,,8
1204,1001,16319,0001-11-08 00:00:00 BC,-111,,,,8
1205,1002,16320,0001-11-08 00:00:00 BC,-111,,,,8
1206,1003,16322,0001-11-08 00:00:00 BC,-111,,,,8
1207,1004,16324,0001-11-08 00:00:00 BC,-111,,,,8
1208,1005,16326,0001-11-08 00:00:00 BC,-111,,,,8
1209,1006,16350,0001-11-08 00:00:00 BC,-111,,,,8
1210,1007,16360,0001-11-08 00:00:00 BC,-111,,,,8
1211,1008,16362,0001-11-08 00:00:00 BC,-111,,,,8
1212,1009,16370,0001-11-08 00:00:00 BC,-111,,,,8
1213,1010,16372,0001-11-08 00:00:00 BC,-111,,,,8
1214,1011,16374,0001-11-08 00:00:00 BC,-111,,,,8
1215,1012,16376,0001-11-08 00:00:00 BC,-111,,,,8
1216,1013,16380,0001-11-08 00:00:00 BC,-111,,,,8
1217,1014,16382,0001-11-08 00:00:00 BC,-111,,,,8
1218,1015,16384,0001-11-08 00:00:00 BC,-111,,,,8
1219,1016,16385,0001-11-08 00:00:00 BC,-111,,,,8
1220,1017,16386,0001-11-08 00:00:00 BC,-111,,,,8
1221,1018,16400,0001-11-08 00:00:00 BC,-111,,,,8
1222,1019,16402,0001-11-08 00:00:00 BC,-111,,,,8
1223,1020,16403,0001-11-08 00:00:00 BC,-111,,,,8
1224,1021,16404,0001-11-08 00:00:00 BC,-111,,,,8
1225,1022,16406,0001-11-08 00:00:00 BC,-111,,,,8
1226,1023,16408,0001-11-08 00:00:00 BC,-111,,,,8
1227,1024,16410,0001-11-08 00:00:00 BC,-111,,,,8
1228,1025,16411,0001-11-08 00:00:00 BC,-111,,,,8
1229,1026,16412,0001-11-08 00:00:00 BC,-111,,,,8
1230,1027,16415,0001-11-08 00:00:00 BC,-111,,,,8
1231,1028,16419,0001-11-08 00:00:00 BC,-111,,,,8
1232,1029,16420,0001-11-08 00:00:00 BC,-111,,,,8
1233,1030,16422,0001-11-08 00:00:00 BC,-111,,,,8
1234,1031,16424,0001-11-08 00:00:00 BC,-111,,,,8
1235,1032,16425,0001-11-08 00:00:00 BC,-111,,,,8
1236,1033,16430,0001-11-08 00:00:00 BC,-111,,,,8
1237,1034,16432,0001-11-08 00:00:00 BC,-111,,,,8
1238,1035,16460,0001-11-08 00:00:00 BC,-111,,,,8
1239,1036,16461,0001-11-08 00:00:00 BC,-111,,,,8
1240,1037,16480,0001-11-08 00:00:00 BC,-111,,,,8
1241,1038,16482,0001-11-08 00:00:00 BC,-111,,,,8
1242,1039,16490,0001-11-08 00:00:00 BC,-111,,,,8
1243,1040,16492,0001-11-08 00:00:00 BC,-111,,,,8
1244,1041,16493,0001-11-08 00:00:00 BC,-111,,,,8
1245,1042,16494,0001-11-08 00:00:00 BC,-111,,,,8
1246,1043,16495,0001-11-08 00:00:00 BC,-111,,,,8
1247,1044,16496,0001-11-08 00:00:00 BC,-111,,,,8
1248,1045,16497,0001-11-08 00:00:00 BC,-111,,,,8
1249,1046,16498,0001-11-08 00:00:00 BC,-111,,,,8
1250,1047,16500,0001-11-08 00:00:00 BC,-111,,,,8
1251,1048,16501,0001-11-08 00:00:00 BC,-111,,,,8
1252,1049,16505,0001-11-08 00:00:00 BC,-111,,,,8
1253,1050,16510,0001-11-08 00:00:00 BC,-111,,,,8
1254,1051,16835,0001-11-08 00:00:00 BC,-111,,,,8
1255,1052,17001,0001-11-08 00:00:00 BC,-111,,,,8
1256,1053,17002,0001-11-08 00:00:00 BC,-111,,,,8
1257,1054,17003,0001-11-08 00:00:00 BC,-111,,,,8
1258,1055,17005,0001-11-08 00:00:00 BC,-111,,,,8
1259,1056,17006,0001-11-08 00:00:00 BC,-111,,,,8
1260,1057,17007,0001-11-08 00:00:00 BC,-111,,,,8
1261,1058,17008,0001-11-08 00:00:00 BC,-111,,,,8
1262,1059,17010,0001-11-08 00:00:00 BC,-111,,,,8
1263,1060,17020,0001-11-08 00:00:00 BC,-111,,,,8
1264,1061,17021,0001-11-08 00:00:00 BC,-111,,,,8
1265,1062,17022,0001-11-08 00:00:00 BC,-111,,,,8
1266,1063,17023,0001-11-08 00:00:00 BC,-111,,,,8
1267,1064,17024,0001-11-08 00:00:00 BC,-111,,,,8
1268,1065,17025,0001-11-08 00:00:00 BC,-111,,,,8
1269,1066,17026,0001-11-08 00:00:00 BC,-111,,,,8
1270,1067,17027,0001-11-08 00:00:00 BC,-111,,,,8
1271,1068,17031,0001-11-08 00:00:00 BC,-111,,,,8
1272,1069,17032,0001-11-08 00:00:00 BC,-111,,,,8
1273,1070,17034,0001-11-08 00:00:00 BC,-111,,,,8
1274,1071,17035,0001-11-08 00:00:00 BC,-111,,,,8
1275,1072,17040,0001-11-08 00:00:00 BC,-111,,,,8
1276,1073,17045,0001-11-08 00:00:00 BC,-111,,,,8
1277,1074,17050,0001-11-08 00:00:00 BC,-111,,,,8
1278,1075,17051,0001-11-08 00:00:00 BC,-111,,,,8
1279,1076,17052,0001-11-08 00:00:00 BC,-111,,,,8
1280,1077,17100,0001-11-08 00:00:00 BC,-111,,,,8
1281,1078,17102,0001-11-08 00:00:00 BC,-111,,,,8
1282,1079,17105,0001-11-08 00:00:00 BC,-111,,,,8
1283,1080,17199,0001-11-08 00:00:00 BC,-111,,,,8
1284,1081,17200,0001-11-08 00:00:00 BC,-111,,,,8
1285,1082,17205,0001-11-08 00:00:00 BC,-111,,,,8
1286,1083,17210,0001-11-08 00:00:00 BC,-111,,,,8
1287,1084,17215,0001-11-08 00:00:00 BC,-111,,,,8
1288,1085,17220,0001-11-08 00:00:00 BC,-111,,,,8
1289,1086,17255,0001-11-08 00:00:00 BC,-111,,,,8
1290,1087,17257,0001-11-08 00:00:00 BC,-111,,,,8
1291,1088,17258,0001-11-08 00:00:00 BC,-111,,,,8
1292,1089,17399,0001-11-08 00:00:00 BC,-111,,,,8
1293,1090,17400,0001-11-08 00:00:00 BC,-111,,,,8
1294,1091,17401,0001-11-08 00:00:00 BC,-111,,,,8
1295,1092,17402,0001-11-08 00:00:00 BC,-111,,,,8
1296,1093,17405,0001-11-08 00:00:00 BC,-111,,,,8
1297,1094,1000,0001-11-08 00:00:00 BC,-111,,,,8
1298,1095,10000,0001-11-08 00:00:00 BC,-111,,,,8
1299,1096,10001,0001-11-08 00:00:00 BC,-111,,,,8
1300,1097,10003,0001-11-08 00:00:00 BC,-111,,,,8
1301,1098,1001,0001-11-08 00:00:00 BC,-111,,,,8
1302,1099,10011,0001-11-08 00:00:00 BC,-111,,,,8
1303,1100,1002,0001-11-08 00:00:00 BC,-111,,,,8
1304,1101,10020,0001-11-08 00:00:00 BC,-111,,,,8
1305,1102,1003,0001-11-08 00:00:00 BC,-111,,,,8
1306,1103,10030,0001-11-08 00:00:00 BC,-111,,,,8
1307,1104,1004,0001-11-08 00:00:00 BC,-111,,,,8
1308,1105,1005,0001-11-08 00:00:00 BC,-111,,,,8
1309,1106,10050,0001-11-08 00:00:00 BC,-111,,,,8
1310,1107,10055,0001-11-08 00:00:00 BC,-111,,,,8
1311,1108,1006,0001-11-08 00:00:00 BC,-111,,,,8
1312,1109,1007,0001-11-08 00:00:00 BC,-111,,,,8
1313,1110,10090,0001-11-08 00:00:00 BC,-111,,,,8
1314,1111,10099,0001-11-08 00:00:00 BC,-111,,,,8
1315,1112,1010,0001-11-08 00:00:00 BC,-111,,,,8
1316,1113,10199,0001-11-08 00:00:00 BC,-111,,,,8
1317,1114,10200,0001-11-08 00:00:00 BC,-111,,,,8
1318,1115,10201,0001-11-08 00:00:00 BC,-111,,,,8
1319,1116,10203,0001-11-08 00:00:00 BC,-111,,,,8
1320,1117,10204,0001-11-08 00:00:00 BC,-111,,,,8
1321,1118,10299,0001-11-08 00:00:00 BC,-111,,,,8
1322,1119,1051,0001-11-08 00:00:00 BC,-111,,,,8
1323,1120,1054,0001-11-08 00:00:00 BC,-111,,,,8
1324,1121,1070,0001-11-08 00:00:00 BC,-111,,,,8
1325,1122,10900,0001-11-08 00:00:00 BC,-111,,,,8
1326,1123,10905,0001-11-08 00:00:00 BC,-111,,,,8
1327,1124,10910,0001-11-08 00:00:00 BC,-111,,,,8
1328,1125,10915,0001-11-08 00:00:00 BC,-111,,,,8
1329,1126,10999,0001-11-08 00:00:00 BC,-111,,,,8
1330,1127,11000,0001-11-08 00:00:00 BC,-111,,,,8
1331,1128,11010,0001-11-08 00:00:00 BC,-111,,,,8
1332,1129,11099,0001-11-08 00:00:00 BC,-111,,,,8
1333,1130,11100,0001-11-08 00:00:00 BC,-111,,,,8
1334,1131,11105,0001-11-08 00:00:00 BC,-111,,,,8
1335,1132,11115,0001-11-08 00:00:00 BC,-111,,,,8
1336,1133,11116,0001-11-08 00:00:00 BC,-111,,,,8
1337,1134,11117,0001-11-08 00:00:00 BC,-111,,,,8
1338,1135,11118,0001-11-08 00:00:00 BC,-111,,,,8
1339,1136,11119,0001-11-08 00:00:00 BC,-111,,,,8
1340,1137,11120,0001-11-08 00:00:00 BC,-111,,,,8
1341,1138,11121,0001-11-08 00:00:00 BC,-111,,,,8
1342,1139,11122,0001-11-08 00:00:00 BC,-111,,,,8
1343,1140,11123,0001-11-08 00:00:00 BC,-111,,,,8
1344,1141,11124,0001-11-08 00:00:00 BC,-111,,,,8
1345,1142,11125,0001-11-08 00:00:00 BC,-111,,,,8
1346,1143,11126,0001-11-08 00:00:00 BC,-111,,,,8
1347,1144,11127,0001-11-08 00:00:00 BC,-111,,,,8
1348,1145,11199,0001-11-08 00:00:00 BC,-111,,,,8
1349,1146,11200,0001-11-08 00:00:00 BC,-111,,,,8
1350,1147,11205,0001-11-08 00:00:00 BC,-111,,,,8
1351,1148,11210,0001-11-08 00:00:00 BC,-111,,,,8
1352,1149,11215,0001-11-08 00:00:00 BC,-111,,,,8
1353,1150,11220,0001-11-08 00:00:00 BC,-111,,,,8
1354,1151,11221,0001-11-08 00:00:00 BC,-111,,,,8
1355,1152,11222,0001-11-08 00:00:00 BC,-111,,,,8
1356,1153,11223,0001-11-08 00:00:00 BC,-111,,,,8
1357,1154,11224,0001-11-08 00:00:00 BC,-111,,,,8
1358,1155,11225,0001-11-08 00:00:00 BC,-111,,,,8
1359,1156,11226,0001-11-08 00:00:00 BC,-111,,,,8
1360,1157,11227,0001-11-08 00:00:00 BC,-111,,,,8
1361,1158,11228,0001-11-08 00:00:00 BC,-111,,,,8
1362,1159,11229,0001-11-08 00:00:00 BC,-111,,,,8
1363,1160,11230,0001-11-08 00:00:00 BC,-111,,,,8
1364,1161,11251,0001-11-08 00:00:00 BC,-111,,,,8
1365,1162,11300,0001-11-08 00:00:00 BC,-111,,,,8
1366,1163,11301,0001-11-08 00:00:00 BC,-111,,,,8
1367,1164,11350,0001-11-08 00:00:00 BC,-111,,,,8
1368,1165,11351,0001-11-08 00:00:00 BC,-111,,,,8
1369,1166,11370,0001-11-08 00:00:00 BC,-111,,,,8
1370,1167,11371,0001-11-08 00:00:00 BC,-111,,,,8
1371,1168,11375,0001-11-08 00:00:00 BC,-111,,,,8
1372,1169,11376,0001-11-08 00:00:00 BC,-111,,,,8
1373,1170,11399,0001-11-08 00:00:00 BC,-111,,,,8
1374,1171,11400,0001-11-08 00:00:00 BC,-111,,,,8
1375,1172,11460,0001-11-08 00:00:00 BC,-111,,,,8
1376,1173,11461,0001-11-08 00:00:00 BC,-111,,,,8
1377,1174,11499,0001-11-08 00:00:00 BC,-111,,,,8
1378,1175,11500,0001-11-08 00:00:00 BC,-111,,,,8
1379,1176,11501,0001-11-08 00:00:00 BC,-111,,,,8
1380,1177,11502,0001-11-08 00:00:00 BC,-111,,,,8
1381,1178,11504,0001-11-08 00:00:00 BC,-111,,,,8
1382,1179,11506,0001-11-08 00:00:00 BC,-111,,,,8
1383,1180,11508,0001-11-08 00:00:00 BC,-111,,,,8
1384,1181,11510,0001-11-08 00:00:00 BC,-111,,,,8
1385,1182,11512,0001-11-08 00:00:00 BC,-111,,,,8
1386,1183,11514,0001-11-08 00:00:00 BC,-111,,,,8
1387,1184,11516,0001-11-08 00:00:00 BC,-111,,,,8
1388,1185,11518,0001-11-08 00:00:00 BC,-111,,,,8
1389,1186,11520,0001-11-08 00:00:00 BC,-111,,,,8
1390,1187,11522,0001-11-08 00:00:00 BC,-111,,,,8
1391,1188,11524,0001-11-08 00:00:00 BC,-111,,,,8
1392,1189,11526,0001-11-08 00:00:00 BC,-111,,,,8
1393,1190,11527,0001-11-08 00:00:00 BC,-111,,,,8
1394,1191,11528,0001-11-08 00:00:00 BC,-111,,,,8
1395,1192,11530,0001-11-08 00:00:00 BC,-111,,,,8
1396,1193,11532,0001-11-08 00:00:00 BC,-111,,,,8
1397,1194,11533,0001-11-08 00:00:00 BC,-111,,,,8
1398,1195,11534,0001-11-08 00:00:00 BC,-111,,,,8
1399,1196,11535,0001-11-08 00:00:00 BC,-111,,,,8
1400,1197,11536,0001-11-08 00:00:00 BC,-111,,,,8
1401,1198,11537,0001-11-08 00:00:00 BC,-111,,,,8
1402,1199,11900,0001-11-08 00:00:00 BC,-111,,,,8
1403,1200,11910,0001-11-08 00:00:00 BC,-111,,,,8
1404,1201,11999,0001-11-08 00:00:00 BC,-111,,,,8
1405,1202,12000,0001-11-08 00:00:00 BC,-111,,,,8
1406,1203,12010,0001-11-08 00:00:00 BC,-111,,,,8
1407,1204,12011,0001-11-08 00:00:00 BC,-111,,,,8
1408,1205,12012,0001-11-08 00:00:00 BC,-111,,,,8
1409,1206,12013,0001-11-08 00:00:00 BC,-111,,,,8
1410,1207,12099,0001-11-08 00:00:00 BC,-111,,,,8
1411,1208,12100,0001-11-08 00:00:00 BC,-111,,,,8
1412,1209,12105,0001-11-08 00:00:00 BC,-111,,,,8
1413,1210,12110,0001-11-08 00:00:00 BC,-111,,,,8
1414,1211,12115,0001-11-08 00:00:00 BC,-111,,,,8
1415,1212,12199,0001-11-08 00:00:00 BC,-111,,,,8
1416,1213,12200,0001-11-08 00:00:00 BC,-111,,,,8
1417,1214,12205,0001-11-08 00:00:00 BC,-111,,,,8
1418,1215,12210,0001-11-08 00:00:00 BC,-111,,,,8
1419,1216,12215,0001-11-08 00:00:00 BC,-111,,,,8
1420,1217,12399,0001-11-08 00:00:00 BC,-111,,,,8
1421,1218,12400,0001-11-08 00:00:00 BC,-111,,,,8
1422,1219,12499,0001-11-08 00:00:00 BC,-111,,,,8
1423,1220,12500,0001-11-08 00:00:00 BC,-111,,,,8
1424,1221,12505,0001-11-08 00:00:00 BC,-111,,,,8
1425,1222,12506,0001-11-08 00:00:00 BC,-111,,,,8
1426,1223,12599,0001-11-08 00:00:00 BC,-111,,,,8
1427,1224,12600,0001-11-08 00:00:00 BC,-111,,,,8
1428,1225,12601,0001-11-08 00:00:00 BC,-111,,,,8
1429,1226,12603,0001-11-08 00:00:00 BC,-111,,,,8
1430,1227,12610,0001-11-08 00:00:00 BC,-111,,,,8
1431,1228,12649,0001-11-08 00:00:00 BC,-111,,,,8
1432,1229,12650,0001-11-08 00:00:00 BC,-111,,,,8
1433,1230,12655,0001-11-08 00:00:00 BC,-111,,,,8
1434,1231,12699,0001-11-08 00:00:00 BC,-111,,,,8
1435,1232,12700,0001-11-08 00:00:00 BC,-111,,,,8
1436,1233,12701,0001-11-08 00:00:00 BC,-111,,,,8
1437,1234,12721,0001-11-08 00:00:00 BC,-111,,,,8
1438,1235,12800,0001-11-08 00:00:00 BC,-111,,,,8
1439,1236,12801,0001-11-08 00:00:00 BC,-111,,,,8
1440,1237,12802,0001-11-08 00:00:00 BC,-111,,,,8
1441,1238,12804,0001-11-08 00:00:00 BC,-111,,,,8
1442,1239,12899,0001-11-08 00:00:00 BC,-111,,,,8
1443,1240,12900,0001-11-08 00:00:00 BC,-111,,,,8
1444,1241,12905,0001-11-08 00:00:00 BC,-111,,,,8
1445,1242,12910,0001-11-08 00:00:00 BC,-111,,,,8
1446,1243,12920,0001-11-08 00:00:00 BC,-111,,,,8
1447,1244,12922,0001-11-08 00:00:00 BC,-111,,,,8
1448,1245,12999,0001-11-08 00:00:00 BC,-111,,,,8
1449,1246,13002,0001-11-08 00:00:00 BC,-111,,,,8
1450,1247,13004,0001-11-08 00:00:00 BC,-111,,,,8
1451,1248,13006,0001-11-08 00:00:00 BC,-111,,,,8
1452,1249,13008,0001-11-08 00:00:00 BC,-111,,,,8
1453,1250,13010,0001-11-08 00:00:00 BC,-111,,,,8
1454,1251,13020,0001-11-08 00:00:00 BC,-111,,,,8
1455,1252,13022,0001-11-08 00:00:00 BC,-111,,,,8
1456,1253,13024,0001-11-08 00:00:00 BC,-111,,,,8
1457,1254,13030,0001-11-08 00:00:00 BC,-111,,,,8
1458,1255,13032,0001-11-08 00:00:00 BC,-111,,,,8
1459,1256,13040,0001-11-08 00:00:00 BC,-111,,,,8
1460,1257,13042,0001-11-08 00:00:00 BC,-111,,,,8
1461,1258,13050,0001-11-08 00:00:00 BC,-111,,,,8
1462,1259,13052,0001-11-08 00:00:00 BC,-111,,,,8
1463,1260,13054,0001-11-08 00:00:00 BC,-111,,,,8
1464,1261,13056,0001-11-08 00:00:00 BC,-111,,,,8
1465,1262,13057,0001-11-08 00:00:00 BC,-111,,,,8
1466,1263,13058,0001-11-08 00:00:00 BC,-111,,,,8
1467,1264,13060,0001-11-08 00:00:00 BC,-111,,,,8
1468,1265,13062,0001-11-08 00:00:00 BC,-111,,,,8
1469,1266,13064,0001-11-08 00:00:00 BC,-111,,,,8
1470,1267,13066,0001-11-08 00:00:00 BC,-111,,,,8
1471,1268,13068,0001-11-08 00:00:00 BC,-111,,,,8
1472,1269,13070,0001-11-08 00:00:00 BC,-111,,,,8
1473,1270,13072,0001-11-08 00:00:00 BC,-111,,,,8
1474,1271,13074,0001-11-08 00:00:00 BC,-111,,,,8
1475,1272,13076,0001-11-08 00:00:00 BC,-111,,,,8
1476,1273,13078,0001-11-08 00:00:00 BC,-111,,,,8
1477,1274,13079,0001-11-08 00:00:00 BC,-111,,,,8
1478,1275,13090,0001-11-08 00:00:00 BC,-111,,,,8
1479,1276,13100,0001-11-08 00:00:00 BC,-111,,,,8
1480,1277,13102,0001-11-08 00:00:00 BC,-111,,,,8
1481,1278,13104,0001-11-08 00:00:00 BC,-111,,,,8
1482,1279,13106,0001-11-08 00:00:00 BC,-111,,,,8
1483,1280,13108,0001-11-08 00:00:00 BC,-111,,,,8
1484,1281,13119,0001-11-08 00:00:00 BC,-111,,,,8
1485,1282,13120,0001-11-08 00:00:00 BC,-111,,,,8
1486,1283,13121,0001-11-08 00:00:00 BC,-111,,,,8
1487,1284,13122,0001-11-08 00:00:00 BC,-111,,,,8
1488,1285,13124,0001-11-08 00:00:00 BC,-111,,,,8
1489,1286,13126,0001-11-08 00:00:00 BC,-111,,,,8
1490,1287,13128,0001-11-08 00:00:00 BC,-111,,,,8
1491,1288,13130,0001-11-08 00:00:00 BC,-111,,,,8
1492,1289,13140,0001-11-08 00:00:00 BC,-111,,,,8
1493,1290,13141,0001-11-08 00:00:00 BC,-111,,,,8
1494,1291,13142,0001-11-08 00:00:00 BC,-111,,,,8
1495,1292,13143,0001-11-08 00:00:00 BC,-111,,,,8
1496,1293,13160,0001-11-08 00:00:00 BC,-111,,,,8
1497,1294,13200,0001-11-08 00:00:00 BC,-111,,,,8
1498,1295,13201,0001-11-08 00:00:00 BC,-111,,,,8
1499,1296,13203,0001-11-08 00:00:00 BC,-111,,,,8
1500,1297,13236,0001-11-08 00:00:00 BC,-111,,,,8
1501,1298,13240,0001-11-08 00:00:00 BC,-111,,,,8
1502,1299,13241,0001-11-08 00:00:00 BC,-111,,,,8
1503,1300,13242,0001-11-08 00:00:00 BC,-111,,,,8
1504,1301,13244,0001-11-08 00:00:00 BC,-111,,,,8
1505,1302,13246,0001-11-08 00:00:00 BC,-111,,,,8
1506,1303,13248,0001-11-08 00:00:00 BC,-111,,,,8
1507,1304,13250,0001-11-08 00:00:00 BC,-111,,,,8
1508,1305,13254,0001-11-08 00:00:00 BC,-111,,,,8
1509,1306,13256,0001-11-08 00:00:00 BC,-111,,,,8
1510,1307,13258,0001-11-08 00:00:00 BC,-111,,,,8
1511,1308,13260,0001-11-08 00:00:00 BC,-111,,,,8
1512,1309,13262,0001-11-08 00:00:00 BC,-111,,,,8
1513,1310,13264,0001-11-08 00:00:00 BC,-111,,,,8
1514,1311,13266,0001-11-08 00:00:00 BC,-111,,,,8
1515,1312,13268,0001-11-08 00:00:00 BC,-111,,,,8
1516,1313,13270,0001-11-08 00:00:00 BC,-111,,,,8
1517,1314,13272,0001-11-08 00:00:00 BC,-111,,,,8
1518,1315,13274,0001-11-08 00:00:00 BC,-111,,,,8
1519,1316,13276,0001-11-08 00:00:00 BC,-111,,,,8
1520,1317,21252,0001-11-08 00:00:00 BC,-111,,,,8
1521,1318,21260,0001-11-08 00:00:00 BC,-111,,,,8
1522,1319,21299,0001-11-08 00:00:00 BC,-111,,,,8
1523,1320,22899,0001-11-08 00:00:00 BC,-111,,,,8
1524,1321,22900,0001-11-08 00:00:00 BC,-111,,,,8
1525,1322,22901,0001-11-08 00:00:00 BC,-111,,,,8
1526,1323,22902,0001-11-08 00:00:00 BC,-111,,,,8
1527,1324,22903,0001-11-08 00:00:00 BC,-111,,,,8
1528,1325,22950,0001-11-08 00:00:00 BC,-111,,,,8
1529,1326,23000,0001-11-08 00:00:00 BC,-111,,,,8
1530,1327,23001,0001-11-08 00:00:00 BC,-111,,,,8
1531,1328,23002,0001-11-08 00:00:00 BC,-111,,,,8
1532,1329,23003,0001-11-08 00:00:00 BC,-111,,,,8
1533,1330,23004,0001-11-08 00:00:00 BC,-111,,,,8
1534,1331,23009,0001-11-08 00:00:00 BC,-111,,,,8
1535,1332,23011,0001-11-08 00:00:00 BC,-111,,,,8
1536,1333,23012,0001-11-08 00:00:00 BC,-111,,,,8
1537,1334,23033,0001-11-08 00:00:00 BC,-111,,,,8
1538,1335,23034,0001-11-08 00:00:00 BC,-111,,,,8
1539,1336,23036,0001-11-08 00:00:00 BC,-111,,,,8
1540,1337,23037,0001-11-08 00:00:00 BC,-111,,,,8
1541,1338,23038,0001-11-08 00:00:00 BC,-111,,,,8
1542,1339,23039,0001-11-08 00:00:00 BC,-111,,,,8
1543,1340,23040,0001-11-08 00:00:00 BC,-111,,,,8
1544,1341,23041,0001-11-08 00:00:00 BC,-111,,,,8
1545,1342,23042,0001-11-08 00:00:00 BC,-111,,,,8
1546,1343,23043,0001-11-08 00:00:00 BC,-111,,,,8
1547,1344,23044,0001-11-08 00:00:00 BC,-111,,,,8
1548,1345,23045,0001-11-08 00:00:00 BC,-111,,,,8
1549,1346,23050,0001-11-08 00:00:00 BC,-111,,,,8
1550,1347,23099,0001-11-08 00:00:00 BC,-111,,,,8
1551,1348,23100,0001-11-08 00:00:00 BC,-111,,,,8
1552,1349,23115,0001-11-08 00:00:00 BC,-111,,,,8
1553,1350,23199,0001-11-08 00:00:00 BC,-111,,,,8
1554,1351,23200,0001-11-08 00:00:00 BC,-111,,,,8
1555,1352,23208,0001-11-08 00:00:00 BC,-111,,,,8
1556,1353,23218,0001-11-08 00:00:00 BC,-111,,,,8
1557,1354,23220,0001-11-08 00:00:00 BC,-111,,,,8
1558,1355,23225,0001-11-08 00:00:00 BC,-111,,,,8
1559,1356,23999,0001-11-08 00:00:00 BC,-111,,,,8
1560,1357,24000,0001-11-08 00:00:00 BC,-111,,,,8
1561,1358,24010,0001-11-08 00:00:00 BC,-111,,,,8
1562,1359,24020,0001-11-08 00:00:00 BC,-111,,,,8
1563,1360,24030,0001-11-08 00:00:00 BC,-111,,,,8
1564,1361,24040,0001-11-08 00:00:00 BC,-111,,,,8
1565,1362,24041,0001-11-08 00:00:00 BC,-111,,,,8
1566,1363,24050,0001-11-08 00:00:00 BC,-111,,,,8
1567,1364,24060,0001-11-08 00:00:00 BC,-111,,,,8
1568,1365,24070,0001-11-08 00:00:00 BC,-111,,,,8
1569,1366,24080,0001-11-08 00:00:00 BC,-111,,,,8
1570,1367,24090,0001-11-08 00:00:00 BC,-111,,,,8
1571,1368,24100,0001-11-08 00:00:00 BC,-111,,,,8
1572,1369,24200,0001-11-08 00:00:00 BC,-111,,,,8
1573,1370,24999,0001-11-08 00:00:00 BC,-111,,,,8
1574,1371,25000,0001-11-08 00:00:00 BC,-111,,,,8
1575,1372,25001,0001-11-08 00:00:00 BC,-111,,,,8
1576,1373,25002,0001-11-08 00:00:00 BC,-111,,,,8
1577,1374,25003,0001-11-08 00:00:00 BC,-111,,,,8
1578,1375,25004,0001-11-08 00:00:00 BC,-111,,,,8
1579,1376,25010,0001-11-08 00:00:00 BC,-111,,,,8
1580,1377,25011,0001-11-08 00:00:00 BC,-111,,,,8
1581,1378,25012,0001-11-08 00:00:00 BC,-111,,,,8
1582,1379,25013,0001-11-08 00:00:00 BC,-111,,,,8
1583,1380,25014,0001-11-08 00:00:00 BC,-111,,,,8
1584,1381,25031,0001-11-08 00:00:00 BC,-111,,,,8
1585,1382,25041,0001-11-08 00:00:00 BC,-111,,,,8
1586,1383,25090,0001-11-08 00:00:00 BC,-111,,,,8
1587,1384,25099,0001-11-08 00:00:00 BC,-111,,,,8
1588,1385,25100,0001-11-08 00:00:00 BC,-111,,,,8
1589,1386,25101,0001-11-08 00:00:00 BC,-111,,,,8
1590,1387,25102,0001-11-08 00:00:00 BC,-111,,,,8
1591,1388,25103,0001-11-08 00:00:00 BC,-111,,,,8
1592,1389,25104,0001-11-08 00:00:00 BC,-111,,,,8
1593,1390,25190,0001-11-08 00:00:00 BC,-111,,,,8
1594,1391,25199,0001-11-08 00:00:00 BC,-111,,,,8
1595,1392,25200,0001-11-08 00:00:00 BC,-111,,,,8
1596,1393,25201,0001-11-08 00:00:00 BC,-111,,,,8
1597,1394,25290,0001-11-08 00:00:00 BC,-111,,,,8
1598,1395,25299,0001-11-08 00:00:00 BC,-111,,,,8
1599,1396,25300,0001-11-08 00:00:00 BC,-111,,,,8
1600,1397,25301,0001-11-08 00:00:00 BC,-111,,,,8
1601,1398,25390,0001-11-08 00:00:00 BC,-111,,,,8
1602,1399,25399,0001-11-08 00:00:00 BC,-111,,,,8
1603,1400,26000,0001-11-08 00:00:00 BC,-111,,,,8
1604,1401,26010,0001-11-08 00:00:00 BC,-111,,,,8
1605,1402,26020,0001-11-08 00:00:00 BC,-111,,,,8
1606,1403,26030,0001-11-08 00:00:00 BC,-111,,,,8
1607,1404,26040,0001-11-08 00:00:00 BC,-111,,,,8
1608,1405,26999,0001-11-08 00:00:00 BC,-111,,,,8
1609,1406,27000,0001-11-08 00:00:00 BC,-111,,,,8
1610,1407,27001,0001-11-08 00:00:00 BC,-111,,,,8
1611,1408,27005,0001-11-08 00:00:00 BC,-111,,,,8
1612,1409,27010,0001-11-08 00:00:00 BC,-111,,,,8
1613,1410,27015,0001-11-08 00:00:00 BC,-111,,,,8
1614,1411,27100,0001-11-08 00:00:00 BC,-111,,,,8
1615,1412,27101,0001-11-08 00:00:00 BC,-111,,,,8
1616,1413,27105,0001-11-08 00:00:00 BC,-111,,,,8
1617,1414,27110,0001-11-08 00:00:00 BC,-111,,,,8
1618,1415,27115,0001-11-08 00:00:00 BC,-111,,,,8
1619,1416,27999,0001-11-08 00:00:00 BC,-111,,,,8
1620,1417,28000,0001-11-08 00:00:00 BC,-111,,,,8
1621,1418,28010,0001-11-08 00:00:00 BC,-111,,,,8
1622,1419,28013,0001-11-08 00:00:00 BC,-111,,,,8
1623,1420,28014,0001-11-08 00:00:00 BC,-111,,,,8
1624,1421,28016,0001-11-08 00:00:00 BC,-111,,,,8
1625,1422,28017,0001-11-08 00:00:00 BC,-111,,,,8
1626,1423,28020,0001-11-08 00:00:00 BC,-111,,,,8
1627,1424,28022,0001-11-08 00:00:00 BC,-111,,,,8
1628,1425,28024,0001-11-08 00:00:00 BC,-111,,,,8
1629,1426,28025,0001-11-08 00:00:00 BC,-111,,,,8
1630,1427,28031,0001-11-08 00:00:00 BC,-111,,,,8
1631,1428,28039,0001-11-08 00:00:00 BC,-111,,,,8
1632,1429,28041,0001-11-08 00:00:00 BC,-111,,,,8
1633,1430,28099,0001-11-08 00:00:00 BC,-111,,,,8
1634,1431,28100,0001-11-08 00:00:00 BC,-111,,,,8
1635,1432,28101,0001-11-08 00:00:00 BC,-111,,,,8
1636,1433,28102,0001-11-08 00:00:00 BC,-111,,,,8
1637,1434,28103,0001-11-08 00:00:00 BC,-111,,,,8
1638,1435,28105,0001-11-08 00:00:00 BC,-111,,,,8
1639,1436,28107,0001-11-08 00:00:00 BC,-111,,,,8
1640,1437,28109,0001-11-08 00:00:00 BC,-111,,,,8
1641,1438,28110,0001-11-08 00:00:00 BC,-111,,,,8
1642,1439,28111,0001-11-08 00:00:00 BC,-111,,,,8
1643,1440,28112,0001-11-08 00:00:00 BC,-111,,,,8
1644,1441,28114,0001-11-08 00:00:00 BC,-111,,,,8
1645,1442,28115,0001-11-08 00:00:00 BC,-111,,,,8
1646,1443,28125,0001-11-08 00:00:00 BC,-111,,,,8
1647,1444,28199,0001-11-08 00:00:00 BC,-111,,,,8
1648,1445,52453,0001-11-08 00:00:00 BC,-111,,,,8
1649,1446,52459,0001-11-08 00:00:00 BC,-111,,,,8
1650,1447,52460,0001-11-08 00:00:00 BC,-111,,,,8
1651,1448,52469,0001-11-08 00:00:00 BC,-111,,,,8
1652,1449,52470,0001-11-08 00:00:00 BC,-111,,,,8
1653,1450,52471,0001-11-08 00:00:00 BC,-111,,,,8
1654,1451,52472,0001-11-08 00:00:00 BC,-111,,,,8
1655,1452,52473,0001-11-08 00:00:00 BC,-111,,,,8
1656,1453,52474,0001-11-08 00:00:00 BC,-111,,,,8
1657,1454,52475,0001-11-08 00:00:00 BC,-111,,,,8
1658,1455,52476,0001-11-08 00:00:00 BC,-111,,,,8
1659,1456,52477,0001-11-08 00:00:00 BC,-111,,,,8
1660,1457,52478,0001-11-08 00:00:00 BC,-111,,,,8
1661,1458,52481,0001-11-08 00:00:00 BC,-111,,,,8
1662,1459,52482,0001-11-08 00:00:00 BC,-111,,,,8
1663,1460,52483,0001-11-08 00:00:00 BC,-111,,,,8
1664,1461,52485,0001-11-08 00:00:00 BC,-111,,,,8
1665,1462,52486,0001-11-08 00:00:00 BC,-111,,,,8
1666,1463,52487,0001-11-08 00:00:00 BC,-111,,,,8
1667,1464,52488,0001-11-08 00:00:00 BC,-111,,,,8
1668,1465,52489,0001-11-08 00:00:00 BC,-111,,,,8
1669,1466,52500,0001-11-08 00:00:00 BC,-111,,,,8
1670,1467,52501,0001-11-08 00:00:00 BC,-111,,,,8
1671,1468,52502,0001-11-08 00:00:00 BC,-111,,,,8
1672,1469,52503,0001-11-08 00:00:00 BC,-111,,,,8
1673,1470,52511,0001-11-08 00:00:00 BC,-111,,,,8
1674,1471,52512,0001-11-08 00:00:00 BC,-111,,,,8
1675,1472,52521,0001-11-08 00:00:00 BC,-111,,,,8
1676,1473,52532,0001-11-08 00:00:00 BC,-111,,,,8
1677,1474,52533,0001-11-08 00:00:00 BC,-111,,,,8
1678,1475,52540,0001-11-08 00:00:00 BC,-111,,,,8
1679,1476,52548,0001-11-08 00:00:00 BC,-111,,,,8
1680,1477,52549,0001-11-08 00:00:00 BC,-111,,,,8
1681,1478,52550,0001-11-08 00:00:00 BC,-111,,,,8
1682,1479,52551,0001-11-08 00:00:00 BC,-111,,,,8
1683,1480,52552,0001-11-08 00:00:00 BC,-111,,,,8
1684,1481,52553,0001-11-08 00:00:00 BC,-111,,,,8
1685,1482,52599,0001-11-08 00:00:00 BC,-111,,,,8
1686,1483,52600,0001-11-08 00:00:00 BC,-111,,,,8
1687,1484,52601,0001-11-08 00:00:00 BC,-111,,,,8
1688,1485,52602,0001-11-08 00:00:00 BC,-111,,,,8
1689,1486,52603,0001-11-08 00:00:00 BC,-111,,,,8
1690,1487,52605,0001-11-08 00:00:00 BC,-111,,,,8
1691,1488,52606,0001-11-08 00:00:00 BC,-111,,,,8
1692,1489,52607,0001-11-08 00:00:00 BC,-111,,,,8
1693,1490,52612,0001-11-08 00:00:00 BC,-111,,,,8
1694,1491,52613,0001-11-08 00:00:00 BC,-111,,,,8
1695,1492,52614,0001-11-08 00:00:00 BC,-111,,,,8
1696,1493,52649,0001-11-08 00:00:00 BC,-111,,,,8
1697,1494,52650,0001-11-08 00:00:00 BC,-111,,,,8
1698,1495,52651,0001-11-08 00:00:00 BC,-111,,,,8
1699,1496,52652,0001-11-08 00:00:00 BC,-111,,,,8
1700,1497,52653,0001-11-08 00:00:00 BC,-111,,,,8
1701,1498,52654,0001-11-08 00:00:00 BC,-111,,,,8
1702,1499,52655,0001-11-08 00:00:00 BC,-111,,,,8
1703,1500,52656,0001-11-08 00:00:00 BC,-111,,,,8
1704,1501,52657,0001-11-08 00:00:00 BC,-111,,,,8
1705,1502,52658,0001-11-08 00:00:00 BC,-111,,,,8
1706,1503,52659,0001-11-08 00:00:00 BC,-111,,,,8
1707,1504,52660,0001-11-08 00:00:00 BC,-111,,,,8
1708,1505,52661,0001-11-08 00:00:00 BC,-111,,,,8
1709,1506,52662,0001-11-08 00:00:00 BC,-111,,,,8
1710,1507,52663,0001-11-08 00:00:00 BC,-111,,,,8
1711,1508,52664,0001-11-08 00:00:00 BC,-111,,,,8
1712,1509,52665,0001-11-08 00:00:00 BC,-111,,,,8
1713,1510,52666,0001-11-08 00:00:00 BC,-111,,,,8
1714,1511,52667,0001-11-08 00:00:00 BC,-111,,,,8
1715,1512,52668,0001-11-08 00:00:00 BC,-111,,,,8
1716,1513,52669,0001-11-08 00:00:00 BC,-111,,,,8
1717,1514,52670,0001-11-08 00:00:00 BC,-111,,,,8
1718,1515,52671,0001-11-08 00:00:00 BC,-111,,,,8
1719,1516,52672,0001-11-08 00:00:00 BC,-111,,,,8
1720,1517,52673,0001-11-08 00:00:00 BC,-111,,,,8
1721,1518,52674,0001-11-08 00:00:00 BC,-111,,,,8
1722,1519,52675,0001-11-08 00:00:00 BC,-111,,,,8
1723,1520,52676,0001-11-08 00:00:00 BC,-111,,,,8
1724,1521,52677,0001-11-08 00:00:00 BC,-111,,,,8
1725,1522,52678,0001-11-08 00:00:00 BC,-111,,,,8
1726,1523,52679,0001-11-08 00:00:00 BC,-111,,,,8
1727,1524,52680,0001-11-08 00:00:00 BC,-111,,,,8
1728,1525,52700,0001-11-08 00:00:00 BC,-111,,,,8
1729,1526,52701,0001-11-08 00:00:00 BC,-111,,,,8
1730,1527,52702,0001-11-08 00:00:00 BC,-111,,,,8
1731,1528,52703,0001-11-08 00:00:00 BC,-111,,,,8
1732,1529,52704,0001-11-08 00:00:00 BC,-111,,,,8
1733,1530,52705,0001-11-08 00:00:00 BC,-111,,,,8
1734,1531,52706,0001-11-08 00:00:00 BC,-111,,,,8
1735,1532,52707,0001-11-08 00:00:00 BC,-111,,,,8
1736,1533,52708,0001-11-08 00:00:00 BC,-111,,,,8
1737,1534,52709,0001-11-08 00:00:00 BC,-111,,,,8
1738,1535,52710,0001-11-08 00:00:00 BC,-111,,,,8
1739,1536,52711,0001-11-08 00:00:00 BC,-111,,,,8
1740,1537,52712,0001-11-08 00:00:00 BC,-111,,,,8
1741,1538,52713,0001-11-08 00:00:00 BC,-111,,,,8
1742,1539,52714,0001-11-08 00:00:00 BC,-111,,,,8
1743,1540,52715,0001-11-08 00:00:00 BC,-111,,,,8
1744,1541,52716,0001-11-08 00:00:00 BC,-111,,,,8
1745,1542,52717,0001-11-08 00:00:00 BC,-111,,,,8
1746,1543,52718,0001-11-08 00:00:00 BC,-111,,,,8
1747,1544,52719,0001-11-08 00:00:00 BC,-111,,,,8
1748,1545,52720,0001-11-08 00:00:00 BC,-111,,,,8
1749,1546,52721,0001-11-08 00:00:00 BC,-111,,,,8
1750,1547,52722,0001-11-08 00:00:00 BC,-111,,,,8
1751,1548,52723,0001-11-08 00:00:00 BC,-111,,,,8
1752,1549,52724,0001-11-08 00:00:00 BC,-111,,,,8
1753,1550,52725,0001-11-08 00:00:00 BC,-111,,,,8
1754,1551,52726,0001-11-08 00:00:00 BC,-111,,,,8
1755,1552,52727,0001-11-08 00:00:00 BC,-111,,,,8
1756,1553,52728,0001-11-08 00:00:00 BC,-111,,,,8
1757,1554,52729,0001-11-08 00:00:00 BC,-111,,,,8
1758,1555,52730,0001-11-08 00:00:00 BC,-111,,,,8
1759,1556,52731,0001-11-08 00:00:00 BC,-111,,,,8
1760,1557,52732,0001-11-08 00:00:00 BC,-111,,,,8
1761,1558,52733,0001-11-08 00:00:00 BC,-111,,,,8
1762,1559,52734,0001-11-08 00:00:00 BC,-111,,,,8
1763,1560,52735,0001-11-08 00:00:00 BC,-111,,,,8
1764,1561,52736,0001-11-08 00:00:00 BC,-111,,,,8
1765,1562,52737,0001-11-08 00:00:00 BC,-111,,,,8
2531,2328,62704,0001-11-08 00:00:00 BC,-111,,,,8
2532,2329,62706,0001-11-08 00:00:00 BC,-111,,,,8
2533,2330,62707,0001-11-08 00:00:00 BC,-111,,,,8
2534,2331,62708,0001-11-08 00:00:00 BC,-111,,,,8
2535,2332,62710,0001-11-08 00:00:00 BC,-111,,,,8
2536,2333,62711,0001-11-08 00:00:00 BC,-111,,,,8
2537,2334,62712,0001-11-08 00:00:00 BC,-111,,,,8
2538,2335,62714,0001-11-08 00:00:00 BC,-111,,,,8
2539,2336,62716,0001-11-08 00:00:00 BC,-111,,,,8
2540,2337,62750,0001-11-08 00:00:00 BC,-111,,,,8
2541,2338,62752,0001-11-08 00:00:00 BC,-111,,,,8
2542,2339,62754,0001-11-08 00:00:00 BC,-111,,,,8
2543,2340,62756,0001-11-08 00:00:00 BC,-111,,,,8
2544,2341,62758,0001-11-08 00:00:00 BC,-111,,,,8
2545,2342,62800,0001-11-08 00:00:00 BC,-111,,,,8
2546,2343,62802,0001-11-08 00:00:00 BC,-111,,,,8
2547,2344,62803,0001-11-08 00:00:00 BC,-111,,,,8
2548,2345,62804,0001-11-08 00:00:00 BC,-111,,,,8
2549,2346,62810,0001-11-08 00:00:00 BC,-111,,,,8
2550,2347,62811,0001-11-08 00:00:00 BC,-111,,,,8
2551,2348,62812,0001-11-08 00:00:00 BC,-111,,,,8
2552,2349,62814,0001-11-08 00:00:00 BC,-111,,,,8
2553,2350,62816,0001-11-08 00:00:00 BC,-111,,,,8
2554,2351,62817,0001-11-08 00:00:00 BC,-111,,,,8
2555,2352,62818,0001-11-08 00:00:00 BC,-111,,,,8
2556,2353,62820,0001-11-08 00:00:00 BC,-111,,,,8
2557,2354,62821,0001-11-08 00:00:00 BC,-111,,,,8
2558,2355,62822,0001-11-08 00:00:00 BC,-111,,,,8
2559,2356,62824,0001-11-08 00:00:00 BC,-111,,,,8
2560,2357,62825,0001-11-08 00:00:00 BC,-111,,,,8
2561,2358,62830,0001-11-08 00:00:00 BC,-111,,,,8
2562,2359,62831,0001-11-08 00:00:00 BC,-111,,,,8
2563,2360,62832,0001-11-08 00:00:00 BC,-111,,,,8
2564,2361,62833,0001-11-08 00:00:00 BC,-111,,,,8
2565,2362,62834,0001-11-08 00:00:00 BC,-111,,,,8
2566,2363,62835,0001-11-08 00:00:00 BC,-111,,,,8
2567,2364,62840,0001-11-08 00:00:00 BC,-111,,,,8
2568,2365,62845,0001-11-08 00:00:00 BC,-111,,,,8
2569,2366,62900,0001-11-08 00:00:00 BC,-111,,,,8
2570,2367,62902,0001-11-08 00:00:00 BC,-111,,,,8
2571,2368,62904,0001-11-08 00:00:00 BC,-111,,,,8
2572,2369,62906,0001-11-08 00:00:00 BC,-111,,,,8
2573,2370,62908,0001-11-08 00:00:00 BC,-111,,,,8
2574,2371,62909,0001-11-08 00:00:00 BC,-111,,,,8
2575,2372,62910,0001-11-08 00:00:00 BC,-111,,,,8
2576,2373,62950,0001-11-08 00:00:00 BC,-111,,,,8
2577,2374,62999,0001-11-08 00:00:00 BC,-111,,,,8
2578,2375,63000,0001-11-08 00:00:00 BC,-111,,,,8
2579,2376,63010,0001-11-08 00:00:00 BC,-111,,,,8
2580,2377,63015,0001-11-08 00:00:00 BC,-111,,,,8
2581,2378,63020,0001-11-08 00:00:00 BC,-111,,,,8
2582,2379,63025,0001-11-08 00:00:00 BC,-111,,,,8
2583,2380,63027,0001-11-08 00:00:00 BC,-111,,,,8
2584,2381,63030,0001-11-08 00:00:00 BC,-111,,,,8
2585,2382,63040,0001-11-08 00:00:00 BC,-111,,,,8
2586,2383,63041,0001-11-08 00:00:00 BC,-111,,,,8
2587,2384,63042,0001-11-08 00:00:00 BC,-111,,,,8
2588,2385,63043,0001-11-08 00:00:00 BC,-111,,,,8
2589,2386,63044,0001-11-08 00:00:00 BC,-111,,,,8
2590,2387,63045,0001-11-08 00:00:00 BC,-111,,,,8
2591,2388,63046,0001-11-08 00:00:00 BC,-111,,,,8
2592,2389,63050,0001-11-08 00:00:00 BC,-111,,,,8
2593,2390,63100,0001-11-08 00:00:00 BC,-111,,,,8
2594,2391,63150,0001-11-08 00:00:00 BC,-111,,,,8
2595,2392,63200,0001-11-08 00:00:00 BC,-111,,,,8
2596,2393,63210,0001-11-08 00:00:00 BC,-111,,,,8
2597,2394,63215,0001-11-08 00:00:00 BC,-111,,,,8
2598,2395,63220,0001-11-08 00:00:00 BC,-111,,,,8
2599,2396,63222,0001-11-08 00:00:00 BC,-111,,,,8
2600,2397,63223,0001-11-08 00:00:00 BC,-111,,,,8
2601,2398,63225,0001-11-08 00:00:00 BC,-111,,,,8
2602,2399,63226,0001-11-08 00:00:00 BC,-111,,,,8
2603,2400,63227,0001-11-08 00:00:00 BC,-111,,,,8
2604,2401,63228,0001-11-08 00:00:00 BC,-111,,,,8
2605,2402,63231,0001-11-08 00:00:00 BC,-111,,,,8
2606,2403,63232,0001-11-08 00:00:00 BC,-111,,,,8
2607,2404,63300,0001-11-08 00:00:00 BC,-111,,,,8
2608,2405,63999,0001-11-08 00:00:00 BC,-111,,,,8
2609,2406,64000,0001-11-08 00:00:00 BC,-111,,,,8
2610,2407,64499,0001-11-08 00:00:00 BC,-111,,,,8
2611,2408,64500,0001-11-08 00:00:00 BC,-111,,,,8
2612,2409,64505,0001-11-08 00:00:00 BC,-111,,,,8
2613,2410,64529,0001-11-08 00:00:00 BC,-111,,,,8
2614,2411,64530,0001-11-08 00:00:00 BC,-111,,,,8
2615,2412,64535,0001-11-08 00:00:00 BC,-111,,,,8
2616,2413,64540,0001-11-08 00:00:00 BC,-111,,,,8
2617,2414,64541,0001-11-08 00:00:00 BC,-111,,,,8
2618,2415,64542,0001-11-08 00:00:00 BC,-111,,,,8
2619,2416,64543,0001-11-08 00:00:00 BC,-111,,,,8
2620,2417,64544,0001-11-08 00:00:00 BC,-111,,,,8
2621,2418,64550,0001-11-08 00:00:00 BC,-111,,,,8
2622,2419,64599,0001-11-08 00:00:00 BC,-111,,,,8
2623,2420,64600,0001-11-08 00:00:00 BC,-111,,,,8
2624,2421,64605,0001-11-08 00:00:00 BC,-111,,,,8
2625,2422,64610,0001-11-08 00:00:00 BC,-111,,,,8
2626,2423,64615,0001-11-08 00:00:00 BC,-111,,,,8
2627,2424,64620,0001-11-08 00:00:00 BC,-111,,,,8
2628,2425,64625,0001-11-08 00:00:00 BC,-111,,,,8
2629,2426,64626,0001-11-08 00:00:00 BC,-111,,,,8
2630,2427,64627,0001-11-08 00:00:00 BC,-111,,,,8
2631,2428,64628,0001-11-08 00:00:00 BC,-111,,,,8
2632,2429,64629,0001-11-08 00:00:00 BC,-111,,,,8
2633,2430,64630,0001-11-08 00:00:00 BC,-111,,,,8
2634,2431,64631,0001-11-08 00:00:00 BC,-111,,,,8
2635,2432,64632,0001-11-08 00:00:00 BC,-111,,,,8
2636,2433,64633,0001-11-08 00:00:00 BC,-111,,,,8
2637,2434,64634,0001-11-08 00:00:00 BC,-111,,,,8
2638,2435,64799,0001-11-08 00:00:00 BC,-111,,,,8
2639,2436,64800,0001-11-08 00:00:00 BC,-111,,,,8
2640,2437,64999,0001-11-08 00:00:00 BC,-111,,,,8
2641,2438,65000,0001-11-08 00:00:00 BC,-111,,,,8
2642,2439,65005,0001-11-08 00:00:00 BC,-111,,,,8
2643,2440,6501,0001-11-08 00:00:00 BC,-111,,,,8
2644,2441,65499,0001-11-08 00:00:00 BC,-111,,,,8
2645,2442,65500,0001-11-08 00:00:00 BC,-111,,,,8
2646,2443,6599,0001-11-08 00:00:00 BC,-111,,,,8
2647,2444,65999,0001-11-08 00:00:00 BC,-111,,,,8
2648,2445,6600,0001-11-08 00:00:00 BC,-111,,,,8
2649,2446,66000,0001-11-08 00:00:00 BC,-111,,,,8
2650,2447,6601,0001-11-08 00:00:00 BC,-111,,,,8
2651,2448,66010,0001-11-08 00:00:00 BC,-111,,,,8
2652,2449,6602,0001-11-08 00:00:00 BC,-111,,,,8
2653,2450,66020,0001-11-08 00:00:00 BC,-111,,,,8
2654,2451,6603,0001-11-08 00:00:00 BC,-111,,,,8
2655,2452,6604,0001-11-08 00:00:00 BC,-111,,,,8
2656,2453,6605,0001-11-08 00:00:00 BC,-111,,,,8
2657,2454,6606,0001-11-08 00:00:00 BC,-111,,,,8
2658,2455,6607,0001-11-08 00:00:00 BC,-111,,,,8
2659,2456,6608,0001-11-08 00:00:00 BC,-111,,,,8
2660,2457,6609,0001-11-08 00:00:00 BC,-111,,,,8
2661,2458,6610,0001-11-08 00:00:00 BC,-111,,,,8
2662,2459,66499,0001-11-08 00:00:00 BC,-111,,,,8
2663,2460,66500,0001-11-08 00:00:00 BC,-111,,,,8
2664,2461,66510,0001-11-08 00:00:00 BC,-111,,,,8
2665,2462,66520,0001-11-08 00:00:00 BC,-111,,,,8
2666,2463,66530,0001-11-08 00:00:00 BC,-111,,,,8
2667,2464,66999,0001-11-08 00:00:00 BC,-111,,,,8
2668,2465,67000,0001-11-08 00:00:00 BC,-111,,,,8
2669,2466,67001,0001-11-08 00:00:00 BC,-111,,,,8
2670,2467,67002,0001-11-08 00:00:00 BC,-111,,,,8
2671,2468,67003,0001-11-08 00:00:00 BC,-111,,,,8
2672,2469,67004,0001-11-08 00:00:00 BC,-111,,,,8
2673,2470,67005,0001-11-08 00:00:00 BC,-111,,,,8
2674,2471,67006,0001-11-08 00:00:00 BC,-111,,,,8
2675,2472,67007,0001-11-08 00:00:00 BC,-111,,,,8
2676,2473,67008,0001-11-08 00:00:00 BC,-111,,,,8
2677,2474,67009,0001-11-08 00:00:00 BC,-111,,,,8
2678,2475,6701,0001-11-08 00:00:00 BC,-111,,,,8
2679,2476,67010,0001-11-08 00:00:00 BC,-111,,,,8
2680,2477,67011,0001-11-08 00:00:00 BC,-111,,,,8
2681,2478,67012,0001-11-08 00:00:00 BC,-111,,,,8
2682,2479,67013,0001-11-08 00:00:00 BC,-111,,,,8
2683,2480,67014,0001-11-08 00:00:00 BC,-111,,,,8
2684,2481,67015,0001-11-08 00:00:00 BC,-111,,,,8
2685,2482,67016,0001-11-08 00:00:00 BC,-111,,,,8
2686,2483,67017,0001-11-08 00:00:00 BC,-111,,,,8
2687,2484,67018,0001-11-08 00:00:00 BC,-111,,,,8
2688,2485,67019,0001-11-08 00:00:00 BC,-111,,,,8
2689,2486,6702,0001-11-08 00:00:00 BC,-111,,,,8
2690,2487,67020,0001-11-08 00:00:00 BC,-111,,,,8
2691,2488,67021,0001-11-08 00:00:00 BC,-111,,,,8
2692,2489,67022,0001-11-08 00:00:00 BC,-111,,,,8
2693,2490,67023,0001-11-08 00:00:00 BC,-111,,,,8
2694,2491,67024,0001-11-08 00:00:00 BC,-111,,,,8
2695,2492,67025,0001-11-08 00:00:00 BC,-111,,,,8
2696,2493,67026,0001-11-08 00:00:00 BC,-111,,,,8
2697,2494,67027,0001-11-08 00:00:00 BC,-111,,,,8
2698,2495,67028,0001-11-08 00:00:00 BC,-111,,,,8
2699,2496,67029,0001-11-08 00:00:00 BC,-111,,,,8
2700,2497,6703,0001-11-08 00:00:00 BC,-111,,,,8
2701,2498,67030,0001-11-08 00:00:00 BC,-111,,,,8
2702,2499,6704,0001-11-08 00:00:00 BC,-111,,,,8
2703,2500,67040,0001-11-08 00:00:00 BC,-111,,,,8
2704,2501,67041,0001-11-08 00:00:00 BC,-111,,,,8
2705,2502,67042,0001-11-08 00:00:00 BC,-111,,,,8
2706,2503,67043,0001-11-08 00:00:00 BC,-111,,,,8
2707,2504,67044,0001-11-08 00:00:00 BC,-111,,,,8
2708,2505,67045,0001-11-08 00:00:00 BC,-111,,,,8
2709,2506,6705,0001-11-08 00:00:00 BC,-111,,,,8
2710,2507,67050,0001-11-08 00:00:00 BC,-111,,,,8
2711,2508,67051,0001-11-08 00:00:00 BC,-111,,,,8
2712,2509,67052,0001-11-08 00:00:00 BC,-111,,,,8
2713,2510,67055,0001-11-08 00:00:00 BC,-111,,,,8
2714,2511,6708,0001-11-08 00:00:00 BC,-111,,,,8
2715,2512,6709,0001-11-08 00:00:00 BC,-111,,,,8
2716,2513,6710,0001-11-08 00:00:00 BC,-111,,,,8
2717,2514,67999,0001-11-08 00:00:00 BC,-111,,,,8
2718,2515,68000,0001-11-08 00:00:00 BC,-111,,,,8
2719,2516,68001,0001-11-08 00:00:00 BC,-111,,,,8
2720,2517,68002,0001-11-08 00:00:00 BC,-111,,,,8
2721,2518,68003,0001-11-08 00:00:00 BC,-111,,,,8
2722,2519,68004,0001-11-08 00:00:00 BC,-111,,,,8
2723,2520,68005,0001-11-08 00:00:00 BC,-111,,,,8
2724,2521,68006,0001-11-08 00:00:00 BC,-111,,,,8
2725,2522,68007,0001-11-08 00:00:00 BC,-111,,,,8
2726,2523,68008,0001-11-08 00:00:00 BC,-111,,,,8
2727,2524,68009,0001-11-08 00:00:00 BC,-111,,,,8
2728,2525,68010,0001-11-08 00:00:00 BC,-111,,,,8
2729,2526,68011,0001-11-08 00:00:00 BC,-111,,,,8
2730,2527,68012,0001-11-08 00:00:00 BC,-111,,,,8
2731,2528,68013,0001-11-08 00:00:00 BC,-111,,,,8
2732,2529,68014,0001-11-08 00:00:00 BC,-111,,,,8
2733,2530,68015,0001-11-08 00:00:00 BC,-111,,,,8
2734,2531,68016,0001-11-08 00:00:00 BC,-111,,,,8
2735,2532,68017,0001-11-08 00:00:00 BC,-111,,,,8
2736,2533,68018,0001-11-08 00:00:00 BC,-111,,,,8
2737,2534,68019,0001-11-08 00:00:00 BC,-111,,,,8
2738,2535,68020,0001-11-08 00:00:00 BC,-111,,,,8
2739,2536,68021,0001-11-08 00:00:00 BC,-111,,,,8
2740,2537,68022,0001-11-08 00:00:00 BC,-111,,,,8
2741,2538,68023,0001-11-08 00:00:00 BC,-111,,,,8
2742,2539,68024,0001-11-08 00:00:00 BC,-111,,,,8
2743,2540,68025,0001-11-08 00:00:00 BC,-111,,,,8
2744,2541,68026,0001-11-08 00:00:00 BC,-111,,,,8
2745,2542,68027,0001-11-08 00:00:00 BC,-111,,,,8
2746,2543,68028,0001-11-08 00:00:00 BC,-111,,,,8
2747,2544,68029,0001-11-08 00:00:00 BC,-111,,,,8
2748,2545,68030,0001-11-08 00:00:00 BC,-111,,,,8
2749,2546,68031,0001-11-08 00:00:00 BC,-111,,,,8
2750,2547,68032,0001-11-08 00:00:00 BC,-111,,,,8
2751,2548,68033,0001-11-08 00:00:00 BC,-111,,,,8
2752,2549,68034,0001-11-08 00:00:00 BC,-111,,,,8
2753,2550,68035,0001-11-08 00:00:00 BC,-111,,,,8
2754,2551,68036,0001-11-08 00:00:00 BC,-111,,,,8
2755,2552,68037,0001-11-08 00:00:00 BC,-111,,,,8
2756,2553,68038,0001-11-08 00:00:00 BC,-111,,,,8
2757,2554,68039,0001-11-08 00:00:00 BC,-111,,,,8
2758,2555,68040,0001-11-08 00:00:00 BC,-111,,,,8
2759,2556,68041,0001-11-08 00:00:00 BC,-111,,,,8
2760,2557,68042,0001-11-08 00:00:00 BC,-111,,,,8
2761,2558,68043,0001-11-08 00:00:00 BC,-111,,,,8
2762,2559,68047,0001-11-08 00:00:00 BC,-111,,,,8
2763,2560,68048,0001-11-08 00:00:00 BC,-111,,,,8
2764,2561,68049,0001-11-08 00:00:00 BC,-111,,,,8
2765,2562,68050,0001-11-08 00:00:00 BC,-111,,,,8
2766,2563,68051,0001-11-08 00:00:00 BC,-111,,,,8
2767,2564,68052,0001-11-08 00:00:00 BC,-111,,,,8
2768,2565,68053,0001-11-08 00:00:00 BC,-111,,,,8
2769,2566,68054,0001-11-08 00:00:00 BC,-111,,,,8
2770,2567,68055,0001-11-08 00:00:00 BC,-111,,,,8
2771,2568,68056,0001-11-08 00:00:00 BC,-111,,,,8
2772,2569,68057,0001-11-08 00:00:00 BC,-111,,,,8
2773,2570,68058,0001-11-08 00:00:00 BC,-111,,,,8
2774,2571,68059,0001-11-08 00:00:00 BC,-111,,,,8
2775,2572,68060,0001-11-08 00:00:00 BC,-111,,,,8
2776,2573,68061,0001-11-08 00:00:00 BC,-111,,,,8
2777,2574,68062,0001-11-08 00:00:00 BC,-111,,,,8
2778,2575,68063,0001-11-08 00:00:00 BC,-111,,,,8
2779,2576,68064,0001-11-08 00:00:00 BC,-111,,,,8
2780,2577,68065,0001-11-08 00:00:00 BC,-111,,,,8
2781,2578,68066,0001-11-08 00:00:00 BC,-111,,,,8
2782,2579,68067,0001-11-08 00:00:00 BC,-111,,,,8
2783,2580,68068,0001-11-08 00:00:00 BC,-111,,,,8
2784,2581,68100,0001-11-08 00:00:00 BC,-111,,,,8
2785,2582,68101,0001-11-08 00:00:00 BC,-111,,,,8
2786,2583,68102,0001-11-08 00:00:00 BC,-111,,,,8
2787,2584,68103,0001-11-08 00:00:00 BC,-111,,,,8
2788,2585,68104,0001-11-08 00:00:00 BC,-111,,,,8
2789,2586,68105,0001-11-08 00:00:00 BC,-111,,,,8
2790,2587,68106,0001-11-08 00:00:00 BC,-111,,,,8
2791,2588,68107,0001-11-08 00:00:00 BC,-111,,,,8
2792,2589,68108,0001-11-08 00:00:00 BC,-111,,,,8
2793,2590,68109,0001-11-08 00:00:00 BC,-111,,,,8
2794,2591,68110,0001-11-08 00:00:00 BC,-111,,,,8
2795,2592,68111,0001-11-08 00:00:00 BC,-111,,,,8
2796,2593,68112,0001-11-08 00:00:00 BC,-111,,,,8
2797,2594,68113,0001-11-08 00:00:00 BC,-111,,,,8
2798,2595,68114,0001-11-08 00:00:00 BC,-111,,,,8
2799,2596,68115,0001-11-08 00:00:00 BC,-111,,,,8
2800,2597,68116,0001-11-08 00:00:00 BC,-111,,,,8
2801,2598,68117,0001-11-08 00:00:00 BC,-111,,,,8
2802,2599,68118,0001-11-08 00:00:00 BC,-111,,,,8
2803,2600,68119,0001-11-08 00:00:00 BC,-111,,,,8
2804,2601,68120,0001-11-08 00:00:00 BC,-111,,,,8
2805,2602,68121,0001-11-08 00:00:00 BC,-111,,,,8
2806,2603,68122,0001-11-08 00:00:00 BC,-111,,,,8
2807,2604,68123,0001-11-08 00:00:00 BC,-111,,,,8
2808,2605,68124,0001-11-08 00:00:00 BC,-111,,,,8
2809,2606,68125,0001-11-08 00:00:00 BC,-111,,,,8
2810,2607,68126,0001-11-08 00:00:00 BC,-111,,,,8
2811,2608,68127,0001-11-08 00:00:00 BC,-111,,,,8
2812,2609,68128,0001-11-08 00:00:00 BC,-111,,,,8
2813,2610,68129,0001-11-08 00:00:00 BC,-111,,,,8
2814,2611,68130,0001-11-08 00:00:00 BC,-111,,,,8
2815,2612,68131,0001-11-08 00:00:00 BC,-111,,,,8
2816,2613,68132,0001-11-08 00:00:00 BC,-111,,,,8
2817,2614,68133,0001-11-08 00:00:00 BC,-111,,,,8
2818,2615,68134,0001-11-08 00:00:00 BC,-111,,,,8
2819,2616,68135,0001-11-08 00:00:00 BC,-111,,,,8
2820,2617,68136,0001-11-08 00:00:00 BC,-111,,,,8
2821,2618,68137,0001-11-08 00:00:00 BC,-111,,,,8
2822,2619,68138,0001-11-08 00:00:00 BC,-111,,,,8
2823,2620,68139,0001-11-08 00:00:00 BC,-111,,,,8
2824,2621,68140,0001-11-08 00:00:00 BC,-111,,,,8
2825,2622,68141,0001-11-08 00:00:00 BC,-111,,,,8
2826,2623,68142,0001-11-08 00:00:00 BC,-111,,,,8
2827,2624,68143,0001-11-08 00:00:00 BC,-111,,,,8
2828,2625,68144,0001-11-08 00:00:00 BC,-111,,,,8
2829,2626,68145,0001-11-08 00:00:00 BC,-111,,,,8
2830,2627,68146,0001-11-08 00:00:00 BC,-111,,,,8
2831,2628,68147,0001-11-08 00:00:00 BC,-111,,,,8
2832,2629,68148,0001-11-08 00:00:00 BC,-111,,,,8
2833,2630,68149,0001-11-08 00:00:00 BC,-111,,,,8
2834,2631,68150,0001-11-08 00:00:00 BC,-111,,,,8
2835,2632,68151,0001-11-08 00:00:00 BC,-111,,,,8
2836,2633,68152,0001-11-08 00:00:00 BC,-111,,,,8
2837,2634,68153,0001-11-08 00:00:00 BC,-111,,,,8
2838,2635,68154,0001-11-08 00:00:00 BC,-111,,,,8
2839,2636,68155,0001-11-08 00:00:00 BC,-111,,,,8
2840,2637,68156,0001-11-08 00:00:00 BC,-111,,,,8
2841,2638,68157,0001-11-08 00:00:00 BC,-111,,,,8
2842,2639,68158,0001-11-08 00:00:00 BC,-111,,,,8
2843,2640,68159,0001-11-08 00:00:00 BC,-111,,,,8
2844,2641,68160,0001-11-08 00:00:00 BC,-111,,,,8
2845,2642,68161,0001-11-08 00:00:00 BC,-111,,,,8
2846,2643,68162,0001-11-08 00:00:00 BC,-111,,,,8
2847,2644,68163,0001-11-08 00:00:00 BC,-111,,,,8
2848,2645,68164,0001-11-08 00:00:00 BC,-111,,,,8
2849,2646,68165,0001-11-08 00:00:00 BC,-111,,,,8
2850,2647,68166,0001-11-08 00:00:00 BC,-111,,,,8
2851,2648,68167,0001-11-08 00:00:00 BC,-111,,,,8
2852,2649,68168,0001-11-08 00:00:00 BC,-111,,,,8
2853,2650,68169,0001-11-08 00:00:00 BC,-111,,,,8
2854,2651,68170,0001-11-08 00:00:00 BC,-111,,,,8
2855,2652,68171,0001-11-08 00:00:00 BC,-111,,,,8
2856,2653,68172,0001-11-08 00:00:00 BC,-111,,,,8
2857,2654,68173,0001-11-08 00:00:00 BC,-111,,,,8
2858,2655,68174,0001-11-08 00:00:00 BC,-111,,,,8
2859,2656,68175,0001-11-08 00:00:00 BC,-111,,,,8
2860,2657,68176,0001-11-08 00:00:00 BC,-111,,,,8
2861,2658,68177,0001-11-08 00:00:00 BC,-111,,,,8
2862,2659,68178,0001-11-08 00:00:00 BC,-111,,,,8
2863,2660,68179,0001-11-08 00:00:00 BC,-111,,,,8
2864,2661,68180,0001-11-08 00:00:00 BC,-111,,,,8
2865,2662,68181,0001-11-08 00:00:00 BC,-111,,,,8
2866,2663,68182,0001-11-08 00:00:00 BC,-111,,,,8
2867,2664,68183,0001-11-08 00:00:00 BC,-111,,,,8
2868,2665,68184,0001-11-08 00:00:00 BC,-111,,,,8
2869,2666,68185,0001-11-08 00:00:00 BC,-111,,,,8
2870,2667,68186,0001-11-08 00:00:00 BC,-111,,,,8
2871,2668,68187,0001-11-08 00:00:00 BC,-111,,,,8
2872,2669,68188,0001-11-08 00:00:00 BC,-111,,,,8
2873,2670,68189,0001-11-08 00:00:00 BC,-111,,,,8
2874,2671,68190,0001-11-08 00:00:00 BC,-111,,,,8
2875,2672,68191,0001-11-08 00:00:00 BC,-111,,,,8
2876,2673,68193,0001-11-08 00:00:00 BC,-111,,,,8
2877,2674,17410,0001-11-08 00:00:00 BC,-111,,,,8
2878,2675,17499,0001-11-08 00:00:00 BC,-111,,,,8
2879,2676,17500,0001-11-08 00:00:00 BC,-111,,,,8
2880,2677,17505,0001-11-08 00:00:00 BC,-111,,,,8
2881,2678,17549,0001-11-08 00:00:00 BC,-111,,,,8
2882,2679,17550,0001-11-08 00:00:00 BC,-111,,,,8
2883,2680,17555,0001-11-08 00:00:00 BC,-111,,,,8
2884,2681,17560,0001-11-08 00:00:00 BC,-111,,,,8
2885,2682,17565,0001-11-08 00:00:00 BC,-111,,,,8
2886,2683,17566,0001-11-08 00:00:00 BC,-111,,,,8
2887,2684,17567,0001-11-08 00:00:00 BC,-111,,,,8
2888,2685,17568,0001-11-08 00:00:00 BC,-111,,,,8
2889,2686,17569,0001-11-08 00:00:00 BC,-111,,,,8
2890,2687,17570,0001-11-08 00:00:00 BC,-111,,,,8
2891,2688,17599,0001-11-08 00:00:00 BC,-111,,,,8
2892,2689,17600,0001-11-08 00:00:00 BC,-111,,,,8
2893,2690,17605,0001-11-08 00:00:00 BC,-111,,,,8
2894,2691,17649,0001-11-08 00:00:00 BC,-111,,,,8
2895,2692,17650,0001-11-08 00:00:00 BC,-111,,,,8
2896,2693,17655,0001-11-08 00:00:00 BC,-111,,,,8
2897,2694,17699,0001-11-08 00:00:00 BC,-111,,,,8
2898,2695,17700,0001-11-08 00:00:00 BC,-111,,,,8
2899,2696,17705,0001-11-08 00:00:00 BC,-111,,,,8
2900,2697,17749,0001-11-08 00:00:00 BC,-111,,,,8
2901,2698,17900,0001-11-08 00:00:00 BC,-111,,,,8
2902,2699,17920,0001-11-08 00:00:00 BC,-111,,,,8
2903,2700,17921,0001-11-08 00:00:00 BC,-111,,,,8
2904,2701,17922,0001-11-08 00:00:00 BC,-111,,,,8
2905,2702,17923,0001-11-08 00:00:00 BC,-111,,,,8
2906,2703,17925,0001-11-08 00:00:00 BC,-111,,,,8
2907,2704,17927,0001-11-08 00:00:00 BC,-111,,,,8
2908,2705,17999,0001-11-08 00:00:00 BC,-111,,,,8
2909,2706,18000,0001-11-08 00:00:00 BC,-111,,,,8
2910,2707,18005,0001-11-08 00:00:00 BC,-111,,,,8
2911,2708,18007,0001-11-08 00:00:00 BC,-111,,,,8
2912,2709,18010,0001-11-08 00:00:00 BC,-111,,,,8
2913,2710,18020,0001-11-08 00:00:00 BC,-111,,,,8
2914,2711,18030,0001-11-08 00:00:00 BC,-111,,,,8
2915,2712,18031,0001-11-08 00:00:00 BC,-111,,,,8
2916,2713,18032,0001-11-08 00:00:00 BC,-111,,,,8
2917,2714,18033,0001-11-08 00:00:00 BC,-111,,,,8
2918,2715,18034,0001-11-08 00:00:00 BC,-111,,,,8
2919,2716,18035,0001-11-08 00:00:00 BC,-111,,,,8
2920,2717,18036,0001-11-08 00:00:00 BC,-111,,,,8
2921,2718,18040,0001-11-08 00:00:00 BC,-111,,,,8
2922,2719,18045,0001-11-08 00:00:00 BC,-111,,,,8
2923,2720,18046,0001-11-08 00:00:00 BC,-111,,,,8
2924,2721,18047,0001-11-08 00:00:00 BC,-111,,,,8
2925,2722,18048,0001-11-08 00:00:00 BC,-111,,,,8
2926,2723,18050,0001-11-08 00:00:00 BC,-111,,,,8
2927,2724,18052,0001-11-08 00:00:00 BC,-111,,,,8
2928,2725,18054,0001-11-08 00:00:00 BC,-111,,,,8
2929,2726,18100,0001-11-08 00:00:00 BC,-111,,,,8
2930,2727,18102,0001-11-08 00:00:00 BC,-111,,,,8
2931,2728,18104,0001-11-08 00:00:00 BC,-111,,,,8
2932,2729,18106,0001-11-08 00:00:00 BC,-111,,,,8
2933,2730,18108,0001-11-08 00:00:00 BC,-111,,,,8
2934,2731,18110,0001-11-08 00:00:00 BC,-111,,,,8
2935,2732,18112,0001-11-08 00:00:00 BC,-111,,,,8
2936,2733,18114,0001-11-08 00:00:00 BC,-111,,,,8
2937,2734,18115,0001-11-08 00:00:00 BC,-111,,,,8
2938,2735,18999,0001-11-08 00:00:00 BC,-111,,,,8
2939,2736,1900,0001-11-08 00:00:00 BC,-111,,,,8
2940,2737,19000,0001-11-08 00:00:00 BC,-111,,,,8
2941,2738,19005,0001-11-08 00:00:00 BC,-111,,,,8
2942,2739,19010,0001-11-08 00:00:00 BC,-111,,,,8
2943,2740,19015,0001-11-08 00:00:00 BC,-111,,,,8
2944,2741,19020,0001-11-08 00:00:00 BC,-111,,,,8
2945,2742,19021,0001-11-08 00:00:00 BC,-111,,,,8
2946,2743,19022,0001-11-08 00:00:00 BC,-111,,,,8
2947,2744,19025,0001-11-08 00:00:00 BC,-111,,,,8
2948,2745,19030,0001-11-08 00:00:00 BC,-111,,,,8
2949,2746,19100,0001-11-08 00:00:00 BC,-111,,,,8
2950,2747,19105,0001-11-08 00:00:00 BC,-111,,,,8
2951,2748,19110,0001-11-08 00:00:00 BC,-111,,,,8
2952,2749,19150,0001-11-08 00:00:00 BC,-111,,,,8
2953,2750,19151,0001-11-08 00:00:00 BC,-111,,,,8
2954,2751,19152,0001-11-08 00:00:00 BC,-111,,,,8
2955,2752,19153,0001-11-08 00:00:00 BC,-111,,,,8
2956,2753,19200,0001-11-08 00:00:00 BC,-111,,,,8
2957,2754,19201,0001-11-08 00:00:00 BC,-111,,,,8
2958,2755,19210,0001-11-08 00:00:00 BC,-111,,,,8
2959,2756,19211,0001-11-08 00:00:00 BC,-111,,,,8
2960,2757,19500,0001-11-08 00:00:00 BC,-111,,,,8
2961,2758,19505,0001-11-08 00:00:00 BC,-111,,,,8
2962,2759,19510,0001-11-08 00:00:00 BC,-111,,,,8
2963,2760,19590,0001-11-08 00:00:00 BC,-111,,,,8
2964,2761,19688,0001-11-08 00:00:00 BC,-111,,,,8
2965,2762,19690,0001-11-08 00:00:00 BC,-111,,,,8
2966,2763,19691,0001-11-08 00:00:00 BC,-111,,,,8
2967,2764,19700,0001-11-08 00:00:00 BC,-111,,,,8
2968,2765,19701,0001-11-08 00:00:00 BC,-111,,,,8
2969,2766,19710,0001-11-08 00:00:00 BC,-111,,,,8
2970,2767,19711,0001-11-08 00:00:00 BC,-111,,,,8
2971,2768,19712,0001-11-08 00:00:00 BC,-111,,,,8
2972,2769,19713,0001-11-08 00:00:00 BC,-111,,,,8
2973,2770,19720,0001-11-08 00:00:00 BC,-111,,,,8
2974,2771,19721,0001-11-08 00:00:00 BC,-111,,,,8
2975,2772,19722,0001-11-08 00:00:00 BC,-111,,,,8
2976,2773,19723,0001-11-08 00:00:00 BC,-111,,,,8
2977,2774,19730,0001-11-08 00:00:00 BC,-111,,,,8
2978,2775,19731,0001-11-08 00:00:00 BC,-111,,,,8
2979,2776,19740,0001-11-08 00:00:00 BC,-111,,,,8
2980,2777,19741,0001-11-08 00:00:00 BC,-111,,,,8
2981,2778,1980,0001-11-08 00:00:00 BC,-111,,,,8
2982,2779,1989,0001-11-08 00:00:00 BC,-111,,,,8
2983,2780,1991,0001-11-08 00:00:00 BC,-111,,,,8
2984,2781,1992,0001-11-08 00:00:00 BC,-111,,,,8
2985,2782,1993,0001-11-08 00:00:00 BC,-111,,,,8
2986,2783,1994,0001-11-08 00:00:00 BC,-111,,,,8
2987,2784,1995,0001-11-08 00:00:00 BC,-111,,,,8
2988,2785,19955,0001-11-08 00:00:00 BC,-111,,,,8
2989,2786,19956,0001-11-08 00:00:00 BC,-111,,,,8
2990,2787,19957,0001-11-08 00:00:00 BC,-111,,,,8
2991,2788,19958,0001-11-08 00:00:00 BC,-111,,,,8
2992,2789,1996,0001-11-08 00:00:00 BC,-111,,,,8
2993,2790,19961,0001-11-08 00:00:00 BC,-111,,,,8
2994,2791,19962,0001-11-08 00:00:00 BC,-111,,,,8
2995,2792,1997,0001-11-08 00:00:00 BC,-111,,,,8
2996,2793,1998,0001-11-08 00:00:00 BC,-111,,,,8
2997,2794,19980,0001-11-08 00:00:00 BC,-111,,,,8
2998,2795,19982,0001-11-08 00:00:00 BC,-111,,,,8
2999,2796,19983,0001-11-08 00:00:00 BC,-111,,,,8
3000,2797,1999,0001-11-08 00:00:00 BC,-111,,,,8
3001,2798,19999,0001-11-08 00:00:00 BC,-111,,,,8
3002,2799,2000,0001-11-08 00:00:00 BC,-111,,,,8
3003,2800,20000,0001-11-08 00:00:00 BC,-111,,,,8
3004,2801,2001,0001-11-08 00:00:00 BC,-111,,,,8
3005,2802,20010,0001-11-08 00:00:00 BC,-111,,,,8
3006,2803,20020,0001-11-08 00:00:00 BC,-111,,,,8
3007,2804,20030,0001-11-08 00:00:00 BC,-111,,,,8
3008,2805,20050,0001-11-08 00:00:00 BC,-111,,,,8
3009,2806,20051,0001-11-08 00:00:00 BC,-111,,,,8
3010,2807,20999,0001-11-08 00:00:00 BC,-111,,,,8
3011,2808,21001,0001-11-08 00:00:00 BC,-111,,,,8
3012,2809,21002,0001-11-08 00:00:00 BC,-111,,,,8
3013,2810,21003,0001-11-08 00:00:00 BC,-111,,,,8
3014,2811,21006,0001-11-08 00:00:00 BC,-111,,,,8
3015,2812,21007,0001-11-08 00:00:00 BC,-111,,,,8
3016,2813,21008,0001-11-08 00:00:00 BC,-111,,,,8
3017,2814,21009,0001-11-08 00:00:00 BC,-111,,,,8
3018,2815,21011,0001-11-08 00:00:00 BC,-111,,,,8
3019,2816,21012,0001-11-08 00:00:00 BC,-111,,,,8
3020,2817,21013,0001-11-08 00:00:00 BC,-111,,,,8
3021,2818,21014,0001-11-08 00:00:00 BC,-111,,,,8
3022,2819,21015,0001-11-08 00:00:00 BC,-111,,,,8
3023,2820,21025,0001-11-08 00:00:00 BC,-111,,,,8
3024,2821,21026,0001-11-08 00:00:00 BC,-111,,,,8
3025,2822,21027,0001-11-08 00:00:00 BC,-111,,,,8
3026,2823,21038,0001-11-08 00:00:00 BC,-111,,,,8
3027,2824,21039,0001-11-08 00:00:00 BC,-111,,,,8
3028,2825,21040,0001-11-08 00:00:00 BC,-111,,,,8
3029,2826,21044,0001-11-08 00:00:00 BC,-111,,,,8
3030,2827,21045,0001-11-08 00:00:00 BC,-111,,,,8
3031,2828,21049,0001-11-08 00:00:00 BC,-111,,,,8
3032,2829,21052,0001-11-08 00:00:00 BC,-111,,,,8
3033,2830,21054,0001-11-08 00:00:00 BC,-111,,,,8
3034,2831,21055,0001-11-08 00:00:00 BC,-111,,,,8
3035,2832,21057,0001-11-08 00:00:00 BC,-111,,,,8
3036,2833,21061,0001-11-08 00:00:00 BC,-111,,,,8
3037,2834,21062,0001-11-08 00:00:00 BC,-111,,,,8
3038,2835,21064,0001-11-08 00:00:00 BC,-111,,,,8
3039,2836,21068,0001-11-08 00:00:00 BC,-111,,,,8
3040,2837,21074,0001-11-08 00:00:00 BC,-111,,,,8
3041,2838,21075,0001-11-08 00:00:00 BC,-111,,,,8
3042,2839,21076,0001-11-08 00:00:00 BC,-111,,,,8
3043,2840,21077,0001-11-08 00:00:00 BC,-111,,,,8
3044,2841,21078,0001-11-08 00:00:00 BC,-111,,,,8
3045,2842,21079,0001-11-08 00:00:00 BC,-111,,,,8
3046,2843,21080,0001-11-08 00:00:00 BC,-111,,,,8
3047,2844,21081,0001-11-08 00:00:00 BC,-111,,,,8
3048,2845,21082,0001-11-08 00:00:00 BC,-111,,,,8
3049,2846,21083,0001-11-08 00:00:00 BC,-111,,,,8
3050,2847,21084,0001-11-08 00:00:00 BC,-111,,,,8
3051,2848,21085,0001-11-08 00:00:00 BC,-111,,,,8
3052,2849,21086,0001-11-08 00:00:00 BC,-111,,,,8
3053,2850,21087,0001-11-08 00:00:00 BC,-111,,,,8
3054,2851,21088,0001-11-08 00:00:00 BC,-111,,,,8
3055,2852,21090,0001-11-08 00:00:00 BC,-111,,,,8
3056,2853,21094,0001-11-08 00:00:00 BC,-111,,,,8
3057,2854,21096,0001-11-08 00:00:00 BC,-111,,,,8
3058,2855,21099,0001-11-08 00:00:00 BC,-111,,,,8
3059,2856,21101,0001-11-08 00:00:00 BC,-111,,,,8
3060,2857,21105,0001-11-08 00:00:00 BC,-111,,,,8
3061,2858,21200,0001-11-08 00:00:00 BC,-111,,,,8
3062,2859,21201,0001-11-08 00:00:00 BC,-111,,,,8
3063,2860,21210,0001-11-08 00:00:00 BC,-111,,,,8
3064,2861,21249,0001-11-08 00:00:00 BC,-111,,,,8
3065,2862,21250,0001-11-08 00:00:00 BC,-111,,,,8
3066,2863,21251,0001-11-08 00:00:00 BC,-111,,,,8
3067,2864,53530,0001-11-08 00:00:00 BC,-111,,,,8
3068,2865,68194,0001-11-08 00:00:00 BC,-111,,,,8
3069,2866,68195,0001-11-08 00:00:00 BC,-111,,,,8
3070,2867,68196,0001-11-08 00:00:00 BC,-111,,,,8
3071,2868,68197,0001-11-08 00:00:00 BC,-111,,,,8
3072,2869,68198,0001-11-08 00:00:00 BC,-111,,,,8
3073,2870,68199,0001-11-08 00:00:00 BC,-111,,,,8
3074,2871,68200,0001-11-08 00:00:00 BC,-111,,,,8
3075,2872,68201,0001-11-08 00:00:00 BC,-111,,,,8
3076,2873,68202,0001-11-08 00:00:00 BC,-111,,,,8
3077,2874,68203,0001-11-08 00:00:00 BC,-111,,,,8
3078,2875,68204,0001-11-08 00:00:00 BC,-111,,,,8
3079,2876,68205,0001-11-08 00:00:00 BC,-111,,,,8
3080,2877,68206,0001-11-08 00:00:00 BC,-111,,,,8
3081,2878,68207,0001-11-08 00:00:00 BC,-111,,,,8
3082,2879,68208,0001-11-08 00:00:00 BC,-111,,,,8
3083,2880,68250,0001-11-08 00:00:00 BC,-111,,,,8
3084,2881,68255,0001-11-08 00:00:00 BC,-111,,,,8
3085,2882,68999,0001-11-08 00:00:00 BC,-111,,,,8
3086,2883,69900,0001-11-08 00:00:00 BC,-111,,,,8
3087,2884,6999,0001-11-08 00:00:00 BC,-111,,,,8
3088,2885,69999,0001-11-08 00:00:00 BC,-111,,,,8
3089,2886,7000,0001-11-08 00:00:00 BC,-111,,,,8
3090,2887,7002,0001-11-08 00:00:00 BC,-111,,,,8
3091,2888,7005,0001-11-08 00:00:00 BC,-111,,,,8
3092,2889,7010,0001-11-08 00:00:00 BC,-111,,,,8
3093,2890,7020,0001-11-08 00:00:00 BC,-111,,,,8
3094,2891,7023,0001-11-08 00:00:00 BC,-111,,,,8
3095,2892,7024,0001-11-08 00:00:00 BC,-111,,,,8
3096,2893,7025,0001-11-08 00:00:00 BC,-111,,,,8
3097,2894,7026,0001-11-08 00:00:00 BC,-111,,,,8
3098,2895,7028,0001-11-08 00:00:00 BC,-111,,,,8
3099,2896,7050,0001-11-08 00:00:00 BC,-111,,,,8
3100,2897,7053,0001-11-08 00:00:00 BC,-111,,,,8
3101,2898,7055,0001-11-08 00:00:00 BC,-111,,,,8
3102,2899,7070,0001-11-08 00:00:00 BC,-111,,,,8
3103,2900,7072,0001-11-08 00:00:00 BC,-111,,,,8
3104,2901,7075,0001-11-08 00:00:00 BC,-111,,,,8
3105,2902,7100,0001-11-08 00:00:00 BC,-111,,,,8
3106,2903,7105,0001-11-08 00:00:00 BC,-111,,,,8
3107,2904,7106,0001-11-08 00:00:00 BC,-111,,,,8
3108,2905,7110,0001-11-08 00:00:00 BC,-111,,,,8
3109,2906,7120,0001-11-08 00:00:00 BC,-111,,,,8
3110,2907,7126,0001-11-08 00:00:00 BC,-111,,,,8
3111,2908,7502,0001-11-08 00:00:00 BC,-111,,,,8
3112,2909,7510,0001-11-08 00:00:00 BC,-111,,,,8
3113,2910,7530,0001-11-08 00:00:00 BC,-111,,,,8
3114,2911,7540,0001-11-08 00:00:00 BC,-111,,,,8
3115,2912,7560,0001-11-08 00:00:00 BC,-111,,,,8
3116,2913,7570,0001-11-08 00:00:00 BC,-111,,,,8
3117,2914,7600,0001-11-08 00:00:00 BC,-111,,,,8
3118,2915,7606,0001-11-08 00:00:00 BC,-111,,,,8
3119,2916,7730,0001-11-08 00:00:00 BC,-111,,,,8
3120,2917,8058,0001-11-08 00:00:00 BC,-111,,,,8
3121,2918,8062,0001-11-08 00:00:00 BC,-111,,,,8
3122,2919,8070,0001-11-08 00:00:00 BC,-111,,,,8
3123,2920,8072,0001-11-08 00:00:00 BC,-111,,,,8
3124,2921,8075,0001-11-08 00:00:00 BC,-111,,,,8
3125,2922,8080,0001-11-08 00:00:00 BC,-111,,,,8
3126,2923,8082,0001-11-08 00:00:00 BC,-111,,,,8
3127,2924,8085,0001-11-08 00:00:00 BC,-111,,,,8
3128,2925,8086,0001-11-08 00:00:00 BC,-111,,,,8
3129,2926,8087,0001-11-08 00:00:00 BC,-111,,,,8
3130,2927,8090,0001-11-08 00:00:00 BC,-111,,,,8
3131,2928,8200,0001-11-08 00:00:00 BC,-111,,,,8
3132,2929,8201,0001-11-08 00:00:00 BC,-111,,,,8
3133,2930,8202,0001-11-08 00:00:00 BC,-111,,,,8
3134,2931,8203,0001-11-08 00:00:00 BC,-111,,,,8
3135,2932,8220,0001-11-08 00:00:00 BC,-111,,,,8
3136,2933,8599,0001-11-08 00:00:00 BC,-111,,,,8
3137,2934,8800,0001-11-08 00:00:00 BC,-111,,,,8
3138,2935,8801,0001-11-08 00:00:00 BC,-111,,,,8
3139,2936,8802,0001-11-08 00:00:00 BC,-111,,,,8
3140,2937,8803,0001-11-08 00:00:00 BC,-111,,,,8
3141,2938,8804,0001-11-08 00:00:00 BC,-111,,,,8
3142,2939,8805,0001-11-08 00:00:00 BC,-111,,,,8
3143,2940,8806,0001-11-08 00:00:00 BC,-111,,,,8
3144,2941,8810,0001-11-08 00:00:00 BC,-111,,,,8
3145,2942,8811,0001-11-08 00:00:00 BC,-111,,,,8
3146,2943,8999,0001-11-08 00:00:00 BC,-111,,,,8
3147,2944,9000,0001-11-08 00:00:00 BC,-111,,,,8
3148,2945,9001,0001-11-08 00:00:00 BC,-111,,,,8
3149,2946,9004,0001-11-08 00:00:00 BC,-111,,,,8
3150,2947,9015,0001-11-08 00:00:00 BC,-111,,,,8
3151,2948,9020,0001-11-08 00:00:00 BC,-111,,,,8
3152,2949,9500,0001-11-08 00:00:00 BC,-111,,,,8
3153,2950,9505,0001-11-08 00:00:00 BC,-111,,,,8
3154,2951,9510,0001-11-08 00:00:00 BC,-111,,,,8
3155,2952,9515,0001-11-08 00:00:00 BC,-111,,,,8
3156,2953,9520,0001-11-08 00:00:00 BC,-111,,,,8
3157,2954,9560,0001-11-08 00:00:00 BC,-111,,,,8
3158,2955,9570,0001-11-08 00:00:00 BC,-111,,,,8
3159,2956,9584,0001-11-08 00:00:00 BC,-111,,,,8
3160,2957,9586,0001-11-08 00:00:00 BC,-111,,,,8
3161,2958,9587,0001-11-08 00:00:00 BC,-111,,,,8
3162,2959,9588,0001-11-08 00:00:00 BC,-111,,,,8
3163,2960,9589,0001-11-08 00:00:00 BC,-111,,,,8
3164,2961,9590,0001-11-08 00:00:00 BC,-111,,,,8
3165,2962,9591,0001-11-08 00:00:00 BC,-111,,,,8
3166,2963,9592,0001-11-08 00:00:00 BC,-111,,,,8
3167,2964,9593,0001-11-08 00:00:00 BC,-111,,,,8
3168,2965,9594,0001-11-08 00:00:00 BC,-111,,,,8
3169,2966,9595,0001-11-08 00:00:00 BC,-111,,,,8
3170,2967,9596,0001-11-08 00:00:00 BC,-111,,,,8
3171,2968,9597,0001-11-08 00:00:00 BC,-111,,,,8
3172,2969,9598,0001-11-08 00:00:00 BC,-111,,,,8
3173,2970,9599,0001-11-08 00:00:00 BC,-111,,,,8
3174,2971,9600,0001-11-08 00:00:00 BC,-111,,,,8
3175,2972,9601,0001-11-08 00:00:00 BC,-111,,,,8
3176,2973,9602,0001-11-08 00:00:00 BC,-111,,,,8
3177,2974,9603,0001-11-08 00:00:00 BC,-111,,,,8
3178,2975,9604,0001-11-08 00:00:00 BC,-111,,,,8
3179,2976,9605,0001-11-08 00:00:00 BC,-111,,,,8
3180,2977,9606,0001-11-08 00:00:00 BC,-111,,,,8
3181,2978,9607,0001-11-08 00:00:00 BC,-111,,,,8
3182,2979,9608,0001-11-08 00:00:00 BC,-111,,,,8
3183,2980,9609,0001-11-08 00:00:00 BC,-111,,,,8
3184,2981,9610,0001-11-08 00:00:00 BC,-111,,,,8
3185,2982,9611,0001-11-08 00:00:00 BC,-111,,,,8
3186,2983,9612,0001-11-08 00:00:00 BC,-111,,,,8
3187,2984,9613,0001-11-08 00:00:00 BC,-111,,,,8
3188,2985,9614,0001-11-08 00:00:00 BC,-111,,,,8
3189,2986,9615,0001-11-08 00:00:00 BC,-111,,,,8
3190,2987,9616,0001-11-08 00:00:00 BC,-111,,,,8
3191,2988,9617,0001-11-08 00:00:00 BC,-111,,,,8
3192,2989,9618,0001-11-08 00:00:00 BC,-111,,,,8
3193,2990,9619,0001-11-08 00:00:00 BC,-111,,,,8
3194,2991,9620,0001-11-08 00:00:00 BC,-111,,,,8
3195,2992,9621,0001-11-08 00:00:00 BC,-111,,,,8
3196,2993,9622,0001-11-08 00:00:00 BC,-111,,,,8
3197,2994,9623,0001-11-08 00:00:00 BC,-111,,,,8
3198,2995,9625,0001-11-08 00:00:00 BC,-111,,,,8
3199,2996,9626,0001-11-08 00:00:00 BC,-111,,,,8
3200,2997,9627,0001-11-08 00:00:00 BC,-111,,,,8
3201,2998,9628,0001-11-08 00:00:00 BC,-111,,,,8
3202,2999,9629,0001-11-08 00:00:00 BC,-111,,,,8
3203,3000,9630,0001-11-08 00:00:00 BC,-111,,,,8
3204,3001,9631,0001-11-08 00:00:00 BC,-111,,,,8
3205,3002,9699,0001-11-08 00:00:00 BC,-111,,,,8
3206,3003,9999,0001-11-08 00:00:00 BC,-111,,,,8
3207,3004,SERV8,0001-11-02 00:00:00 BC,-77,,,,7
3208,3005,SERV11,0001-11-02 00:00:00 BC,-77,,,,7
3209,3006,SERV6,0001-11-02 00:00:00 BC,-77,,,,8
3210,3007,SERV5,0001-11-02 00:00:00 BC,-77,,,,8
3211,3008,SERV13,0001-11-02 00:00:00 BC,-77,,,,7
3212,3009,SERV3,0001-11-02 00:00:00 BC,-77,,,,8
3213,3010,SERV7,0001-11-02 00:00:00 BC,-77,,,,7
3214,3011,SERV12,0001-11-02 00:00:00 BC,-77,,,,7
3215,3012,SERV1,0001-11-02 00:00:00 BC,-77,,,,7
3216,3013,SERV2,0001-11-02 00:00:00 BC,-77,,,,7
3217,3014,SERV9,0001-11-02 00:00:00 BC,-77,,,,7
3218,3015,SERV10,0001-11-02 00:00:00 BC,-77,,,,7
3219,3016,SERV4,0001-11-02 00:00:00 BC,-77,,,,8
3220,3004,SERV8,0001-11-02 00:00:00 BC,-77,,,,8
3221,3008,SERV13,0001-11-02 00:00:00 BC,-77,,,,8
3222,3010,SERV7,0001-11-02 00:00:00 BC,-77,,,,8
3223,3011,SERV12,0001-11-02 00:00:00 BC,-77,,,,8
3276,3017,3017,0001-02-01 00:00:00 BC,-77,,,,8
3277,3018,3018,0001-02-01 00:00:00 BC,-77,,,,8
3278,3019,3019,0001-02-01 00:00:00 BC,-77,,,,8
3279,3020,3020,0001-02-01 00:00:00 BC,-77,,,,8
3288,3046,3046,0001-02-08 00:00:00 BC,-77,,,,8
3289,3045,3045,0001-02-08 00:00:00 BC,-77,,,,8
3290,3044,3044,0001-02-08 00:00:00 BC,-77,,,,8
3291,3043,3043,0001-02-08 00:00:00 BC,-77,,,,8
3293,3048,1750,0001-06-10 00:00:00 BC,-300,,,,8
3295,3050,1725,0001-06-10 00:00:00 BC,-300,,,,8
3296,3051,1700,0001-06-10 00:00:00 BC,-300,,,,8
3318,3073,9640,0001-12-30 00:00:00 BC,-300,,,,7
3311,3066,6090,0001-12-30 00:00:00 BC,-300,,,,7
3312,3067,9634,0001-12-30 00:00:00 BC,-300,,,,7
3313,3068,9638,0001-12-30 00:00:00 BC,-300,,,,7
3321,3076,7580,0001-12-30 00:00:00 BC,-300,,,,7
3327,3082,9646,0001-12-30 00:00:00 BC,-300,,,,7
3324,3079,9639,0001-12-30 00:00:00 BC,-300,,,,7
3323,3078,9636,0001-12-30 00:00:00 BC,-300,,,,7
3310,3065,9648,0001-12-30 00:00:00 BC,-300,,,,7
3315,3070,7790,0001-12-30 00:00:00 BC,-300,,,,7
3309,3064,9642,0001-12-30 00:00:00 BC,-300,,,,7
3320,3075,9641,0001-12-30 00:00:00 BC,-300,,,,7
3317,3072,9644,0001-12-30 00:00:00 BC,-300,,,,7
3319,3074,9647,0001-12-30 00:00:00 BC,-300,,,,7
3314,3069,21037,0001-12-30 00:00:00 BC,-300,,,,7
3316,3071,9637,0001-12-30 00:00:00 BC,-300,,,,7
3322,3077,9635,0001-12-30 00:00:00 BC,-300,,,,7
3325,3080,9643,0001-12-30 00:00:00 BC,-300,,,,7
3326,3081,9645,0001-12-30 00:00:00 BC,-300,,,,7
3337,3092,4014,0001-05-04 00:00:00 BC,-300,,,,8
3301,3056,6080,0001-10-20 00:00:00 BC,-300,,,,7
3331,3086,1124,0001-12-31 00:00:00 BC,-300,,,,8
3329,3084,8088,0001-12-31 00:00:00 BC,-300,,,,8
3330,3085,1126,0001-12-31 00:00:00 BC,-300,,,,8
3328,3083,1125,0001-12-31 00:00:00 BC,-300,,,,8
3335,3090,1705,0001-12-31 00:00:00 BC,-300,,,,8
3334,3089,1701,0001-12-31 00:00:00 BC,-300,,,,8
3332,3087,8089,0001-12-31 00:00:00 BC,-300,,,,8
3333,3088,1800,0001-12-31 00:00:00 BC,-300,,,,8
3336,3091,1745,0001-12-31 00:00:00 BC,-300,,,,8
1,1001,CURR-ACC-001,2026-05-21 14:40:35.122926,1,,,ACTIVE PRODUCT,1
