itm_id,itm_name,itm_sname,match_code_id,itm_dis_code,mse_id,kty_code,bra_id,itm_ref_flag,comments,long_desc,status_code,status_bdate,itm_name_ml,sys_nc00015$,creation_date,created_by,updated_by,update_date,uni_sal_code,uni_leg_code,uni_sal_val,long_desc_ml,sys_nc00024$,product_class_id,is_standard_pricing,is_special_buy,warranty_id,is_item_display,data_source,like_itm_id,supplier_sugg_like_itm_id,unit_descriptor_code,is_consignment,itm_selling_price_id,is_semi_finished,last_extraction_date,material_content_code,legacy_creation_date,legacy_update_date,itm_selling_rule_id,cons_avail_date,ity_code,do_not_purge,uni_stock_val,emergency_call_type,itm_denomination,itm_commission,itm_price,is_hidden,is_subject_to_compliance,is_to_be_shopped,item_shop_type,order_num,material_composition,itt_code,cur_id,lgcy_item_classification,lgcy_has_parent,tech_bsn_group_id
181,Subagent joli  181,,,181,,1015,,0,,,21,2015-02-18,,,2015-02-12,6555,,,,,,,,,1,0,,,,,,,0,,0,,,,,,,,0,,,,,,0,0,,,,,,,,,
228,Subagent jolibelle  228,,,228,,1015,,0,,,21,2015-02-18,,,2015-02-12,6555,,,,,,,,,1,0,,,,,,,0,,0,,,,,,,,0,,,,,,0,0,,,,,,,,,
229,Subagent jolibelle  229,,,229,,1015,,0,,,21,2015-02-18,,,2015-02-12,6555,,,,,,,,,1,0,,,,,,,0,,0,,,,,,,,0,,,,,,0,0,,,,,,,,,
350,LL 100.00 - 350,,,350,,900,,0,,,21,2015-02-20,,,2015-02-20,3493,,,,,,,,,1,0,,,,,,,0,,0,,,,,,,,0,,,,,,0,0,,,,,,,,,
352,LL 100.00 - 352,,,352,,900,,0,,,21,2015-02-24,,,2015-02-20,3493,,,,,,,,,1,0,,,,,,,0,,0,,,,,,,,0,,,,,,0,0,,,,,,,,,
354,Subagent jolibelle  354,,,354,,1015,,0,,,2,2015-02-23,,,2015-02-23,3493,,,,,,,,,1,0,,,,,,,0,,0,,,,,,,,0,,,,,,0,0,,,,,,,,,
355,Subagent jolibelle  355,,,355,,1015,,0,,,2,2015-02-23,,,2015-02-23,3493,,,,,,,,,1,0,,,,,,,0,,0,,,,,,,,0,,,,,,0,0,,,,,,,,,
389,Submarine  389,,,389,,1015,,0,,,2,2015-02-25,,,2015-02-25,3493,,,,,,,,,1,0,,,,,,,0,,0,,,,,,,,0,,,,,,0,0,,,,,,,,,
390,Marie-Rose Site 390,,,390,,1015,,0,,,2,2015-02-25,,,2015-02-25,6553,,,,,,,,,1,0,,,,,,,0,,0,,,,,,,,0,,,,,,0,0,,,,,,,,,
397,dilma1 397,,,397,,1015,,0,,,21,2015-02-26,,,2015-02-26,6555,,,,,,,,,1,0,,,,,,,0,,0,,,,,,,,0,,,,,,0,0,,,,,,,,,
398,dilma1 398,,,398,,1015,,0,,,21,2015-02-26,,,2015-02-26,6555,,,,,,,,,1,0,,,,,,,0,,0,,,,,,,,0,,,,,,0,0,,,,,,,,,
399,dilma1 399,,,399,,1015,,0,,,21,2015-02-26,,,2015-02-26,6555,,,,,,,,,1,0,,,,,,,0,,0,,,,,,,,0,,,,,,0,0,,,,,,,,,
403,dilma1 403,,,403,,1015,,0,,,21,2015-03-06,,,2015-03-03,3493,,,,,,,,,1,0,,,,,,,0,,0,,,,,,,,0,,,,,,0,0,,,,,,,,,
404,dilma1 404,,,404,,1015,,0,,,2,2015-03-03,,,2015-03-03,3493,,,,,,,,,1,0,,,,,,,0,,0,,,,,,,,0,,,,,,0,0,,,,,,,,,
408,dilma123 408,,,408,,1015,,0,,,2,2015-03-04,,,2015-03-04,3493,,,,,,,,,1,0,,,,,,,0,,0,,,,,,,,0,,,,,,0,0,,,,,,,,,
409,dilma123 409,,,409,,1015,,0,,,2,2015-03-04,,,2015-03-04,3493,,,,,,,,,1,0,,,,,,,0,,0,,,,,,,,0,,,,,,0,0,,,,,,,,,
410,dilma123 410,,,410,,1015,,0,,,2,2015-03-04,,,2015-03-04,3493,,,,,,,,,1,0,,,,,,,0,,0,,,,,,,,0,,,,,,0,0,,,,,,,,,
424,LL 100.00 - 424,,,424,,900,,0,,,21,2015-03-05,,,2015-03-04,3493,,,,,,,,,1,0,,,,,,,0,,0,,,,,,,,0,,,,,,0,0,,,,,,,,,
425,"LL 5,000.00 - 425",,,425,,900,,0,,,21,2015-03-05,,,2015-03-04,3493,,,,,,,,,1,0,,,,,,,0,,0,,,,,,,,0,,,,,,0,0,,,,,,,,,
426,"LL 1,000.00 - 426",,,426,,900,,0,,,21,2015-03-05,,,2015-03-05,3493,,,,,,,,,1,0,,,,,,,0,,0,,,,,,,,0,,,,,,0,0,,,,,,,,,
427,"LL 5,000.00 - 427",,,427,,900,,0,,,21,2015-03-05,,,2015-03-05,3493,,,,,,,,,1,0,,,,,,,0,,0,,,,,,,,0,,,,,,0,0,,,,,,,,,
429,LL 100.00 - 429,,,12999999999999,,900,,0,,,21,2015-03-06,,,2015-03-05,3493,3493,2015-03-05,,,,,,,1,0,,,,,,,0,,0,,,,,,,,0,,,,,,0,0,,,,,,,,,
459,cashCards - 459,,,459,,1117,,0,,,21,2015-04-17,,,2015-03-24,3493,,,,,,,,,1,0,,,,,,,0,,0,,,,,,,,0,,,,,,0,0,,,,,,,,,
481,cashCards - 481,,,481,,1117,,0,,,21,2015-04-17,,,2015-04-17,3493,,,,,,,,,1,0,,,,,,,0,,0,,,,,,,,0,,,,,,0,0,,,,,,,,,
484,cashCards - 484,,,484,,1117,,0,,,21,2015-04-17,,,2015-04-17,3493,,,,,,,,,1,0,,,,,,,0,,0,,,,,,,,0,,,,,,0,0,,,,,,,,,
485,cashCards - 485,,,485,,1117,,0,,,21,2015-04-17,,,2015-04-17,6555,,,,,,,,,1,0,,,,,,,0,,0,,,,,,,,0,,,,,,0,0,,,,,,,,,
486,cashCards - 486,,,486,,1117,,0,,,21,2015-04-20,,,2015-04-17,6555,,,,,,,,,1,0,,,,,,,0,,0,,,,,,,,0,,,,,,0,0,,,,,,,,,
487,cashCards - 487,,,487,,1117,,0,,,21,2015-04-20,,,2015-04-17,6555,,,,,,,,,1,0,,,,,,,0,,0,,,,,,,,0,,,,,,0,0,,,,,,,,,
489,123 - 489,,,123,,900,,0,,,21,2015-04-24,,,2015-04-20,6555,3493,2015-04-23,,,,,,,1,0,,,,,,,0,,0,,,,,,,,0,,,,,,0,0,,,,,,,,,
7044,Test,,,789440,,900,,0,,,,,,,2025-02-21,,,,,,,,,,1,0,,,,,,,0,,0,,,,,,,,0,,,,,,0,0,,,,,,,,,
490,120 - 490,,,120,,900,,0,,,21,2015-04-20,,,2015-04-20,6555,,,,,,,,,1,0,,,,,,,0,,0,,,,,,,,0,,,,,,0,0,,,,,,,,,
503,cashCards - 503,,,503,,1117,,0,,,21,2015-04-20,,,2015-04-20,6555,,,,,,,,,1,0,,,,,,,0,,0,,,,,,,,0,,,,,,0,0,,,,,,,,,
504,cashCards - 504,,,504,,1117,,0,,,21,2015-04-20,,,2015-04-20,6555,,,,,,,,,1,0,,,,,,,0,,0,,,,,,,,0,,,,,,0,0,,,,,,,,,
505,cashCards - 505,,,505,,1117,,0,,,21,2015-04-20,,,2015-04-20,6555,,,,,,,,,1,0,,,,,,,0,,0,,,,,,,,0,,,,,,0,0,,,,,,,,,
506,cashCards - 506,,,506,,1117,,0,,,21,2015-04-20,,,2015-04-20,6555,,,,,,,,,1,0,,,,,,,0,,0,,,,,,,,0,,,,,,0,0,,,,,,,,,
507,cashCards - 507,,,507,,1117,,0,,,21,2015-04-20,,,2015-04-20,6555,,,,,,,,,1,0,,,,,,,0,,0,,,,,,,,0,,,,,,0,0,,,,,,,,,
509,cashCards - 509,,,509,,1117,,0,,,21,2015-04-20,,,2015-04-20,6555,,,,,,,,,1,0,,,,,,,0,,0,,,,,,,,0,,,,,,0,0,,,,,,,,,
510,cashCards - 510,,,510,,1117,,0,,,21,2015-04-20,,,2015-04-20,6555,,,,,,,,,1,0,,,,,,,0,,0,,,,,,,,0,,,,,,0,0,,,,,,,,,
511,cashCards - 511,,,511,,1117,,0,,,21,2015-04-20,,,2015-04-20,6555,,,,,,,,,1,0,,,,,,,0,,0,,,,,,,,0,,,,,,0,0,,,,,,,,,
512,cashCards - 512,,,512,,1117,,0,,,21,2015-04-20,,,2015-04-20,6555,,,,,,,,,1,0,,,,,,,0,,0,,,,,,,,0,,,,,,0,0,,,,,,,,,
520,cashCards - 520,,,520,,1117,,0,,,21,2015-04-22,,,2015-04-21,3493,,,,,,,,,1,0,,,,,,,0,,0,,,,,,,,0,,,,,,0,0,,,,,,,,,
532,cashCards - 532,,,532,,1117,,0,,,21,2015-10-07,,,2015-04-23,6555,,,,,,,,,1,0,,,,,,,0,,0,,,,,,,,0,,,,,,0,0,,,,,,,,,
537,25 - 537,,,25,,900,,0,,,21,2015-04-28,,,2015-04-23,6555,3493,2015-04-24,,,,,,,1,0,,,,,,,0,,0,,,,,,,,0,,,,,,0,0,,,,,,,,,
558,12 - 558,,,12,,900,,0,,,21,2015-04-27,,,2015-04-24,3493,3493,2015-04-24,,,,,,,1,0,,,,,,,0,,0,,,,,,,,0,,,,,,0,0,,,,,,,,,
559,52 - 559,,,52,,900,,0,,,21,2015-04-24,,,2015-04-24,3493,,,,,,,,,1,0,,,,,,,0,,0,,,,,,,,0,,,,,,0,0,,,,,,,,,
560,qwe - 560,,,qwe,,900,,0,,,21,2015-04-24,,,2015-04-24,3493,,,,,,,,,1,0,,,,,,,0,,0,,,,,,,,0,,,,,,0,0,,,,,,,,,
566,Day To Day 566,,,566,,1015,,0,,,2,2015-04-29,,,2015-04-29,6553,,,,,,,,,1,0,,,,,,,0,,0,,,,,,,,0,,,,,,0,0,,,,,,,,,
567,Faddoul Services 567,,,567,,1015,,0,,,2,2015-04-29,,,2015-04-29,6553,,,,,,,,,1,0,,,,,,,0,,0,,,,,,,,0,,,,,,0,0,,,,,,,,,
585,cashCards - 585,,,585,,1117,,0,,,2,2015-04-29,,,2015-04-29,6555,,,,,,,,,1,0,,,,,,,0,,0,,,,,,,,0,,,,,,0,0,,,,,,,,,
586,cashCards - 586,,,586,,1117,,0,,,21,2015-04-30,,,2015-04-29,6555,,,,,,,,,1,0,,,,,,,0,,0,,,,,,,,0,,,,,,0,0,,,,,,,,,
597,yho;kl 597,,,597,,1015,,0,,,2,2015-04-30,,,2015-04-30,6553,,,,,,,,,1,0,,,,,,,0,,0,,,,,,,,0,,,,,,0,0,,,,,,,,,
598,89 - 598,,,89,,900,,0,,,21,2015-07-14,,,2015-04-30,6555,6555,2015-04-30,,,,,,,1,0,,,,,,,0,,0,,,,,,,,0,,,,,,0,0,,,,,,,,,
601,cashCards - 601,,,601,,1117,,0,,,2,2015-04-30,,,2015-04-30,6555,,,,,,,,,1,0,,,,,,,0,,0,,,,,,,,0,,,,,,0,0,,,,,,,,,
602,sad - 602,,,sad,,900,,0,,,21,2015-07-14,,,2015-04-30,6555,,,,,,,,,1,0,,,,,,,0,,0,,,,,,,,0,,,,,,0,0,,,,,,,,,
603,140 - 603,,,140,,900,,0,,,113,2015-04-27,,,2015-04-30,6555,6974,2016-05-18,,,,,,,1,0,,,,,,,0,,0,,,,,,,,0,,,,,,0,0,,,,,,,,,
604,werw - 604,,,werw,,900,,0,,,21,2015-04-30,,,2015-04-30,3493,,,,,,,,,1,0,,,,,,,0,,0,,,,,,,,0,,,,,,0,0,,,,,,,,,
613,56 - 613,,,56,,900,,0,,,113,2015-04-15,,,2015-04-30,3493,,,,,,,,,1,0,,,,,,,0,,0,,,,,,,,0,,,,,,0,0,,,,,,,,,
615,123 - 615,,,123,,900,,0,,,21,2015-05-06,,,2015-05-01,3493,,,,,,,,,1,0,,,,,,,0,,0,,,,,,,,0,,,,,,0,0,,,,,,,,,
616,cashCards - 616,,,616,,1117,,0,,,21,2015-05-01,,,2015-05-01,6555,,,,,,,,,1,0,,,,,,,0,,0,,,,,,,,0,,,,,,0,0,,,,,,,,,
617,cashCards - 617,,,617,,1117,,0,,,21,2015-05-01,,,2015-05-01,6555,,,,,,,,,1,0,,,,,,,0,,0,,,,,,,,0,,,,,,0,0,,,,,,,,,
618,cashCards - 618,,,618,,1117,,0,,,21,2016-05-17,,,2015-05-01,6555,,,,,,,,,1,0,,,,,,,0,,0,,,,,,,,0,,,,,,0,0,,,,,,,,,
619,45 - 619,,,45,,900,,0,,,21,2015-05-06,,,2015-05-04,6555,,,,,,,,,1,0,,,,,,,0,,0,,,,,,,,0,,,,,,0,0,,,,,,,,,
17,17,,,17,,1015,,0,,,21,,,,2015-02-05,3493,,,,,,,,,1,0,,,,,,,0,,0,,,,,,,,0,,,,,,0,0,,,,,,,,,
249,Subagent joli  249,,,249,,1015,,0,,,21,2015-02-18,,,2015-02-13,3493,,,,,,,,,1,0,,,,,,,0,,0,,,,,,,,0,,,,,,0,0,,,,,,,,,
250,Subagent joli  250,,,250,,1015,,0,,,21,2015-02-18,,,2015-02-13,3493,,,,,,,,,1,0,,,,,,,0,,0,,,,,,,,0,,,,,,0,0,,,,,,,,,
264,AHMADDDD 264,,,264,,1015,,0,,,21,2015-02-18,,,2015-02-16,3493,,,,,,,,,1,0,,,,,,,0,,0,,,,,,,,0,,,,,,0,0,,,,,,,,,
278,AHMADDDD 278,,,278,,1015,,0,,,21,2015-02-18,,,2015-02-17,3493,,,,,,,,,1,0,,,,,,,0,,0,,,,,,,,0,,,,,,0,0,,,,,,,,,
337,"LL 5,000.00-337",,,337,,900,,0,,,21,2015-02-20,,,2015-02-18,3493,,,,,,,,,1,0,,,,,,,0,,0,,,,,,,,0,,,,,,0,0,,,,,,,,,
338,test 338,,,338,,1015,,0,,,2,2015-02-18,,,2015-02-18,3493,,,,,,,,,1,0,,,,,,,0,,0,,,,,,,,0,,,,,,0,0,,,,,,,,,
339,Joe Cell 339,,,339,,1015,,0,,,21,2015-02-18,,,2015-02-18,3493,,,,,,,,,1,0,,,,,,,0,,0,,,,,,,,0,,,,,,0,0,,,,,,,,,
340,Joe Cell 340,,,340,,1015,,0,,,21,2015-02-18,,,2015-02-18,3493,,,,,,,,,1,0,,,,,,,0,,0,,,,,,,,0,,,,,,0,0,,,,,,,,,
341,Joe Cell 341,,,341,,1015,,0,,,2,2015-02-18,,,2015-02-18,3493,,,,,,,,,1,0,,,,,,,0,,0,,,,,,,,0,,,,,,0,0,,,,,,,,,
342,Joe Cell 342,,,342,,1015,,0,,,2,2015-02-18,,,2015-02-18,3493,,,,,,,,,1,0,,,,,,,0,,0,,,,,,,,0,,,,,,0,0,,,,,,,,,
343,LL 100.00-343,,,343,,900,,0,,,21,2015-02-20,,,2015-02-18,3493,,,,,,,,,1,0,,,,,,,0,,0,,,,,,,,0,,,,,,0,0,,,,,,,,,
353,LL 100.00 - 353,,,353,,900,,0,,,21,2015-03-06,,,2015-02-20,3493,3493,2015-02-23,,,,,,,1,0,,,,,,,0,,0,,,,,,,,0,,,,,,0,0,,,,,,,,,
364,LL 100.00 - 364,,,364,,900,,0,,,21,2015-02-23,,,2015-02-23,3493,3493,2015-02-23,,,,,,,1,0,,,,,,,0,,0,,,,,,,,0,,,,,,0,0,,,,,,,,,
395,Subagent joli  395,,,395,,1015,,0,,,2,2015-02-26,,,2015-02-26,6555,,,,,,,,,1,0,,,,,,,0,,0,,,,,,,,0,,,,,,0,0,,,,,,,,,
396,dilma1 396,,,396,,1015,,0,,,21,2015-02-26,,,2015-02-26,6555,,,,,,,,,1,0,,,,,,,0,,0,,,,,,,,0,,,,,,0,0,,,,,,,,,
400,dilma1 400,,,400,,1015,,0,,,21,2015-03-06,,,2015-02-26,6555,,,,,,,,,1,0,,,,,,,0,,0,,,,,,,,0,,,,,,0,0,,,,,,,,,
401,dilma1 401,,,401,,1015,,0,,,21,2015-03-06,,,2015-02-26,6555,,,,,,,,,1,0,,,,,,,0,,0,,,,,,,,0,,,,,,0,0,,,,,,,,,
402,ghtf 402,,,402,,1015,,0,,,2,2015-03-03,,,2015-03-03,6555,,,,,,,,,1,0,,,,,,,0,,0,,,,,,,,0,,,,,,0,0,,,,,,,,,
411,Marie-Rose Site 411,,,411,,1015,,0,,,2,2015-03-04,,,2015-03-04,3493,,,,,,,,,1,0,,,,,,,0,,0,,,,,,,,0,,,,,,0,0,,,,,,,,,
417,Marie-Rose Site 417,,,417,,1015,,0,,,2,2015-03-04,,,2015-03-04,3493,,,,,,,,,1,0,,,,,,,0,,0,,,,,,,,0,,,,,,0,0,,,,,,,,,
418,Marie-Rose Site 418,,,418,,1015,,0,,,2,2015-03-04,,,2015-03-04,3493,,,,,,,,,1,0,,,,,,,0,,0,,,,,,,,0,,,,,,0,0,,,,,,,,,
419,Marie-Rose Site 419,,,419,,1015,,0,,,2,2015-03-04,,,2015-03-04,3493,,,,,,,,,1,0,,,,,,,0,,0,,,,,,,,0,,,,,,0,0,,,,,,,,,
428,"LL 5,000.00 - 428",,,428,,900,,0,,,21,2015-03-05,,,2015-03-05,3493,3493,2015-03-05,,,,,,,1,0,,,,,,,0,,0,,,,,,,,0,,,,,,0,0,,,,,,,,,
8,Finance,,,8,,200,,0,,,2,2015-03-13,,,2015-03-13,-53,,,,,,,,,1,0,,,,,,,0,,0,,,,,,,,0,,,,,,0,0,,,,,,,,,
452,simulator - 452,,,452,,1117,,0,,,2,2015-03-20,,,2015-03-20,3493,,,,,,,,,1,0,,,,,,,0,,0,,,,,,,,0,,,,,,0,0,,,,,,,,,
455,simulator - 455,,,455,,1117,,0,,,2,2015-03-20,,,2015-03-20,3493,,,,,,,,,1,0,,,,,,,0,,0,,,,,,,,0,,,,,,0,0,,,,,,,,,
460,Jolibelle Site  460,,,460,,1015,,0,,,2,2015-04-07,,,2015-04-07,6553,,,,,,,,,1,0,,,,,,,0,,0,,,,,,,,0,,,,,,0,0,,,,,,,,,
462,Marie-Rose Site 462,,,462,,1015,,0,,,2,2015-04-13,,,2015-04-13,6554,,,,,,,,,1,0,,,,,,,0,,0,,,,,,,,0,,,,,,0,0,,,,,,,,,
500,cashCards - 500,,,500,,1117,,0,,,21,2015-04-20,,,2015-04-20,6555,,,,,,,,,1,0,,,,,,,0,,0,,,,,,,,0,,,,,,0,0,,,,,,,,,
524,123 - 524,,,123,,900,,0,,,21,2015-07-14,,,2015-04-21,3493,,,,,,,,,1,0,,,,,,,0,,0,,,,,,,,0,,,,,,0,0,,,,,,,,,
528,cashCards - 528,,,528,,1117,,0,,,21,2015-04-22,,,2015-04-22,6555,,,,,,,,,1,0,,,,,,,0,,0,,,,,,,,0,,,,,,0,0,,,,,,,,,
529,cashCards - 529,,,529,,1117,,0,,,21,2015-04-22,,,2015-04-22,6555,,,,,,,,,1,0,,,,,,,0,,0,,,,,,,,0,,,,,,0,0,,,,,,,,,
530,cashCards - 530,,,530,,1117,,0,,,2,2015-04-22,,,2015-04-22,6555,,,,,,,,,1,0,,,,,,,0,,0,,,,,,,,0,,,,,,0,0,,,,,,,,,
582,cashCards - 582,,,582,,1117,,0,,,2,2015-04-29,,,2015-04-29,6555,,,,,,,,,1,0,,,,,,,0,,0,,,,,,,,0,,,,,,0,0,,,,,,,,,
583,cashCards - 583,,,583,,1117,,0,,,2,2015-04-29,,,2015-04-29,6555,,,,,,,,,1,0,,,,,,,0,,0,,,,,,,,0,,,,,,0,0,,,,,,,,,
584,cashCards - 584,,,584,,1117,,0,,,2,2015-04-29,,,2015-04-29,6555,,,,,,,,,1,0,,,,,,,0,,0,,,,,,,,0,,,,,,0,0,,,,,,,,,
600,Jolibelle Sub Site 600,,,600,,1015,,0,,,2,2015-04-30,,,2015-04-30,3493,,,,,,,,,1,0,,,,,,,0,,0,,,,,,,,0,,,,,,0,0,,,,,,,,,
605,56 - 605,,,56,,900,,0,,,21,2015-04-30,,,2015-04-30,6555,,,,,,,,,1,0,,,,,,,0,,0,,,,,,,,0,,,,,,0,0,,,,,,,,,
614,14 - 614,,,14,,900,,0,,,21,2015-10-15,,,2015-04-30,6555,,,,,,,,,1,0,,,,,,,0,,0,,,,,,,,0,,,,,,0,0,,,,,,,,,
620,cashCards - 620,,,620,,1117,,0,,,2,2015-05-04,,,2015-05-04,6555,,,,,,,,,1,0,,,,,,,0,,0,,,,,,,,0,,,,,,0,0,,,,,,,,,
621,cashCards - 621,,,621,,1117,,0,,,2,2015-05-04,,,2015-05-04,6555,,,,,,,,,1,0,,,,,,,0,,0,,,,,,,,0,,,,,,0,0,,,,,,,,,
622,cashCards - 622,,,622,,1117,,0,,,21,2015-09-11,,,2015-05-04,6555,,,,,,,,,1,0,,,,,,,0,,0,,,,,,,,0,,,,,,0,0,,,,,,,,,
623,cashCards - 623,,,623,,1117,,0,,,21,2015-05-04,,,2015-05-04,6555,,,,,,,,,1,0,,,,,,,0,,0,,,,,,,,0,,,,,,0,0,,,,,,,,,
624,cashCards - 624,,,624,,1117,,0,,,21,2015-05-04,,,2015-05-04,6555,,,,,,,,,1,0,,,,,,,0,,0,,,,,,,,0,,,,,,0,0,,,,,,,,,
636,Jolibelle Site  636,,,636,,1015,,0,,,2,2015-05-05,,,2015-05-05,6553,,,,,,,,,1,0,,,,,,,0,,0,,,,,,,,0,,,,,,0,0,,,,,,,,,
637,Jolibelle Site  637,,,637,,1015,,0,,,2,2015-05-05,,,2015-05-05,6553,,,,,,,,,1,0,,,,,,,0,,0,,,,,,,,0,,,,,,0,0,,,,,,,,,
642,a 642,,,642,,1015,,0,,,2,2015-05-07,,,2015-05-07,3493,,,,,,,,,1,0,,,,,,,0,,0,,,,,,,,0,,,,,,0,0,,,,,,,,,
643,123 - 643,,,123,,900,,0,,,21,2015-07-14,,,2015-05-07,3493,,,,,,,,,1,0,,,,,,,0,,0,,,,,,,,0,,,,,,0,0,,,,,,,,,
655,Marie-Rose Site 655,,,655,,1015,,0,,,2,2015-06-29,,,2015-06-29,3493,,,,,,,,,1,0,,,,,,,0,,0,,,,,,,,0,,,,,,0,0,,,,,,,,,
656,Faddoul Services 656,,,656,,1015,,0,,,2,2015-06-29,,,2015-06-29,3493,,,,,,,,,1,0,,,,,,,0,,0,,,,,,,,0,,,,,,0,0,,,,,,,,,
660,G.Njeim Cell 660,,,660,,1015,,0,,,2,2015-06-29,,,2015-06-29,3493,,,,,,,,,1,0,,,,,,,0,,0,,,,,,,,0,,,,,,0,0,,,,,,,,,
661,test 661,,,661,,1015,,0,,,2,2015-06-29,,,2015-06-29,3493,,,,,,,,,1,0,,,,,,,0,,0,,,,,,,,0,,,,,,0,0,,,,,,,,,
673,dilma123 673,,,673,,1015,,0,,,21,2015-06-29,,,2015-06-29,3493,,,,,,,,,1,0,,,,,,,0,,0,,,,,,,,0,,,,,,0,0,,,,,,,,,
674,Gemayel Wooden Doors 674,,,674,,1015,,0,,,21,2015-06-30,,,2015-06-30,6555,,,,,,,,,1,0,,,,,,,0,,0,,,,,,,,0,,,,,,0,0,,,,,,,,,
675,Gemayel Wooden Doors 675,,,675,,1015,,0,,,21,2015-06-30,,,2015-06-30,6555,,,,,,,,,1,0,,,,,,,0,,0,,,,,,,,0,,,,,,0,0,,,,,,,,,
676,Gemayel Wooden Doors 676,,,676,,1015,,0,,,2,2015-06-30,,,2015-06-30,6555,,,,,,,,,1,0,,,,,,,0,,0,,,,,,,,0,,,,,,0,0,,,,,,,,,
677,Gemayel Wooden Doors 677,,,677,,1015,,0,,,2,2015-06-30,,,2015-06-30,6555,,,,,,,,,1,0,,,,,,,0,,0,,,,,,,,0,,,,,,0,0,,,,,,,,,
678,a 678,,,678,,1015,,0,,,21,2015-06-30,,,2015-06-30,6555,,,,,,,,,1,0,,,,,,,0,,0,,,,,,,,0,,,,,,0,0,,,,,,,,,
679,I SMART 679,,,679,,1015,,0,,,2,2015-06-30,,,2015-06-30,6555,,,,,,,,,1,0,,,,,,,0,,0,,,,,,,,0,,,,,,0,0,,,,,,,,,
680,I SMART 680,,,680,,1015,,0,,,2,2015-06-30,,,2015-06-30,6555,,,,,,,,,1,0,,,,,,,0,,0,,,,,,,,0,,,,,,0,0,,,,,,,,,
681,4 H 681,,,681,,1015,,0,,,2,2015-06-30,,,2015-06-30,6554,,,,,,,,,1,0,,,,,,,0,,0,,,,,,,,0,,,,,,0,0,,,,,,,,,
682,Smart Computer 682,,,682,,1015,,0,,,2,2015-06-30,,,2015-06-30,6554,,,,,,,,,1,0,,,,,,,0,,0,,,,,,,,0,,,,,,0,0,,,,,,,,,
683,Apparatus 683,,,683,,1015,,0,,,2,2015-06-30,,,2015-06-30,6554,,,,,,,,,1,0,,,,,,,0,,0,,,,,,,,0,,,,,,0,0,,,,,,,,,
684,Apparatus 684,,,684,,1015,,0,,,2,2015-06-30,,,2015-06-30,6554,,,,,,,,,1,0,,,,,,,0,,0,,,,,,,,0,,,,,,0,0,,,,,,,,,
685,Apparatus 685,,,685,,1015,,0,,,2,2015-06-30,,,2015-06-30,6554,,,,,,,,,1,0,,,,,,,0,,0,,,,,,,,0,,,,,,0,0,,,,,,,,,
686,test 686,,,686,,1015,,0,,,2,2015-06-30,,,2015-06-30,6554,,,,,,,,,1,0,,,,,,,0,,0,,,,,,,,0,,,,,,0,0,,,,,,,,,
688,BoB - Sadat 688,,,688,,1015,,0,,,2,2015-07-07,,,2015-07-07,3493,,,,,,,,,1,0,,,,,,,0,,0,,,,,,,,0,,,,,,0,0,,,,,,,,,
690,E 690,,,690,,1015,,0,,,21,2015-07-08,,,2015-07-08,6555,,,,,,,,,1,0,,,,,,,0,,0,,,,,,,,0,,,,,,0,0,,,,,,,,,
691,12.0 - 691,,,12.0,,900,,0,,,21,2015-09-11,,,2015-07-14,6555,6555,2015-07-21,,,,,,,1,0,,,,,,,0,,0,,,,,,,,0,,,,,,0,0,,,,,,,,,
692,3 692,,,692,,1015,,0,,,2,2015-07-23,,,2015-07-23,3493,,,,,,,,,1,0,,,,,,,0,,0,,,,,,,,0,,,,,,0,0,,,,,,,,,
694, JOUNIEH Store 694,,,694,,1015,,0,,,21,2015-10-15,,,2015-08-20,6555,,,,,,,,,1,0,,,,,,,0,,0,,,,,,,,0,,,,,,0,0,,,,,,,,,
696,Site # 2 696,,,696,,1015,,0,,,2,2015-09-25,,,2015-09-25,3493,,,,,,,,,1,0,,,,,,,0,,0,,,,,,,,0,,,,,,0,0,,,,,,,,,
22,22,,,22,,1015,,0,,,21,2015-02-06,,,2015-02-05,3493,,,,,,,,,1,0,,,,,,,0,,0,,,,,,,,0,,,,,,0,0,,,,,,,,,
77,Submarine  77,,,77,,1015,,0,,,21,2015-02-11,,,2015-02-11,6555,,,,,,,,,1,0,,,,,,,0,,0,,,,,,,,0,,,,,,0,0,,,,,,,,,
84,Subagent jolibelle  84,,,84,,1015,,0,,,21,2015-02-18,,,2015-02-11,3493,,,,,,,,,1,0,,,,,,,0,,0,,,,,,,,0,,,,,,0,0,,,,,,,,,
241,Joe Cell 241,,,241,,1015,,0,,,21,2015-02-12,,,2015-02-12,6553,,,,,,,,,1,0,,,,,,,0,,0,,,,,,,,0,,,,,,0,0,,,,,,,,,
242,Joe Cell 242,,,242,,1015,,0,,,21,2015-02-12,,,2015-02-12,6553,,,,,,,,,1,0,,,,,,,0,,0,,,,,,,,0,,,,,,0,0,,,,,,,,,
243,Joe Cell 243,,,243,,1015,,0,,,21,2015-02-18,,,2015-02-12,6553,,,,,,,,,1,0,,,,,,,0,,0,,,,,,,,0,,,,,,0,0,,,,,,,,,
244,Joe Cell 244,,,244,,1015,,0,,,21,2015-02-18,,,2015-02-12,6553,,,,,,,,,1,0,,,,,,,0,,0,,,,,,,,0,,,,,,0,0,,,,,,,,,
245,ghadir 245,,,245,,1015,,0,,,2,2015-02-13,,,2015-02-13,6555,,,,,,,,,1,0,,,,,,,0,,0,,,,,,,,0,,,,,,0,0,,,,,,,,,
246,ghadir 246,,,246,,1015,,0,,,2,2015-02-13,,,2015-02-13,6555,,,,,,,,,1,0,,,,,,,0,,0,,,,,,,,0,,,,,,0,0,,,,,,,,,
247,ghadir 247,,,247,,1015,,0,,,2,2015-02-13,,,2015-02-13,6555,,,,,,,,,1,0,,,,,,,0,,0,,,,,,,,0,,,,,,0,0,,,,,,,,,
248,Subagent jolibelle  248,,,248,,1015,,0,,,21,2015-02-18,,,2015-02-13,6555,,,,,,,,,1,0,,,,,,,0,,0,,,,,,,,0,,,,,,0,0,,,,,,,,,
252,RITA 252,,,252,,1015,,0,,,2,2015-02-16,,,2015-02-16,3493,,,,,,,,,1,0,,,,,,,0,,0,,,,,,,,0,,,,,,0,0,,,,,,,,,
253,RITA 253,,,253,,1015,,0,,,2,2015-02-16,,,2015-02-16,3493,,,,,,,,,1,0,,,,,,,0,,0,,,,,,,,0,,,,,,0,0,,,,,,,,,
254,RITA 254,,,254,,1015,,0,,,2,2015-02-16,,,2015-02-16,3493,,,,,,,,,1,0,,,,,,,0,,0,,,,,,,,0,,,,,,0,0,,,,,,,,,
255,ghtf 255,,,255,,1015,,0,,,2,2015-02-16,,,2015-02-16,3493,,,,,,,,,1,0,,,,,,,0,,0,,,,,,,,0,,,,,,0,0,,,,,,,,,
336,LL 100.00-NCODE,,,336,,900,,0,,,21,2015-02-20,,,2015-02-18,3493,,,,,,,,,1,0,,,,,,,0,,0,,,,,,,,0,,,,,,0,0,,,,,,,,,
344,"LL 10,000.00 - 344",,,344,,900,,0,,,21,2015-02-24,,,2015-02-18,3493,,,,,,,,,1,0,,,,,,,0,,0,,,,,,,,0,,,,,,0,0,,,,,,,,,
345,AHMADDDD 345,,,345,,1015,,0,,,21,2015-02-23,,,2015-02-18,3493,,,,,,,,,1,0,,,,,,,0,,0,,,,,,,,0,,,,,,0,0,,,,,,,,,
351,LL 100.00 - 351,,,351,,900,,0,,,21,2015-03-06,,,2015-02-20,3493,,,,,,,,,1,0,,,,,,,0,,0,,,,,,,,0,,,,,,0,0,,,,,,,,,
357,Submarine  357,,,357,,1015,,0,,,2,2015-02-23,,,2015-02-23,6553,,,,,,,,,1,0,,,,,,,0,,0,,,,,,,,0,,,,,,0,0,,,,,,,,,
358,Marie-Rose Site 358,,,358,,1015,,0,,,2,2015-02-23,,,2015-02-23,6553,,,,,,,,,1,0,,,,,,,0,,0,,,,,,,,0,,,,,,0,0,,,,,,,,,
359,Marie-Rose Site 359,,,359,,1015,,0,,,2,2015-02-23,,,2015-02-23,6553,,,,,,,,,1,0,,,,,,,0,,0,,,,,,,,0,,,,,,0,0,,,,,,,,,
360,AHMADDDD 360,,,360,,1015,,0,,,2,2015-02-23,,,2015-02-23,6553,,,,,,,,,1,0,,,,,,,0,,0,,,,,,,,0,,,,,,0,0,,,,,,,,,
361,AHMADDDD 361,,,361,,1015,,0,,,2,2015-02-23,,,2015-02-23,6553,,,,,,,,,1,0,,,,,,,0,,0,,,,,,,,0,,,,,,0,0,,,,,,,,,
362,Subagent jolibelle  362,,,362,,1015,,0,,,2,2015-02-23,,,2015-02-23,3493,,,,,,,,,1,0,,,,,,,0,,0,,,,,,,,0,,,,,,0,0,,,,,,,,,
363,Marie-Rose Site 363,,,363,,1015,,0,,,2,2015-02-23,,,2015-02-23,6554,,,,,,,,,1,0,,,,,,,0,,0,,,,,,,,0,,,,,,0,0,,,,,,,,,
368,"LL 10,000.00 - 368",,,368,,900,,0,,,21,2015-02-24,,,2015-02-23,3493,3493,2015-02-24,,,,,,,1,0,,,,,,,0,,0,,,,,,,,0,,,,,,0,0,,,,,,,,,
369,JALLOUL SITE  369,,,369,,1015,,0,,,2,2015-02-23,,,2015-02-23,6553,,,,,,,,,1,0,,,,,,,0,,0,,,,,,,,0,,,,,,0,0,,,,,,,,,
370,JALLOUL SITE  370,,,370,,1015,,0,,,2,2015-02-23,,,2015-02-23,6553,,,,,,,,,1,0,,,,,,,0,,0,,,,,,,,0,,,,,,0,0,,,,,,,,,
371,JALLOUL SITE  371,,,371,,1015,,0,,,2,2015-02-23,,,2015-02-23,6553,,,,,,,,,1,0,,,,,,,0,,0,,,,,,,,0,,,,,,0,0,,,,,,,,,
372,JALLOUL SITE  372,,,372,,1015,,0,,,2,2015-02-23,,,2015-02-23,6553,,,,,,,,,1,0,,,,,,,0,,0,,,,,,,,0,,,,,,0,0,,,,,,,,,
373,"LL 1,000.00 - 373",,,373,,900,,0,,,21,2015-03-06,,,2015-02-24,3493,3493,2015-02-24,,,,,,,1,0,,,,,,,0,,0,,,,,,,,0,,,,,,0,0,,,,,,,,,
385,Subagent joli  385,,,385,,1015,,0,,,21,2015-02-24,,,2015-02-24,6555,,,,,,,,,1,0,,,,,,,0,,0,,,,,,,,0,,,,,,0,0,,,,,,,,,
386,Subagent joli  386,,,386,,1015,,0,,,2,2015-02-24,,,2015-02-24,6555,,,,,,,,,1,0,,,,,,,0,,0,,,,,,,,0,,,,,,0,0,,,,,,,,,
387,ghtf 387,,,387,,1015,,0,,,2,2015-02-24,,,2015-02-24,6554,,,,,,,,,1,0,,,,,,,0,,0,,,,,,,,0,,,,,,0,0,,,,,,,,,
393,Submarine  393,,,393,,1015,,0,,,2,2015-02-26,,,2015-02-26,3493,,,,,,,,,1,0,,,,,,,0,,0,,,,,,,,0,,,,,,0,0,,,,,,,,,
394,Submarine  394,,,394,,1015,,0,,,2,2015-02-26,,,2015-02-26,3493,,,,,,,,,1,0,,,,,,,0,,0,,,,,,,,0,,,,,,0,0,,,,,,,,,
405,dilma12333333 405,,,405,,1015,,0,,,2,2015-03-03,,,2015-03-03,3493,,,,,,,,,1,0,,,,,,,0,,0,,,,,,,,0,,,,,,0,0,,,,,,,,,
406,dilma12333333 406,,,406,,1015,,0,,,2,2015-03-03,,,2015-03-03,3493,,,,,,,,,1,0,,,,,,,0,,0,,,,,,,,0,,,,,,0,0,,,,,,,,,
407,dilma12333333 407,,,407,,1015,,0,,,2,2015-03-03,,,2015-03-03,3493,,,,,,,,,1,0,,,,,,,0,,0,,,,,,,,0,,,,,,0,0,,,,,,,,,
432,a1s2123123123123 - 432,,,a1s2123123123123,,900,,0,,,21,2015-03-09,,,2015-03-06,3493,3493,2015-03-09,,,,,,,1,0,,,,,,,0,,0,,,,,,,,0,,,,,,0,0,,,,,,,,,
433,dilma123 433,,,433,,1015,,0,,,2,2015-03-06,,,2015-03-06,3493,,,,,,,,,1,0,,,,,,,0,,0,,,,,,,,0,,,,,,0,0,,,,,,,,,
434,dilma123 434,,,434,,1015,,0,,,2,2015-03-06,,,2015-03-06,3493,,,,,,,,,1,0,,,,,,,0,,0,,,,,,,,0,,,,,,0,0,,,,,,,,,
436,qS - 436,,,qS,,900,,0,,,21,2015-04-24,,,2015-03-09,3493,6555,2015-04-16,,,,,,,1,0,,,,,,,0,,0,,,,,,,,0,,,,,,0,0,,,,,,,,,
457,cashCards - 457,,,457,,1117,,0,,,21,2015-03-23,,,2015-03-23,3493,,,,,,,,,1,0,,,,,,,0,,0,,,,,,,,0,,,,,,0,0,,,,,,,,,
458,cashCards - 458,,,458,,1117,,0,,,21,2015-03-23,,,2015-03-23,3493,,,,,,,,,1,0,,,,,,,0,,0,,,,,,,,0,,,,,,0,0,,,,,,,,,
463,test 463,,,463,,1015,,0,,,2,2015-04-13,,,2015-04-13,6555,,,,,,,,,1,0,,,,,,,0,,0,,,,,,,,0,,,,,,0,0,,,,,,,,,
464,911 sub site 464,,,464,,1015,,0,,,21,2015-09-28,,,2015-04-16,6555,,,,,,,,,1,0,,,,,,,0,,0,,,,,,,,0,,,,,,0,0,,,,,,,,,
465,911 sub site 465,,,465,,1015,,0,,,2,2015-04-16,,,2015-04-16,6555,,,,,,,,,1,0,,,,,,,0,,0,,,,,,,,0,,,,,,0,0,,,,,,,,,
513,cashCards - 513,,,513,,1117,,0,,,21,2015-04-20,,,2015-04-20,6555,,,,,,,,,1,0,,,,,,,0,,0,,,,,,,,0,,,,,,0,0,,,,,,,,,
514,cashCards - 514,,,514,,1117,,0,,,21,2015-04-20,,,2015-04-20,6555,,,,,,,,,1,0,,,,,,,0,,0,,,,,,,,0,,,,,,0,0,,,,,,,,,
515,cashCards - 515,,,515,,1117,,0,,,21,2015-04-20,,,2015-04-20,6555,,,,,,,,,1,0,,,,,,,0,,0,,,,,,,,0,,,,,,0,0,,,,,,,,,
516,cashCards - 516,,,516,,1117,,0,,,21,2015-04-20,,,2015-04-20,6555,,,,,,,,,1,0,,,,,,,0,,0,,,,,,,,0,,,,,,0,0,,,,,,,,,
517,cashCards - 517,,,517,,1117,,0,,,21,2015-04-20,,,2015-04-20,6555,,,,,,,,,1,0,,,,,,,0,,0,,,,,,,,0,,,,,,0,0,,,,,,,,,
518,cashCards - 518,,,518,,1117,,0,,,2,2015-04-20,,,2015-04-20,6555,,,,,,,,,1,0,,,,,,,0,,0,,,,,,,,0,,,,,,0,0,,,,,,,,,
531,cashCards - 531,,,531,,1117,,0,,,2,2015-04-22,,,2015-04-22,6555,,,,,,,,,1,0,,,,,,,0,,0,,,,,,,,0,,,,,,0,0,,,,,,,,,
561,520.0 - 561,,,520.0,,900,,0,,,21,2015-10-09,,,2015-04-27,6555,6555,2015-05-06,,,,,,,1,0,,,,,,,0,,0,,,,,,,,0,,,,,,0,0,,,,,,,,,
562,520.0 - 562,,,520.0,,900,,0,,,21,2016-03-11,,,2015-04-27,6555,6974,2016-03-11,,,,,,,1,0,,,,,,,0,,0,,,,,,,,0,,,,,,0,0,,,,,,,,,
563,256 - 563,,,256,,900,,0,,,21,2015-04-30,,,2015-04-27,6555,,,,,,,,,1,0,,,,,,,0,,0,,,,,,,,0,,,,,,0,0,,,,,,,,,
564,256 - 564,,,256,,900,,0,,,21,2016-03-18,,,2015-04-28,6555,,,,,,,,,1,0,,,,,,,0,,0,,,,,,,,0,,,,,,0,0,,,,,,,,,
565,cashCards - 565,,,565,,1117,,0,,,21,2015-04-28,,,2015-04-28,6555,,,,,,,,,1,0,,,,,,,0,,0,,,,,,,,0,,,,,,0,0,,,,,,,,,
595,Jolibelle Sub Site 595,,,595,,1015,,0,,,2,2015-04-30,,,2015-04-30,3493,,,,,,,,,1,0,,,,,,,0,,0,,,,,,,,0,,,,,,0,0,,,,,,,,,
596,Jolibelle Sub Site 596,,,596,,1015,,0,,,2,2015-04-30,,,2015-04-30,3493,,,,,,,,,1,0,,,,,,,0,,0,,,,,,,,0,,,,,,0,0,,,,,,,,,
638,Jolibelle Site  638,,,638,,1015,,0,,,2,2015-05-06,,,2015-05-06,6553,,,,,,,,,1,0,,,,,,,0,,0,,,,,,,,0,,,,,,0,0,,,,,,,,,
639,89 - 639,,,89,,900,,0,,,21,2015-05-06,,,2015-05-06,6555,,,,,,,,,1,0,,,,,,,0,,0,,,,,,,,0,,,,,,0,0,,,,,,,,,
640,1000 - 640,,,1000,,900,,0,,,21,2015-05-06,,,2015-05-06,6555,,,,,,,,,1,0,,,,,,,0,,0,,,,,,,,0,,,,,,0,0,,,,,,,,,
644,a 644,,,644,,1015,,0,,,2,2015-06-26,,,2015-06-26,6554,,,,,,,,,1,0,,,,,,,0,,0,,,,,,,,0,,,,,,0,0,,,,,,,,,
645,a 645,,,645,,1015,,0,,,2,2015-06-26,,,2015-06-26,6554,,,,,,,,,1,0,,,,,,,0,,0,,,,,,,,0,,,,,,0,0,,,,,,,,,
646,a 646,,,646,,1015,,0,,,2,2015-06-26,,,2015-06-26,6554,,,,,,,,,1,0,,,,,,,0,,0,,,,,,,,0,,,,,,0,0,,,,,,,,,
647,st 647,,,647,,1015,,0,,,2,2015-06-29,,,2015-06-29,6555,,,,,,,,,1,0,,,,,,,0,,0,,,,,,,,0,,,,,,0,0,,,,,,,,,
651,st 651,,,651,,1015,,0,,,2,2015-06-29,,,2015-06-29,6555,,,,,,,,,1,0,,,,,,,0,,0,,,,,,,,0,,,,,,0,0,,,,,,,,,
652,Faddoul Services 652,,,652,,1015,,0,,,2,2015-06-29,,,2015-06-29,6554,,,,,,,,,1,0,,,,,,,0,,0,,,,,,,,0,,,,,,0,0,,,,,,,,,
659,dilma123 659,,,659,,1015,,0,,,2,2015-06-29,,,2015-06-29,6554,,,,,,,,,1,0,,,,,,,0,,0,,,,,,,,0,,,,,,0,0,,,,,,,,,
668,a 668,,,668,,1015,,0,,,2,2015-06-29,,,2015-06-29,6554,,,,,,,,,1,0,,,,,,,0,,0,,,,,,,,0,,,,,,0,0,,,,,,,,,
669,Mazen Cell 669,,,669,,1015,,0,,,2,2015-06-29,,,2015-06-29,3493,,,,,,,,,1,0,,,,,,,0,,0,,,,,,,,0,,,,,,0,0,,,,,,,,,
670,Mazen Cell 670,,,670,,1015,,0,,,2,2015-06-29,,,2015-06-29,3493,,,,,,,,,1,0,,,,,,,0,,0,,,,,,,,0,,,,,,0,0,,,,,,,,,
82,Submarine  82,,,82,,1015,,0,,,2,2015-02-11,,,2015-02-11,3493,,,,,,,,,1,0,,,,,,,0,,0,,,,,,,,0,,,,,,0,0,,,,,,,,,
133,ghadir 133,,,133,,1015,,0,,,2,2015-02-12,,,2015-02-12,6553,,,,,,,,,1,0,,,,,,,0,,0,,,,,,,,0,,,,,,0,0,,,,,,,,,
134,ghadir 134,,,134,,1015,,0,,,2,2015-02-12,,,2015-02-12,6553,,,,,,,,,1,0,,,,,,,0,,0,,,,,,,,0,,,,,,0,0,,,,,,,,,
135,ghadir 135,,,135,,1015,,0,,,2,2015-02-12,,,2015-02-12,6553,,,,,,,,,1,0,,,,,,,0,,0,,,,,,,,0,,,,,,0,0,,,,,,,,,
251,Subagent jolibelle  251,,,251,,1015,,0,,,2,2015-02-16,,,2015-02-16,3493,,,,,,,,,1,0,,,,,,,0,,0,,,,,,,,0,,,,,,0,0,,,,,,,,,
258,Marie-Rose Site 258,,,258,,1015,,0,,,21,2015-02-18,,,2015-02-16,6553,,,,,,,,,1,0,,,,,,,0,,0,,,,,,,,0,,,,,,0,0,,,,,,,,,
259,Submarine  259,,,259,,1015,,0,,,2,2015-02-16,,,2015-02-16,6553,,,,,,,,,1,0,,,,,,,0,,0,,,,,,,,0,,,,,,0,0,,,,,,,,,
260,Marie-Rose Site 260,,,260,,1015,,0,,,21,2015-02-18,,,2015-02-16,6553,,,,,,,,,1,0,,,,,,,0,,0,,,,,,,,0,,,,,,0,0,,,,,,,,,
261,Marie-Rose Site 261,,,261,,1015,,0,,,21,2015-02-18,,,2015-02-16,6553,,,,,,,,,1,0,,,,,,,0,,0,,,,,,,,0,,,,,,0,0,,,,,,,,,
262,Marie-Rose Site 262,,,262,,1015,,0,,,21,2015-02-18,,,2015-02-16,6553,,,,,,,,,1,0,,,,,,,0,,0,,,,,,,,0,,,,,,0,0,,,,,,,,,
263,Marie-Rose Site 263,,,263,,1015,,0,,,21,2015-02-18,,,2015-02-16,6553,,,,,,,,,1,0,,,,,,,0,,0,,,,,,,,0,,,,,,0,0,,,,,,,,,
265,LE VOYAGEUR - TABARJA 265,,,265,,1015,,0,,,2,2015-02-17,,,2015-02-17,6553,,,,,,,,,1,0,,,,,,,0,,0,,,,,,,,0,,,,,,0,0,,,,,,,,,
266,LE VOYAGEUR - TABARJA 266,,,266,,1015,,0,,,2,2015-02-17,,,2015-02-17,6553,,,,,,,,,1,0,,,,,,,0,,0,,,,,,,,0,,,,,,0,0,,,,,,,,,
267,ghadir 267,,,267,,1015,,0,,,2,2015-02-17,,,2015-02-17,6555,,,,,,,,,1,0,,,,,,,0,,0,,,,,,,,0,,,,,,0,0,,,,,,,,,
268,ghadir 268,,,268,,1015,,0,,,2,2015-02-17,,,2015-02-17,6555,,,,,,,,,1,0,,,,,,,0,,0,,,,,,,,0,,,,,,0,0,,,,,,,,,
269,test 269,,,269,,1015,,0,,,21,2015-02-18,,,2015-02-17,6553,,,,,,,,,1,0,,,,,,,0,,0,,,,,,,,0,,,,,,0,0,,,,,,,,,
270,test 270,,,270,,1015,,0,,,21,2015-02-18,,,2015-02-17,6553,,,,,,,,,1,0,,,,,,,0,,0,,,,,,,,0,,,,,,0,0,,,,,,,,,
271,test 271,,,271,,1015,,0,,,21,2015-02-18,,,2015-02-17,6553,,,,,,,,,1,0,,,,,,,0,,0,,,,,,,,0,,,,,,0,0,,,,,,,,,
272,test 272,,,272,,1015,,0,,,21,2015-02-18,,,2015-02-17,6553,,,,,,,,,1,0,,,,,,,0,,0,,,,,,,,0,,,,,,0,0,,,,,,,,,
273,test 273,,,273,,1015,,0,,,21,2015-02-18,,,2015-02-17,6553,,,,,,,,,1,0,,,,,,,0,,0,,,,,,,,0,,,,,,0,0,,,,,,,,,
274,AHMADDDD 274,,,274,,1015,,0,,,21,2015-02-18,,,2015-02-17,3493,,,,,,,,,1,0,,,,,,,0,,0,,,,,,,,0,,,,,,0,0,,,,,,,,,
275,AHMADDDD 275,,,275,,1015,,0,,,21,2015-02-18,,,2015-02-17,3493,,,,,,,,,1,0,,,,,,,0,,0,,,,,,,,0,,,,,,0,0,,,,,,,,,
276,AHMADDDD 276,,,276,,1015,,0,,,21,2015-02-18,,,2015-02-17,3493,,,,,,,,,1,0,,,,,,,0,,0,,,,,,,,0,,,,,,0,0,,,,,,,,,
277,Marie-Rose Site 277,,,277,,1015,,0,,,21,2015-02-18,,,2015-02-17,6553,,,,,,,,,1,0,,,,,,,0,,0,,,,,,,,0,,,,,,0,0,,,,,,,,,
279,OFF ROAD 279,,,279,,1015,,0,,,2,2015-02-17,,,2015-02-17,6553,,,,,,,,,1,0,,,,,,,0,,0,,,,,,,,0,,,,,,0,0,,,,,,,,,
280,MASTER PHONE 2 280,,,280,,1015,,0,,,2,2015-02-17,,,2015-02-17,6553,,,,,,,,,1,0,,,,,,,0,,0,,,,,,,,0,,,,,,0,0,,,,,,,,,
281,MASTER PHONE 2 281,,,281,,1015,,0,,,2,2015-02-17,,,2015-02-17,6553,,,,,,,,,1,0,,,,,,,0,,0,,,,,,,,0,,,,,,0,0,,,,,,,,,
282,AHMADDDD 282,,,282,,1015,,0,,,21,2015-02-18,,,2015-02-17,3493,,,,,,,,,1,0,,,,,,,0,,0,,,,,,,,0,,,,,,0,0,,,,,,,,,
283,AHMADDDD 283,,,283,,1015,,0,,,21,2015-02-18,,,2015-02-17,3493,,,,,,,,,1,0,,,,,,,0,,0,,,,,,,,0,,,,,,0,0,,,,,,,,,
284,AHMADDDD 284,,,284,,1015,,0,,,21,2015-02-18,,,2015-02-17,3493,,,,,,,,,1,0,,,,,,,0,,0,,,,,,,,0,,,,,,0,0,,,,,,,,,
299,Marie-Rose Site 299,,,299,,1015,,0,,,21,2015-02-18,,,2015-02-18,3493,,,,,,,,,1,0,,,,,,,0,,0,,,,,,,,0,,,,,,0,0,,,,,,,,,
302,Marie-Rose Site 302,,,302,,1015,,0,,,2,2015-02-18,,,2015-02-18,3493,,,,,,,,,1,0,,,,,,,0,,0,,,,,,,,0,,,,,,0,0,,,,,,,,,
325,AHMADDDD 325,,,325,,1015,,0,,,21,2015-02-23,,,2015-02-18,3493,,,,,,,,,1,0,,,,,,,0,,0,,,,,,,,0,,,,,,0,0,,,,,,,,,
346,"LL 5,000.00 - 346",,,346,,900,,0,,,21,2015-02-24,,,2015-02-19,3493,3493,2015-02-23,,,,,,,1,0,,,,,,,0,,0,,,,,,,,0,,,,,,0,0,,,,,,,,,
347,"LL 10,000.00 - 347",,,347,,900,,0,,,21,2015-03-06,,,2015-02-20,3493,,,,,,,,,1,0,,,,,,,0,,0,,,,,,,,0,,,,,,0,0,,,,,,,,,
348,"LL 1,000.00 - 348",,,348,,900,,0,,,21,2015-03-06,,,2015-02-20,3493,,,,,,,,,1,0,,,,,,,0,,0,,,,,,,,0,,,,,,0,0,,,,,,,,,
356,Subagent joli  356,,,356,,1015,,0,,,2,2015-02-23,,,2015-02-23,3493,,,,,,,,,1,0,,,,,,,0,,0,,,,,,,,0,,,,,,0,0,,,,,,,,,
365,"LL 5,000.00 - 365",,,365,,900,,0,,,21,2015-03-06,,,2015-02-23,3493,3493,2015-02-24,,,,,,,1,0,,,,,,,0,,0,,,,,,,,0,,,,,,0,0,,,,,,,,,
388,Submarine  388,,,388,,1015,,0,,,2,2015-02-24,,,2015-02-24,3493,,,,,,,,,1,0,,,,,,,0,,0,,,,,,,,0,,,,,,0,0,,,,,,,,,
391,Submarine  391,,,391,,1015,,0,,,2,2015-02-25,,,2015-02-25,3493,,,,,,,,,1,0,,,,,,,0,,0,,,,,,,,0,,,,,,0,0,,,,,,,,,
392,Submarine  392,,,392,,1015,,0,,,2,2015-02-25,,,2015-02-25,3493,,,,,,,,,1,0,,,,,,,0,,0,,,,,,,,0,,,,,,0,0,,,,,,,,,
412,dilma123 412,,,412,,1015,,0,,,2,2015-03-04,,,2015-03-04,3493,,,,,,,,,1,0,,,,,,,0,,0,,,,,,,,0,,,,,,0,0,,,,,,,,,
415,AHMADDDD 415,,,415,,1015,,0,,,2,2015-03-04,,,2015-03-04,3493,,,,,,,,,1,0,,,,,,,0,,0,,,,,,,,0,,,,,,0,0,,,,,,,,,
416,AHMADDDD 416,,,416,,1015,,0,,,2,2015-03-04,,,2015-03-04,3493,,,,,,,,,1,0,,,,,,,0,,0,,,,,,,,0,,,,,,0,0,,,,,,,,,
420,AHMADDDD 420,,,420,,1015,,0,,,2,2015-03-04,,,2015-03-04,3493,,,,,,,,,1,0,,,,,,,0,,0,,,,,,,,0,,,,,,0,0,,,,,,,,,
421,AHMADDDD 421,,,421,,1015,,0,,,2,2015-03-04,,,2015-03-04,3493,,,,,,,,,1,0,,,,,,,0,,0,,,,,,,,0,,,,,,0,0,,,,,,,,,
422,test 422,,,422,,1015,,0,,,2,2015-03-04,,,2015-03-04,3493,,,,,,,,,1,0,,,,,,,0,,0,,,,,,,,0,,,,,,0,0,,,,,,,,,
423,test 423,,,423,,1015,,0,,,2,2015-03-04,,,2015-03-04,3493,,,,,,,,,1,0,,,,,,,0,,0,,,,,,,,0,,,,,,0,0,,,,,,,,,
430,1213 - 430,,,1213,,900,,0,,,21,2015-03-06,,,2015-03-06,3493,3493,2015-03-06,,,,,,,1,0,,,,,,,0,,0,,,,,,,,0,,,,,,0,0,,,,,,,,,
435,HIJKLM  - 435,,,HIJKLM ,,900,,0,,,21,2015-03-09,,,2015-03-09,3493,3493,2015-03-09,,,,,,,1,0,,,,,,,0,,0,,,,,,,,0,,,,,,0,0,,,,,,,,,
456,cashCards - 456,,,456,,1117,,0,,,21,2015-03-23,,,2015-03-23,3493,,,,,,,,,1,0,,,,,,,0,,0,,,,,,,,0,,,,,,0,0,,,,,,,,,
473,cashCards - 473,,,473,,1117,,0,,,21,2015-04-17,,,2015-04-17,3493,,,,,,,,,1,0,,,,,,,0,,0,,,,,,,,0,,,,,,0,0,,,,,,,,,
474,cashCards - 474,,,474,,1117,,0,,,2,2015-04-17,,,2015-04-17,6555,,,,,,,,,1,0,,,,,,,0,,0,,,,,,,,0,,,,,,0,0,,,,,,,,,
475,cashCards - 475,,,475,,1117,,0,,,21,2015-04-17,,,2015-04-17,3493,,,,,,,,,1,0,,,,,,,0,,0,,,,,,,,0,,,,,,0,0,,,,,,,,,
476,cashCards - 476,,,476,,1117,,0,,,2,2015-04-17,,,2015-04-17,6555,,,,,,,,,1,0,,,,,,,0,,0,,,,,,,,0,,,,,,0,0,,,,,,,,,
477,cashCards - 477,,,477,,1117,,0,,,2,2015-04-17,,,2015-04-17,3493,,,,,,,,,1,0,,,,,,,0,,0,,,,,,,,0,,,,,,0,0,,,,,,,,,
478,cashCards - 478,,,478,,1117,,0,,,2,2015-04-17,,,2015-04-17,6555,,,,,,,,,1,0,,,,,,,0,,0,,,,,,,,0,,,,,,0,0,,,,,,,,,
479,cashCards - 479,,,479,,1117,,0,,,21,2015-04-17,,,2015-04-17,3493,,,,,,,,,1,0,,,,,,,0,,0,,,,,,,,0,,,,,,0,0,,,,,,,,,
480,cashCards - 480,,,480,,1117,,0,,,21,2015-04-20,,,2015-04-17,6555,,,,,,,,,1,0,,,,,,,0,,0,,,,,,,,0,,,,,,0,0,,,,,,,,,
482,cashCards - 482,,,482,,1117,,0,,,21,2015-04-17,,,2015-04-17,3493,,,,,,,,,1,0,,,,,,,0,,0,,,,,,,,0,,,,,,0,0,,,,,,,,,
483,cashCards - 483,,,483,,1117,,0,,,21,2015-04-17,,,2015-04-17,3493,,,,,,,,,1,0,,,,,,,0,,0,,,,,,,,0,,,,,,0,0,,,,,,,,,
488,cashCards - 488,,,488,,1117,,0,,,21,2015-04-20,,,2015-04-20,6555,,,,,,,,,1,0,,,,,,,0,,0,,,,,,,,0,,,,,,0,0,,,,,,,,,
491,cashCards - 491,,,491,,1117,,0,,,21,2015-04-20,,,2015-04-20,6555,,,,,,,,,1,0,,,,,,,0,,0,,,,,,,,0,,,,,,0,0,,,,,,,,,
492,cashCards - 492,,,492,,1117,,0,,,21,2015-04-20,,,2015-04-20,6555,,,,,,,,,1,0,,,,,,,0,,0,,,,,,,,0,,,,,,0,0,,,,,,,,,
493,cashCards - 493,,,493,,1117,,0,,,21,2015-04-20,,,2015-04-20,6555,,,,,,,,,1,0,,,,,,,0,,0,,,,,,,,0,,,,,,0,0,,,,,,,,,
494,cashCards - 494,,,494,,1117,,0,,,21,2015-04-20,,,2015-04-20,6555,,,,,,,,,1,0,,,,,,,0,,0,,,,,,,,0,,,,,,0,0,,,,,,,,,
495,cashCards - 495,,,495,,1117,,0,,,21,2015-04-20,,,2015-04-20,6555,,,,,,,,,1,0,,,,,,,0,,0,,,,,,,,0,,,,,,0,0,,,,,,,,,
496,cashCards - 496,,,496,,1117,,0,,,21,2015-04-20,,,2015-04-20,6555,,,,,,,,,1,0,,,,,,,0,,0,,,,,,,,0,,,,,,0,0,,,,,,,,,
497,cashCards - 497,,,497,,1117,,0,,,21,2015-04-20,,,2015-04-20,6555,,,,,,,,,1,0,,,,,,,0,,0,,,,,,,,0,,,,,,0,0,,,,,,,,,
498,cashCards - 498,,,498,,1117,,0,,,21,2015-04-20,,,2015-04-20,6555,,,,,,,,,1,0,,,,,,,0,,0,,,,,,,,0,,,,,,0,0,,,,,,,,,
499,cashCards - 499,,,499,,1117,,0,,,21,2015-04-20,,,2015-04-20,6555,,,,,,,,,1,0,,,,,,,0,,0,,,,,,,,0,,,,,,0,0,,,,,,,,,
501,150 - 501,,,150,,900,,0,,,21,2015-07-14,,,2015-04-20,6555,6555,2015-04-20,,,,,,,1,0,,,,,,,0,,0,,,,,,,,0,,,,,,0,0,,,,,,,,,
502,450 - 502,,,450,,900,,0,,,21,2015-04-23,,,2015-04-20,6555,,,,,,,,,1,0,,,,,,,0,,0,,,,,,,,0,,,,,,0,0,,,,,,,,,
508,100 - 508,,,100,,900,,0,,,21,2015-04-24,,,2015-04-20,6555,3493,2015-04-21,,,,,,,1,0,,,,,,,0,,0,,,,,,,,0,,,,,,0,0,,,,,,,,,
519,cashCards - 519,,,519,,1117,,0,,,2,2015-04-21,,,2015-04-21,3493,,,,,,,,,1,0,,,,,,,0,,0,,,,,,,,0,,,,,,0,0,,,,,,,,,
741,Site # 2 741,,,741,,1015,,0,,,2,2015-10-15,,,2015-10-15,6834,,,,,,,,,1,0,,,,,,,0,,0,,,,,,,,0,,,,,,0,0,,,,,,,,,
742,Site # 2 742,,,742,,1015,,0,,,2,2015-10-15,,,2015-10-15,6834,,,,,,,,,1,0,,,,,,,0,,0,,,,,,,,0,,,,,,0,0,,,,,,,,,
743, JOUNIEH Store 743,,,743,,1015,,0,,,2,2015-10-15,,,2015-10-15,6834,,,,,,,,,1,0,,,,,,,0,,0,,,,,,,,0,,,,,,0,0,,,,,,,,,
744, JOUNIEH Store 744,,,744,,1015,,0,,,2,2015-10-15,,,2015-10-15,6834,,,,,,,,,1,0,,,,,,,0,,0,,,,,,,,0,,,,,,0,0,,,,,,,,,
745, JOUNIEH Store 745,,,745,,1015,,0,,,2,2015-10-15,,,2015-10-15,6834,,,,,,,,,1,0,,,,,,,0,,0,,,,,,,,0,,,,,,0,0,,,,,,,,,
746,123 - 746,,,123,,900,,0,,,113,2015-10-15,,,2015-10-15,6553,,,,,,,,,1,0,,,,,,,0,,0,,,,,,,,0,,,,,,0,0,,,,,,,,,
749,cashCards - 749,,,749,,1117,,0,,,21,2015-10-15,,,2015-10-15,3493,,,,,,,,,1,0,,,,,,,0,,0,,,,,,,,0,,,,,,0,0,,,,,,,,,
776,3 - 776,,,3,,900,,0,,,113,2015-12-07,,,2015-12-01,3493,,,,,,,,,1,0,,,,,,,0,,0,,,,,,,,0,,,,,,0,0,,,,,,,,,
777,cashCards - 777,,,777,,1117,,0,,,2,2015-12-01,,,2015-12-01,3493,,,,,,,,,1,0,,,,,,,0,,0,,,,,,,,0,,,,,,0,0,,,,,,,,,
778,Subagent site  778,,,778,,1015,,0,,,2,2015-12-04,,,2015-12-04,6894,,,,,,,,,1,0,,,,,,,0,,0,,,,,,,,0,,,,,,0,0,,,,,,,,,
788,7458 - 788,,,7458,,900,,0,,,21,2016-02-29,,,2016-02-29,6974,,,,,,,,,1,0,,,,,,,0,,0,,,,,,,,0,,,,,,0,0,,,,,,,,,
805,SV site 1 805,,,805,,1015,,0,,,2,2016-06-30,,,2016-06-30,6834,,,,,,,,,1,0,,,,,,,0,,0,,,,,,,,0,,,,,,0,0,,,,,,,,,
806,SV site 2 806,,,806,,1015,,0,,,2,2016-07-01,,,2016-07-01,6834,,,,,,,,,1,0,,,,,,,0,,0,,,,,,,,0,,,,,,0,0,,,,,,,,,
807,Valoores - site 1  807,,,807,,1015,,0,,,2,2016-07-01,,,2016-07-01,6834,,,,,,,,,1,0,,,,,,,0,,0,,,,,,,,0,,,,,,0,0,,,,,,,,,
808,Valoores - site 2 808,,,808,,1015,,0,,,2,2016-07-01,,,2016-07-01,6834,,,,,,,,,1,0,,,,,,,0,,0,,,,,,,,0,,,,,,0,0,,,,,,,,,
809,SS view 1 809,,,809,,1015,,0,,,2,2016-07-01,,,2016-07-01,6834,,,,,,,,,1,0,,,,,,,0,,0,,,,,,,,0,,,,,,0,0,,,,,,,,,
810,SS view 2 810,,,810,,1015,,0,,,2,2016-07-01,,,2016-07-01,6834,,,,,,,,,1,0,,,,,,,0,,0,,,,,,,,0,,,,,,0,0,,,,,,,,,
812,View # 1 812,,,812,,1015,,0,,,2,2016-07-05,,,2016-07-05,6834,,,,,,,,,1,0,,,,,,,0,,0,,,,,,,,0,,,,,,0,0,,,,,,,,,
813,View # 2 813,,,813,,1015,,0,,,2,2016-07-05,,,2016-07-05,6834,,,,,,,,,1,0,,,,,,,0,,0,,,,,,,,0,,,,,,0,0,,,,,,,,,
814,R1 View 814,,,814,,1015,,0,,,2,2016-07-06,,,2016-07-06,6834,,,,,,,,,1,0,,,,,,,0,,0,,,,,,,,0,,,,,,0,0,,,,,,,,,
830,Rachelle J site 830,,,830,,1015,,0,,,2,2016-11-10,,,2016-11-10,3493,,,,,,,,,1,0,,,,,,,0,,0,,,,,,,,0,,,,,,0,0,,,,,,,,,
822,DOWNTOWN / BEIRUT SOUKS 822,,,822,,1015,,0,,,2,2016-08-18,,,2016-08-18,3493,,,,,,,,,1,0,,,,,,,0,,0,,,,,,,,0,,,,,,0,0,,,,,,,,,
823,DOWNTOWN / BEIRUT SOUKS 823,,,823,,1015,,0,,,2,2016-08-18,,,2016-08-18,3493,,,,,,,,,1,0,,,,,,,0,,0,,,,,,,,0,,,,,,0,0,,,,,,,,,
831,Rachelle J site 831,,,831,,1015,,0,,,2,2016-11-10,,,2016-11-10,3493,,,,,,,,,1,0,,,,,,,0,,0,,,,,,,,0,,,,,,0,0,,,,,,,,,
832,Rachelle J site 832,,,832,,1015,,0,,,21,2016-11-10,,,2016-11-10,3493,,,,,,,,,1,0,,,,,,,0,,0,,,,,,,,0,,,,,,0,0,,,,,,,,,
833,Sub-agent Site Joelle 833,,,833,,1015,,0,,,2,2016-11-10,,,2016-11-10,3493,,,,,,,,,1,0,,,,,,,0,,0,,,,,,,,0,,,,,,0,0,,,,,,,,,
753, JOUNIEH Store 753,,,753,,1015,,0,,,21,2015-10-15,,,2015-10-15,6553,,,,,,,,,1,0,,,,,,,0,,0,,,,,,,,0,,,,,,0,0,,,,,,,,,
754, JOUNIEH Store 754,,,754,,1015,,0,,,21,2015-10-16,,,2015-10-15,6553,,,,,,,,,1,0,,,,,,,0,,0,,,,,,,,0,,,,,,0,0,,,,,,,,,
762, JOUNIEH Store 762,,,762,,1015,,0,,,2,2015-10-21,,,2015-10-21,6834,,,,,,,,,1,0,,,,,,,0,,0,,,,,,,,0,,,,,,0,0,,,,,,,,,
763, JOUNIEH Store 763,,,763,,1015,,0,,,2,2015-10-21,,,2015-10-21,6834,,,,,,,,,1,0,,,,,,,0,,0,,,,,,,,0,,,,,,0,0,,,,,,,,,
779,Subagent site -AT 779,,,779,,1015,,0,,,2,2015-12-07,,,2015-12-07,6894,,,,,,,,,1,0,,,,,,,0,,0,,,,,,,,0,,,,,,0,0,,,,,,,,,
780,3.0 - 780,,,3.0,,900,,0,,,113,2015-12-31,,,2015-12-08,6894,7114,2017-08-07,,,,,,,1,0,,,,,,,0,,0,,,,,,,,0,,,,,,0,0,,,,,,,,,
781,cashCards - 781,,,781,,1117,,0,,,2,2015-12-08,,,2015-12-08,6894,,,,,,,,,1,0,,,,,,,0,,0,,,,,,,,0,,,,,,0,0,,,,,,,,,
9,UNION,,,9,,200,,0,,,2,2015-10-08,,,2015-10-08,-1,,,,,,,,,1,0,,,,,,,0,,0,,,,,,,,0,,,,,,0,0,,,,,,,,,
770, JOUNIEH Store 770,,,770,,1015,,0,,,2,2015-11-05,,,2015-11-05,6834,,,,,,,,,1,0,,,,,,,0,,0,,,,,,,,0,,,,,,0,0,,,,,,,,,
824,New Phone Site#1 824,,,824,,1015,,0,,,2,2016-09-01,,,2016-09-01,7114,,,,,,,,,1,0,,,,,,,0,,0,,,,,,,,0,,,,,,0,0,,,,,,,,,
825,New Phone Site#1 825,,,825,,1015,,0,,,2,2016-09-01,,,2016-09-01,7114,,,,,,,,,1,0,,,,,,,0,,0,,,,,,,,0,,,,,,0,0,,,,,,,,,
826,New Phone Site#2 826,,,826,,1015,,0,,,2,2016-09-01,,,2016-09-01,7114,,,,,,,,,1,0,,,,,,,0,,0,,,,,,,,0,,,,,,0,0,,,,,,,,,
730,Raphael site 730,,,730,,1015,,0,,,2,2015-09-30,,,2015-09-30,6554,,,,,,,,,1,0,,,,,,,0,,0,,,,,,,,0,,,,,,0,0,,,,,,,,,
755, JOUNIEH Store 755,,,755,,1015,,0,,,21,2015-10-16,,,2015-10-16,6553,,,,,,,,,1,0,,,,,,,0,,0,,,,,,,,0,,,,,,0,0,,,,,,,,,
756, JOUNIEH Store 756,,,756,,1015,,0,,,2,2015-10-16,,,2015-10-16,3493,,,,,,,,,1,0,,,,,,,0,,0,,,,,,,,0,,,,,,0,0,,,,,,,,,
782,cashCards - 782,,,782,,1117,,0,,,2,2016-01-12,,,2016-01-12,3493,,,,,,,,,1,0,,,,,,,0,,0,,,,,,,,0,,,,,,0,0,,,,,,,,,
783,cashCards - 783,,,783,,1117,,0,,,2,2016-01-12,,,2016-01-12,3493,,,,,,,,,1,0,,,,,,,0,,0,,,,,,,,0,,,,,,0,0,,,,,,,,,
797,Big Sale site 2 797,,,797,,1015,,0,,,2,2016-05-17,,,2016-05-17,6834,,,,,,,,,1,0,,,,,,,0,,0,,,,,,,,0,,,,,,0,0,,,,,,,,,
798,Big Sale site 2 798,,,798,,1015,,0,,,2,2016-05-17,,,2016-05-17,6834,,,,,,,,,1,0,,,,,,,0,,0,,,,,,,,0,,,,,,0,0,,,,,,,,,
820,NAJIB GROCERY 820,,,820,,1015,,0,,,2,2016-08-17,,,2016-08-17,7119,,,,,,,,,1,0,,,,,,,0,,0,,,,,,,,0,,,,,,0,0,,,,,,,,,
835,11 - 835,,,11,,900,,0,,,21,2019-01-21,,,2016-11-18,7214,7214,2017-11-03,,,,,,,1,0,,,,,,,0,,0,,,,,,,,0,,,,,,0,0,,,,,,,,,
836,cashCards - 836,,,836,,1117,,0,,,2,2016-11-18,,,2016-11-18,7214,,,,,,,,,1,0,,,,,,,0,,0,,,,,,,,0,,,,,,0,0,,,,,,,,,
757,jolibelle shop 757,,,757,,1015,,0,,,2,2015-10-16,,,2015-10-16,3493,,,,,,,,,1,0,,,,,,,0,,0,,,,,,,,0,,,,,,0,0,,,,,,,,,
758,jolibelle shop 758,,,758,,1015,,0,,,2,2015-10-16,,,2015-10-16,3493,,,,,,,,,1,0,,,,,,,0,,0,,,,,,,,0,,,,,,0,0,,,,,,,,,
759,Galerie Versaille 4 759,,,759,,1015,,0,,,2,2015-10-16,,,2015-10-16,6553,,,,,,,,,1,0,,,,,,,0,,0,,,,,,,,0,,,,,,0,0,,,,,,,,,
760,jolibelle shop 760,,,760,,1015,,0,,,2,2015-10-16,,,2015-10-16,6834,,,,,,,,,1,0,,,,,,,0,,0,,,,,,,,0,,,,,,0,0,,,,,,,,,
766,BOB - ACHRAFIEH - SIOUFI 766,,,766,,1015,,0,,,2,2015-11-02,,,2015-11-02,6834,,,,,,,,,1,0,,,,,,,0,,0,,,,,,,,0,,,,,,0,0,,,,,,,,,
767,123.0 - 767,,,123.0,,900,,0,,,113,2016-11-02,,,2015-11-02,3493,6974,2016-03-18,,,,,,,1,0,,,,,,,0,,0,,,,,,,,0,,,,,,0,0,,,,,,,,,
768,BOB - ACHRAFIEH - SIOUFI 768,,,768,,1015,,0,,,2,2015-11-03,,,2015-11-03,6834,,,,,,,,,1,0,,,,,,,0,,0,,,,,,,,0,,,,,,0,0,,,,,,,,,
769,BOB - ACHRAFIEH - SIOUFI 769,,,769,,1015,,0,,,2,2015-11-03,,,2015-11-03,6834,,,,,,,,,1,0,,,,,,,0,,0,,,,,,,,0,,,,,,0,0,,,,,,,,,
790,Arteezy 790,,,790,,1015,,0,,,2,2016-04-27,,,2016-04-27,6934,,,,,,,,,1,0,,,,,,,0,,0,,,,,,,,0,,,,,,0,0,,,,,,,,,
800,Elijah's list 800,,,800,,1015,,0,,,2,2016-05-23,,,2016-05-23,6834,,,,,,,,,1,0,,,,,,,0,,0,,,,,,,,0,,,,,,0,0,,,,,,,,,
802,BOB Views 1  802,,,802,,1015,,0,,,2,2016-06-29,,,2016-06-29,6834,,,,,,,,,1,0,,,,,,,0,,0,,,,,,,,0,,,,,,0,0,,,,,,,,,
803,BOB Views 2  803,,,803,,1015,,0,,,2,2016-06-29,,,2016-06-29,6834,,,,,,,,,1,0,,,,,,,0,,0,,,,,,,,0,,,,,,0,0,,,,,,,,,
804,BOB Views 3  804,,,804,,1015,,0,,,2,2016-06-29,,,2016-06-29,6834,,,,,,,,,1,0,,,,,,,0,,0,,,,,,,,0,,,,,,0,0,,,,,,,,,
815,Site Views 1  815,,,815,,1015,,0,,,2,2016-07-07,,,2016-07-07,3493,,,,,,,,,1,0,,,,,,,0,,0,,,,,,,,0,,,,,,0,0,,,,,,,,,
816,SV site 2 816,,,816,,1015,,0,,,21,2016-08-08,,,2016-08-08,6554,,,,,,,,,1,0,,,,,,,0,,0,,,,,,,,0,,,,,,0,0,,,,,,,,,
817,RITA Cell2 817,,,817,,1015,,0,,,2,2016-08-10,,,2016-08-10,7114,,,,,,,,,1,0,,,,,,,0,,0,,,,,,,,0,,,,,,0,0,,,,,,,,,
818,RITA Cell2 818,,,818,,1015,,0,,,2,2016-08-10,,,2016-08-10,7114,,,,,,,,,1,0,,,,,,,0,,0,,,,,,,,0,,,,,,0,0,,,,,,,,,
728,Maria 728,,,728,,1015,,0,,,2,2015-09-28,,,2015-09-28,6554,,,,,,,,,1,0,,,,,,,0,,0,,,,,,,,0,,,,,,0,0,,,,,,,,,
740,cashCards - 740,,,740,,1117,,0,,,21,2015-10-14,,,2015-10-14,6834,,,,,,,,,1,0,,,,,,,0,,0,,,,,,,,0,,,,,,0,0,,,,,,,,,
747,Aline N 747,,,747,,1015,,0,,,2,2015-10-15,,,2015-10-15,6834,,,,,,,,,1,0,,,,,,,0,,0,,,,,,,,0,,,,,,0,0,,,,,,,,,
748,cashCards - 748,,,748,,1117,,0,,,21,2015-10-15,,,2015-10-15,3493,,,,,,,,,1,0,,,,,,,0,,0,,,,,,,,0,,,,,,0,0,,,,,,,,,
750,12.0 - 750,,,12.0,,900,,0,,,113,2015-10-31,,,2015-10-15,6834,6974,2016-05-31,,,,,,,1,0,,,,,,,0,,0,,,,,,,,0,,,,,,0,0,,,,,,,,,
751,cashCards - 751,,,751,,1117,,0,,,2,2015-10-15,,,2015-10-15,6834,,,,,,,,,1,0,,,,,,,0,,0,,,,,,,,0,,,,,,0,0,,,,,,,,,
752, JOUNIEH Store 752,,,752,,1015,,0,,,21,2015-10-15,,,2015-10-15,3493,,,,,,,,,1,0,,,,,,,0,,0,,,,,,,,0,,,,,,0,0,,,,,,,,,
772,Com site 772,,,772,,1015,,0,,,2,2015-11-25,,,2015-11-25,6554,,,,,,,,,1,0,,,,,,,0,,0,,,,,,,,0,,,,,,0,0,,,,,,,,,
784,Upgrade site 784,,,784,,1015,,0,,,21,2016-01-26,,,2016-01-26,6834,,,,,,,,,1,0,,,,,,,0,,0,,,,,,,,0,,,,,,0,0,,,,,,,,,
785,Upgrade site 785,,,785,,1015,,0,,,2,2016-01-26,,,2016-01-26,6834,,,,,,,,,1,0,,,,,,,0,,0,,,,,,,,0,,,,,,0,0,,,,,,,,,
786,cashCards - 786,,,786,,1117,,0,,,2,2016-01-27,,,2016-01-27,6834,,,,,,,,,1,0,,,,,,,0,,0,,,,,,,,0,,,,,,0,0,,,,,,,,,
787,cashCards - 787,,,787,,1117,,0,,,2,2016-01-27,,,2016-01-27,6834,,,,,,,,,1,0,,,,,,,0,,0,,,,,,,,0,,,,,,0,0,,,,,,,,,
828,Adib Site 828,,,828,,1015,,0,,,2,2016-10-19,,,2016-10-19,7114,,,,,,,,,1,0,,,,,,,0,,0,,,,,,,,0,,,,,,0,0,,,,,,,,,
854,78745454 854,,,854,,1015,,0,,,2,2017-01-10,,,2017-01-10,6974,,,,,,,,,1,0,,,,,,,0,,0,,,,,,,,0,,,,,,0,0,,,,,,,,,
856,cashCards - 856,,,856,,1117,,0,,,2,2017-01-30,,,2017-01-30,7214,,,,,,,,,1,0,,,,,,,0,,0,,,,,,,,0,,,,,,0,0,,,,,,,,,
716,Feidelity Card,,,716,,1118,,0,,,2,2015-09-25,,,2015-09-25,-888,,,,,,,,,1,0,,,,,,,0,,0,,,,,,,,0,,,,,,0,0,,,,,,,,,
16666,For LU,,,16666,,900,,0,,,2,2015-09-29,,,2015-09-29,-888,,,,,,,,,1,0,,,,,,,0,,0,,,,,,,,0,,,,,,0,0,,,,,,,,,
737,1 - 737,,,1,,900,,0,,,21,2015-10-12,,,2015-10-12,3493,,,,,,,,,1,0,,,,,,,0,,0,,,,,,,,0,,,,,,0,0,,,,,,,,,
738,cashCards - 738,,,738,,1117,,0,,,21,2015-10-12,,,2015-10-12,3493,,,,,,,,,1,0,,,,,,,0,,0,,,,,,,,0,,,,,,0,0,,,,,,,,,
775,2 - 775,,,2,,900,,0,,,113,2015-12-01,,,2015-12-01,6554,,,,,,,,,1,0,,,,,,,0,,0,,,,,,,,0,,,,,,0,0,,,,,,,,,
793,Como J Branch 793,,,793,,1015,,0,,,2,2016-05-16,,,2016-05-16,6834,,,,,,,,,1,0,,,,,,,0,,0,,,,,,,,0,,,,,,0,0,,,,,,,,,
794,Como B branch 794,,,794,,1015,,0,,,2,2016-05-16,,,2016-05-16,6834,,,,,,,,,1,0,,,,,,,0,,0,,,,,,,,0,,,,,,0,0,,,,,,,,,
795,Como B branch 795,,,795,,1015,,0,,,2,2016-05-16,,,2016-05-16,6834,,,,,,,,,1,0,,,,,,,0,,0,,,,,,,,0,,,,,,0,0,,,,,,,,,
796,Big Sale Site 1 796,,,796,,1015,,0,,,2,2016-05-17,,,2016-05-17,6834,,,,,,,,,1,0,,,,,,,0,,0,,,,,,,,0,,,,,,0,0,,,,,,,,,
844,MINISTRY OF FINANCE,,,844,,200,,0,,,2,2017-01-31,,,2017-01-31,-1,,,,,,,,,1,0,,,,,,,0,,0,,,,,,,,0,,,,,,0,0,,,,,,,,,
843,GOVERNMENT BILL COLLECTION,,,843,,200,,0,,,2,2016-11-29,,,2016-11-29,-888,,,,,,,,,1,0,,,,,,,0,,0,,,,,,,,0,,,,,,0,0,,,,,,,,,
736,cashCards - 736,,,736,,1117,,0,,,21,2015-10-09,,,2015-10-09,3493,,,,,,,,,1,0,,,,,,,0,,0,,,,,,,,0,,,,,,0,0,,,,,,,,,
771,MP 771,,,771,,1015,,0,,,2,2015-11-09,,,2015-11-09,6894,,,,,,,,,1,0,,,,,,,0,,0,,,,,,,,0,,,,,,0,0,,,,,,,,,
792,catarina 792,,,792,,1015,,0,,,2,2016-05-12,,,2016-05-12,6834,,,,,,,,,1,0,,,,,,,0,,0,,,,,,,,0,,,,,,0,0,,,,,,,,,
834,23.0 - 834,,,23.0,,900,,0,,,21,2016-11-16,,,2016-11-16,7214,7214,2016-11-16,,,,,,,1,0,,,,,,,0,,0,,,,,,,,0,,,,,,0,0,,,,,,,,,
16670,FR - outbound - Site 1 16670,,,16670,,1015,,0,,,2,2017-04-19,,,2017-04-19,7274,,,,,,,,,1,0,,,,,,,0,,0,,,,,,,,0,,,,,,0,0,,,,,,,,,
16671,FR - OUTBOUND 2 16671,,,16671,,1015,,0,,,2,2017-04-25,,,2017-04-25,7274,,,,,,,,,1,0,,,,,,,0,,0,,,,,,,,0,,,,,,0,0,,,,,,,,,
16672,FR - OUTBOUND 3 16672,,,16672,,1015,,0,,,2,2017-04-25,,,2017-04-25,7274,,,,,,,,,1,0,,,,,,,0,,0,,,,,,,,0,,,,,,0,0,,,,,,,,,
16673,FR - OUTBOUND 4 16673,,,16673,,1015,,0,,,2,2017-04-26,,,2017-04-26,7274,,,,,,,,,1,0,,,,,,,0,,0,,,,,,,,0,,,,,,0,0,,,,,,,,,
16675,BOB - AOUKAR 16675,,,16675,,1015,,0,,,2,2017-05-11,,,2017-05-11,7114,,,,,,,,,1,0,,,,,,,0,,0,,,,,,,,0,,,,,,0,0,,,,,,,,,
16833,Alfa 10$,,,13,,900,,0,,,,,,,2019-10-17,,,,,,,,,,1,0,,,,,,,0,,0,,,,,,,,0,,,,,,0,0,,,,,,,,,
16677,454555.0 - 16677,,,454555.0,,900,,0,,,21,2017-05-18,,,2017-05-18,6974,6974,2017-05-18,,,,,,,1,0,,,,,,,0,,0,,,,,,,,0,,,,,,0,0,,,,,,,,,
16667,View - Clt - Site # 1 16667,,,16667,,1015,,0,,,2,2017-04-06,,,2017-04-06,7274,,,,,,,,,1,0,,,,,,,0,,0,,,,,,,,0,,,,,,0,0,,,,,,,,,
16669,Site 1 - Farid 16669,,,16669,,1015,,0,,,2,2017-04-18,,,2017-04-18,7274,,,,,,,,,1,0,,,,,,,0,,0,,,,,,,,0,,,,,,0,0,,,,,,,,,
16668,Farid's site A1 16668,,,16668,,1015,,0,,,2,2017-04-11,,,2017-04-11,7274,,,,,,,,,1,0,,,,,,,0,,0,,,,,,,,0,,,,,,0,0,,,,,,,,,
16674,FR - OUTBOUND 7 16674,,,16674,,1015,,0,,,2,2017-04-26,,,2017-04-26,7274,,,,,,,,,1,0,,,,,,,0,,0,,,,,,,,0,,,,,,0,0,,,,,,,,,
16678,SN 3 16678,,,16678,,1015,,0,,,2,2017-07-20,,,2017-07-20,7274,,,,,,,,,1,0,,,,,,,0,,0,,,,,,,,0,,,,,,0,0,,,,,,,,,
845,PIN PAY,,,845,,200,,0,,,2,2017-09-19,,,2017-09-19,-1,,,,,,,,,1,0,,,,,,,0,,0,,,,,,,,0,,,,,,0,0,,,,,,,,,
16682,CRF Co 16682,,,16682,,1015,,0,,,2,2017-10-13,,,2017-10-13,7274,,,,,,,,,1,0,,,,,,,0,,0,,,,,,,,0,,,,,,0,0,,,,,,,,,
16688,Rachelle - Rita site 16688,,,16688,,1015,,0,,,21,2017-12-27,,,2017-12-27,6974,,,,,,,,,1,0,,,,,,,0,,0,,,,,,,,0,,,,,,0,0,,,,,,,,,
16699,R Bank 34 16699,,,16699,,1015,,0,,,2,2018-04-11,,,2018-04-11,7274,,,,,,,,,1,0,,,,,,,0,,0,,,,,,,,0,,,,,,0,0,,,,,,,,,
16700,anthony 16700,,,16700,,1015,,0,,,2,2018-05-25,,,2018-05-25,8317,,,,,,,,,1,0,,,,,,,0,,0,,,,,,,,0,,,,,,0,0,,,,,,,,,
16690,subagentsite 16690,,,16690,,1015,,0,,,2,2018-02-28,,,2018-02-28,8217,,,,,,,,,1,0,,,,,,,0,,0,,,,,,,,0,,,,,,0,0,,,,,,,,,
16694,valoores ziad 16694,,,16694,,1015,,0,,,2,2018-04-04,,,2018-04-04,7274,,,,,,,,,1,0,,,,,,,0,,0,,,,,,,,0,,,,,,0,0,,,,,,,,,
16695,BOB VIEWS - ziad 16695,,,16695,,1015,,0,,,2,2018-04-04,,,2018-04-04,7274,,,,,,,,,1,0,,,,,,,0,,0,,,,,,,,0,,,,,,0,0,,,,,,,,,
16697,houeiss 16697,,,16697,,1015,,0,,,2,2018-04-04,,,2018-04-04,8317,,,,,,,,,1,0,,,,,,,0,,0,,,,,,,,0,,,,,,0,0,,,,,,,,,
16698,houeiss 16698,,,16698,,1015,,0,,,2,2018-04-04,,,2018-04-04,8317,,,,,,,,,1,0,,,,,,,0,,0,,,,,,,,0,,,,,,0,0,,,,,,,,,
16702,anthony 16702,,,16702,,1015,,0,,,2,2018-10-11,,,2018-10-11,8317,,,,,,,,,1,0,,,,,,,0,,0,,,,,,,,0,,,,,,0,0,,,,,,,,,
16704,guess who 16704,,,16704,,1015,,0,,,2,2019-01-29,,,2019-01-29,7274,,,,,,,,,1,0,,,,,,,0,,0,,,,,,,,0,,,,,,0,0,,,,,,,,,
16680,Samsung 1 16680,,,16680,,1015,,0,,,2,2017-08-08,,,2017-08-08,6974,,,,,,,,,1,0,,,,,,,0,,0,,,,,,,,0,,,,,,0,0,,,,,,,,,
16684,S B - PROSPECT 16684,,,16684,,1015,,0,,,2,2017-11-07,,,2017-11-07,7274,,,,,,,,,1,0,,,,,,,0,,0,,,,,,,,0,,,,,,0,0,,,,,,,,,
16692,subagentsite 16692,,,16692,,1015,,0,,,2,2018-03-01,,,2018-03-01,8217,,,,,,,,,1,0,,,,,,,0,,0,,,,,,,,0,,,,,,0,0,,,,,,,,,
16706,anthonytest 16706,,,16706,,1015,,0,,,2,2019-02-13,,,2019-02-13,8317,,,,,,,,,1,0,,,,,,,0,,0,,,,,,,,0,,,,,,0,0,,,,,,,,,
16708,anthony13 16708,,,16708,,1015,,0,,,2,2019-04-16,,,2019-04-16,8317,,,,,,,,,1,0,,,,,,,0,,0,,,,,,,,0,,,,,,0,0,,,,,,,,,
16696,Bank of Beirut VIEWS - ziad 16696,,,16696,,1015,,0,,,2,2018-04-04,,,2018-04-04,7274,,,,,,,,,1,0,,,,,,,0,,0,,,,,,,,0,,,,,,0,0,,,,,,,,,
16842,MJK Product 2,,,1502,,900,,0,,,,,,,2019-11-08,,7116,2019-11-08,,,,,,,1,0,,,61,,,,0,,0,,,,,,,,0,,,,,,0,0,,,,,,,,,
16843,rest,,,1,,900,,0,,,,,,,2019-11-08,,,,,,,,,,1,0,,,,,,,0,,0,,,,,,,,0,,,,,,0,0,,,,,,,,,
16850,Alfa,,,1,,900,,0,,,,,,,2019-11-12,,6974,2019-11-12,,,,,,,1,0,,,61,,,,0,,0,,,,,,,,0,,,,,,0,0,,,,,,,,,
16851,Alfa 10$,,,1,,900,,0,,,,,,,2019-11-12,,,,,,,,,,1,0,,,,,,,0,,0,,,,,,,,0,,,,,,0,0,,,,,,,,,
16852,Alfa 22$,,,2,,900,,0,,,,,,,2019-11-12,,,,,,,,,,1,0,,,,,,,0,,0,,,,,,,,0,,,,,,0,0,,,,,,,,,
16853,Alfa 33$,,,3,,900,,0,,,,,,,2019-11-12,,,,,,,,,,1,0,,,,,,,0,,0,,,,,,,,0,,,,,,0,0,,,,,,,,,
16810,bnil;guoil;,,,nkl;',,900,,0,,,,,,,2019-10-09,,7214,2019-10-09,,,,,,,1,0,,,61,,,,0,,0,,,,,,,,0,,,,,,0,0,,,,,,,,,
16854,Touch,,,3,,900,,0,,,,,,,2019-11-12,,6974,2019-11-12,,,,,,,1,0,,,61,,,,0,,0,,,,,,,,0,,,,,,0,0,,,,,,,,,
16855,Touch 11$,,,4,,900,,0,,,,,,,2019-11-12,,,,,,,,,,1,0,,,,,,,0,,0,,,,,,,,0,,,,,,0,0,,,,,,,,,
16856,Touch 23$,,,5,,900,,0,,,,,,,2019-11-12,,,,,,,,,,1,0,,,,,,,0,,0,,,,,,,,0,,,,,,0,0,,,,,,,,,
16824,alfa,,,1234,,900,,0,,,,,,,2019-10-10,,8317,2019-10-10,,,,,,,1,0,,,61,,,,0,,0,,,,,,,,0,,,,,,0,0,,,,,,,,,
16795,MJK ,,,2500,,900,,0,,,,,,,2019-10-09,,,,,,,,,,1,0,,,,,,,0,,0,,,,,,,,0,,,20,5,50,0,0,,,,,,,,,
16825,alfa 16$,,,4333,,900,,0,,,,,,,2019-10-10,,,,,,,,,,1,0,,,,,,,0,,0,,,,,,,,0,,,,,,0,0,,,,,,,,,
16858,Meneral,,,6,,900,,0,,,,,,,2019-11-14,,,,,,,,,,1,0,,,61,,,,0,,0,,,,,,,,0,,,,,,0,0,,,,,,,,,
16798,Alfa,,,2,,900,,0,,,,,,,2019-10-09,,,,,,,,,,1,0,,,,,,,0,,0,,,,,,,,0,,,3,4,100,0,0,,,,,,,,,
16799,L'oreal,,,3000,,900,,0,,,,,,,2019-10-09,,6974,2019-11-05,,,,,,,1,0,,,61,,,,0,,0,,,,,,,,0,,,,,,0,0,,,,,,,,,
16800,Elvive,,,3500,,900,,0,,,,,,,2019-10-09,,7116,2019-10-10,,,,,,,1,0,,,,,,,0,,0,,,,,,,,0,,,100,50,100,0,0,,,,,,,,,
16772,Alpha7,,,754,,900,,0,,,,,,,2019-10-08,,7116,2019-10-09,,,,,,,1,0,,,61,,,,0,,0,,,,,,,,0,,,,,,0,0,,,,,,,,,
16727,iTunes2,,,41,,900,,0,,,,,,,2019-10-02,,7116,2019-10-09,,,,,,,1,0,,,61,,,,0,,0,,,,,,,,0,,,,,,0,0,,,,,,,,,
16783,Julie Stock Product,,,4,,900,,0,,,,,,,2019-10-09,,9479,2023-03-27,,,,,,,1,0,,,61,,,,0,,0,,,,,,,,0,,,,,,0,0,,,,,,,,,
16784,Julie Stock Type 1,,,1,,900,,0,,,,,,,2019-10-09,,,,,,,,,,1,0,,,,,,,0,,0,,,,,,,,0,,,2,1,5,0,0,,,,,,,,,
16785,Julie Stock Type 2,,,2,,900,,0,,,,,,,2019-10-09,,8281,2019-11-26,,,,,,,1,0,,,,,,,0,,0,,,,,,,,0,,,2,2,6,0,0,,,,,,,,,
16786,Julie Stock Type 3,,,3,,900,,0,,,,,,,2019-10-09,,,,,,,,,,1,0,,,,,,,0,,0,,,,,,,,0,,,2,1,7,0,0,,,,,,,,,
16787,Julie Stock Type 4,,,4,,900,,0,,,,,,,2019-10-09,,,,,,,,,,1,0,,,,,,,0,,0,,,,,,,,0,,,2,2,8,0,0,,,,,,,,,
16805,sad,,,12,,900,,0,,,,,,,2019-10-09,,,,,,,,,,1,0,,,,,,,0,,0,,,,,,,,0,,,44,1,12,0,0,,,,,,,,,
16807,f,,,3,,900,,0,,,,,,,2019-10-09,,,,,,,,,,1,0,,,,,,,0,,0,,,,,,,,0,,,41,1,14,0,0,,,,,,,,,
16839,TESTTEEEEEE ,,,21231231231,,900,,0,,,,,,,2019-11-05,,,,,,,,,,1,0,,,,,,,0,,0,,,,,,,,0,,,,,,0,0,,,,,,,,,
16837,YOSSERTTTTTTT,,,01777,,900,,0,,,,,,,2019-11-05,,,,,,,,,,1,0,,,,,,,0,,0,,,,,,,,0,,,,,,0,0,,,,,,,,,
16809,d,,,1,,900,,0,,,,,,,2019-10-09,,7116,2019-10-09,,,,,,,1,0,,,,,,,0,,0,,,,,,,,0,,,2,1,29.97,0,0,,,,,,,,,
16838,YMT PRODUCT ,,,012121,,900,,0,,,,,,,2019-11-05,,6974,2019-11-05,,,,,,,1,0,,,61,,,,0,,0,,,,,,,,0,,,,,,0,0,,,,,,,,,
16716,MintRoute 2 Product,,,24,,900,,0,,,,,,,2019-10-01,,,,,,,,,,1,0,,,,,,,0,,0,,,,,,,,0,,,,,,0,0,,,,,,,,,
16719,Steam Gift Card,,,540,,900,,0,,,,,,,2019-10-02,,,,,,,,,,1,0,,,,,,,0,,0,,,,,,,,0,,,,,,0,0,,,,,,,,,
16720,Steam,,,40,,900,,0,,,,,,,2019-10-02,,7116,2019-10-09,,,,,,,1,0,,,61,,,,0,,0,,,,,,,,0,,,,,,0,0,,,,,,,,,
16834,GOLDEN PRODUCT ,,,888,,900,,0,,,,,,,2019-10-30,,6974,2019-10-30,,,,,,,1,0,,,61,,,,0,,0,,,,,,,,0,,,,,,0,0,,,,,,,,,
16835,GOLDEN PT,,,8888,,900,,0,,,,,,,2019-10-30,,,,,,,,,,1,0,,,,,,,0,,0,,,,,,,,0,,,,,,0,0,,,,,,,,,
16844,GENERAL,,,854,,900,,0,,,,,,,2019-11-08,,6974,2019-11-08,,,,,,,1,0,,,61,,,,0,,0,,,,,,,,0,,,,,,0,0,,,,,,,,,
16845,TESTTTTT,,,111,,900,,0,,,,,,,2019-11-08,,,,,,,,,,1,0,,,,,,,0,,0,,,,,,,,0,,,,,,0,0,,,,,,,,,
16846,5yyyyyyy,,,454545,,900,,0,,,,,,,2019-11-08,,,,,,,,,,1,0,,,61,,,,0,,0,,,,,,,,0,,,,,,0,0,,,,,,,,,
16847,24544654654,,,11112121,,900,,0,,,,,,,2019-11-08,,,,,,,,,,1,0,,,,,,,0,,0,,,,,,,,0,,,,,,0,0,,,,,,,,,
16713,iTunes,,,250,,900,,0,,,,,,,2019-10-01,,,,,,,,,,1,0,,,61,,,,0,,0,,,,,,,,0,,,,,,0,0,,,,,,,,,
16717,iTunes 10$,,,250,,900,,0,,,,,,,2019-10-02,,7116,2019-10-02,,,,,,,1,0,,,,,,,0,,0,,,,,,,,0,,,,,,0,0,,,,,,,,,
16718,Google Play,,,410,,900,,0,,,,,,,2019-10-02,,,,,,,,,,1,0,,,,,,,0,,0,,,,,,,,0,,,,,,0,0,,,,,,,,,
16729,test1,,,test,,900,,0,,,,,,,2019-10-02,,7116,2019-10-09,,,,,,,1,0,,,61,,,,0,,0,,,,,,,,0,,,,,,0,0,,,,,,,,,
16776,Meneral,,,2,,900,,0,,,,,,,2019-10-09,,6974,2019-11-08,,,,,,,1,0,,,61,,,,0,,0,,,,,,,,0,,,,,,0,0,,,,,,,,,
16731,steam2,,,42,,900,,0,,,,,,,2019-10-02,,7116,2019-10-09,,,,,,,1,0,,,61,,,,0,,0,,,,,,,,0,,,,,,0,0,,,,,,,,,
16777,iTunes,,,2,,900,,0,,,,,,,2019-10-09,,,,,,,,,,1,0,,,,,,,0,,0,,,,,,,,0,,,3,100,10,0,0,,,,,,,,,
16760,MintRoute Product,,,JB01,,900,,0,,,,,,,2019-10-08,,7116,2019-10-09,,,,,,,1,0,,,61,,,,0,,0,,,,,,,,0,,,,,,0,0,,,,,,,,,
16829,General,,,2,,900,,0,,,,,,,2019-10-14,,7116,2024-04-22,,,,,,,1,0,,,,,,,0,,0,,,,,,,,0,,,,,,0,0,,,,,,,,,
16830,iTunes,,,2,,900,,0,,,,,,,2019-10-14,,,,,,,,,,1,0,,,,,,,0,,0,,,,,,,,0,,,,,,0,0,,,,,,,,,
16832,Alfa,,,11,,900,,0,,,,,,,2019-10-17,,6954,2019-10-17,,,,,,,1,0,,,61,,,,0,,0,,,,,,,,0,,,,,,0,0,,,,,,,,,
16841,YYYYYYYYYY,,,123,,900,,0,,,,,,,2019-11-08,,,,,,,,,,1,0,,,,,,,0,,0,,,,,,,,0,,,,,,0,0,,,,,,,,,
16733,Stock Product,,,4,,900,,0,,,,,,,2019-10-03,,7116,2019-10-09,,,,,,,1,0,,,61,,,,0,,0,,,,,,,,0,,,,,,0,0,,,,,,,,,
16849,Alfa 10$,,,1,,900,,0,,,,,,,2019-11-12,,,,,,,,,,1,0,,,,,,,0,,0,,,,,,,,0,,,,,,0,0,,,,,,,,,
16736,ALFA card,,,01,,900,,0,,,,,,,2019-10-04,,7116,2019-10-09,,,,,,,1,0,,,61,,,,0,,0,,,,,,,,0,,,,,,0,0,,,,,,,,,
16848,Alfa,,,1,,900,,0,,,,,,,2019-11-12,,6974,2019-11-12,,,,,,,1,0,,,61,,,,0,,0,,,,,,,,0,,,,,,0,0,,,,,,,,,
16738,Alpha6,,,753,,900,,0,,,,,,,2019-10-07,,7116,2019-10-09,,,,,,,1,0,,,61,,,,0,,0,,,,,,,,0,,,,,,0,0,,,,,,,,,
16740,MJK product,,,15,,900,,0,,,,,,,2019-10-07,,7116,2019-10-09,,,,,,,1,0,,,61,,,,0,,0,,,,,,,,0,,,,,,0,0,,,,,,,,,
16828,MISSOO,,,41,,900,,0,,,,,,,2019-10-11,,,,,,,,,,1,0,,,,,,,0,,0,,,,,,,,0,,,,,,0,0,,,,,,,,,
16813,rr,,,2,,900,,0,,,,,,,2019-10-09,,7116,2019-10-09,,,,,,,1,0,,,,,,,0,,0,,,,,,,,0,,,14,6,55.6,0,0,,,,,,,,,
16815,sda,,,55,,900,,0,,,,,,,2019-10-09,,,,,,,,,,1,0,,,,,,,0,,0,,,,,,,,0,,,1,10,444,0,0,,,,,,,,,
16816,14wqe,,,4,,900,,0,,,,,,,2019-10-09,,,,,,,,,,1,0,,,,,,,0,,0,,,,,,,,0,,,4,4,22,0,0,,,,,,,,,
16818,eqe,,,44,,900,,0,,,,,,,2019-10-09,,,,,,,,,,1,0,,,,,,,0,,0,,,,,,,,0,,,4,1,11,0,0,,,,,,,,,
16826,MJK product,,,1500,,900,,0,,,,,,,2019-10-11,,6974,2020-01-07,,,,,,,1,0,,,61,,,,0,,0,,,,,,,,0,,,,,,0,0,,,,,,,,,
16823,ee,,,1,,900,,0,,,,,,,2019-10-09,,,,,,,,,,1,0,,,,,,,0,,0,,,,,,,,0,,,3,1,44,0,0,,,,,,,,,
16827,MJK,,,15,,900,,0,,,,,,,2019-10-11,,8281,2019-11-26,,,,,,,1,0,,,,,,,0,,0,,,,,,,,0,,,,,,0,0,,,,,,,,,
16874,Test Access,,,77444,,900,,0,,,,,,,2020-01-28,,,,,,,,,,1,0,,,61,,,,0,,0,,,,,,,,0,,,,,,0,0,,,,,,,,,
16878,cashCards - 16878,,,16878,,1117,,0,,,21,2020-05-13,,,2020-05-13,6974,,,,,,,,,1,0,,,,,,,0,,0,,,,,,,,0,,,,,,0,0,,,,,,,,,
16893,10 - 16893,,,10,,900,,0,,,21,2022-05-13,,,2020-10-07,8998,,,,,,,,,1,0,,,,,,,0,,0,,,,,,,,0,,,,,,0,0,,,,,,,,,
16875,hhh,,,5666,,900,,0,,,,,,,2020-03-16,,8317,2020-03-16,,,,,,,1,0,,,61,,,,0,,0,,,,,,,,0,,,,,,0,0,,,,,,,,,
16876,aaa,,,6436,,900,,0,,,,,,,2020-03-16,,,,,,,,,,1,0,,,,,,,0,,0,,,,,,,,0,,,,,,0,0,,,,,,,,,
16877,smoke 16877,,,16877,,1015,,0,,,2,2020-05-12,,,2020-05-12,6974,,,,,,,,,1,0,,,,,,,0,,0,,,,,,,,0,,,,,,0,0,,,,,,,,,
16881,3G,,,01,,900,,0,,,,,,,2020-07-22,,6974,2020-07-22,,,,,,,1,0,,,61,,,,0,,0,,,,,,,,0,,,,,,0,0,,,,,,,,,
16883,3G ,,,01,,900,,0,,,,,,,2020-07-22,,6974,2020-07-22,,,,,,,1,0,,,,,,,0,,0,,,,,,,,0,,,,,,0,0,,,,,,,,,
16884,Connect ,,,02,,900,,0,,,,,,,2020-07-22,,6974,2020-07-22,,,,,,,1,0,,,,,,,0,,0,,,,,,,,0,,,,,,0,0,,,,,,,,,
16885,Wins,,,03,,900,,0,,,,,,,2020-07-22,,,,,,,,,,1,0,,,,,,,0,,0,,,,,,,,0,,,,,,0,0,,,,,,,,,
16886,DSL,,,04,,900,,0,,,,,,,2020-07-22,,,,,,,,,,1,0,,,,,,,0,,0,,,,,,,,0,,,,,,0,0,,,,,,,,,
16887,"WISEBOX, DSL & other services",,,1,,900,,0,,,,,,,2020-09-08,,6974,2020-09-08,,,,,,,1,0,,,61,,,,0,,0,,,,,,,,0,,,,,,0,0,,,,,,,,,
16888,Wallet 128,,,1,,900,,0,,,,,,,2020-09-08,,6974,2020-09-08,,,,,,,1,0,,,,,,,0,,0,,,,,,,,0,,,,,,0,0,,,,,,,,,
16899,Sodetel Products,,,01,,900,,0,,,,,,,2021-01-04,,7116,2021-11-29,,,,,,,1,0,,,,,,,0,,0,,,,,,,,0,,,,,,0,0,,,,,,,,,
16890,ADSL,,,DSL,,900,,0,,,,,,,2020-09-09,,,,,,,,,,1,0,,,61,,,,0,,0,,,,,,,,0,,,,,,0,0,,,,,,,,,
16891,DSL,,,4M1,,900,,0,,,,,,,2020-09-09,,,,,,,,,,1,0,,,,,,,0,,0,,,,,,,,0,,,,,,0,0,,,,,,,,,
16901,3G Service,,,3G,,900,,0,,,,,,,2021-01-04,,8281,2021-01-05,,,,,,,1,0,,,,,,,0,,0,,,,,,,,0,,,,,,0,0,,,,,,,,,
16902,Connect Product,,,01,,900,,0,,,,,,,2021-01-05,,7116,2021-12-21,,,,,,,1,0,,,,,,,0,,0,,,,,,,,0,,,,,,0,0,,,,,,,,,
16903,Wireless Prepaid Plans,,,WPP,,900,,0,,,,,,,2021-01-05,,7116,2021-12-21,,,,,,,1,0,,,,,,,0,,0,,,,,,,,0,,,,,,0,0,,,,,,,,,
16860,Alfa,,,734,,900,,0,,,,,,,2019-12-09,,8757,2023-10-17,,,,,,,1,0,,,61,,,,0,,0,,,,,,,,0,,,,,,0,0,,,,,,,,,
16861,Alfa,,,987,,900,,0,,,,,,,2019-12-09,,8757,2023-10-17,,,,,,,1,0,,,,,,,0,,0,,,,,,,,0,,,,,,0,0,,,,,,,,,
16862,Alfa 25$,,,988,,900,,0,,,,,,,2019-12-09,,9479,2022-10-18,,,,,,,1,0,,,,,,,0,,0,,,,,,,,0,,,,,,0,0,,,,,,,,,
16863,Touch,,,845,,900,,0,,,,,,,2019-12-09,,6974,2020-09-08,,,,,,,1,0,,,61,,,,0,,0,,,,,,,,0,,,,,,0,0,,,,,,,,,
16864,Touch 11$,,,73212,,900,,0,,,,,,,2019-12-09,,,,,,,,,,1,0,,,,,,,0,,0,,,,,,,,0,,,,,,0,0,,,,,,,,,
16865,Touch 23$,,,8431,,900,,0,,,,,,,2019-12-09,,,,,,,,,,1,0,,,,,,,0,,0,,,,,,,,0,,,,,,0,0,,,,,,,,,
16870,MT Type,,,9888,,900,,0,,,,,,,2019-12-10,,,,,,,,,,1,0,,,,,,,0,,0,,,,,,,,0,,,,,,0,0,,,,,,,,,
16867,Alfa,,,88898798,,900,,0,,,,,,,2019-12-09,,6974,2019-12-09,,,,,,,1,0,,,61,,,,0,,0,,,,,,,,0,,,,,,0,0,,,,,,,,,
16868,Alfa,,,9999999,,900,,0,,,,,,,2019-12-09,,,,,,,,,,1,0,,,,,,,0,,0,,,,,,,,0,,,,,,0,0,,,,,,,,,
16869,MT product,,,7400,,900,,0,,,,,,,2019-12-10,,,,,,,,,,1,0,,,61,,,,0,,0,,,,,,,,0,,,,,,0,0,,,,,,,,,
16871,Toshiba,,,8744,,900,,0,,,,,,,2019-12-11,,6974,2020-03-03,,,,,,,1,0,,,61,,,,0,,0,,,,,,,,0,,,,,,0,0,,,,,,,,,
16872,Toshiba Type,,,100,,900,,0,,,,,,,2019-12-11,,6974,2020-03-03,,,,,,,1,0,,,,,,,0,,0,,,,,,,,0,,,,,,0,0,,,,,,,,,
16879,ISV,,,8599,,900,,0,,,,,,,2020-06-22,,8317,2020-06-22,,,,,,,1,0,,,61,,,,0,,0,,,,,,,,0,,,,,,0,0,,,,,,,,,
16880,ISV,,,5555,,900,,0,,,,,,,2020-06-22,,,,,,,,,,1,0,,,,,,,0,,0,,,,,,,,0,,,,,,0,0,,,,,,,,,
16895,Product 1,,,1,,900,,0,,,,,,,2020-12-21,,,,,,,,,,1,0,,,,,,,0,,0,,,,,,,,0,,,,,,0,0,,,,,,,,,
16896,Product Type 1,,,01,,900,,0,,,,,,,2020-12-21,,,,,,,,,,1,0,,,,,,,0,,0,,,,,,,,0,,,,,,0,0,,,,,,,,,
16907,WiseBox,,,01,,900,,0,,,,,,,2021-01-08,,8757,2023-07-18,,,,,,,1,0,,,,,,,0,,0,,,,,,,,0,,,,,,0,0,,,,,,,,,
16908,Wallet,,,1,,900,,0,,,,,,,2021-01-08,,7116,2021-11-19,,,,,,,1,0,,,,,,,0,,0,,,,,,,,0,,,,,,0,0,,,,,,,,,
16897,siteVie 16897,,,16897,,1015,,0,,,2,2020-12-22,,,2020-12-22,8297,,,,,,,,,1,0,,,,,,,0,,0,,,,,,,,0,,,,,,0,0,,,,,,,,,
16905,Wins Service,,,Wins,,900,,0,,,,,,,2021-01-06,,,,,,,,,,1,0,,,,,,,0,,0,,,,,,,,0,,,,,,0,0,,,,,,,,,
846,Click2Pay,,,846,,200,,0,,,2,2021-01-12,,,2021-01-12,-1,,,,,,,,,1,0,,,,,,,0,,0,,,,,,,,0,,,,,,0,0,,,,,,,,,
16957,angham,,,123,,900,,0,,,,,,,2022-10-24,,9939,2022-10-24,,,,,,,1,0,,,61,,,,0,,0,,,,,,,,0,,,,,,0,0,,,,,,,,,
16919,isv ss,,,111,,900,,0,,,,,,,2021-07-19,,9479,2021-10-20,,,,,,,1,0,,,61,,,,0,,0,,,,,,,,0,,,,,,0,0,,,,,,,,,
16920,isv,,,110,,900,,0,,,,,,,2021-07-19,,,,,,,,,,1,0,,,,,,,0,,0,,,,,,,,0,,,,,,0,0,,,,,,,,,
16933,19 - 16933,,,19,,900,,0,,,113,2021-11-19,,,2021-11-19,9799,,,,,,,,,1,0,,,,,,,0,,0,,,,,,,,0,,,,,,0,0,,,,,,,,,
16951,cashCards - 16951,,,16951,,1117,,0,,,21,2022-09-06,,,2022-09-06,8297,,,,,,,,,1,0,,,,,,,0,,0,,,,,,,,0,,,,,,0,0,,,,,,,,,
16958,songs,,,11,,900,,0,,,,,,,2022-10-24,,,,,,,,,,1,0,,,,,,,0,,0,,,,,,,,0,,,,,,0,0,,,,,,,,,
16959,internet,,,1230,,900,,0,,,,,,,2022-10-25,,9939,2022-10-25,,,,,,,1,0,,,61,,,,0,,0,,,,,,,,0,,,,,,0,0,,,,,,,,,
16960,dsl,,,a1,,900,,0,,,,,,,2022-10-25,,,,,,,,,,1,0,,,,,,,0,,0,,,,,,,,0,,,,,,0,0,,,,,,,,,
16962,il,,,1212,,900,,0,,,,,,,2022-10-26,,9939,2022-10-26,,,,,,,1,0,,,61,,,,0,,0,,,,,,,,0,,,,,,0,0,,,,,,,,,
16963,dec,,,1,,900,,0,,,,,,,2022-10-26,,,,,,,,,,1,0,,,,,,,0,,0,,,,,,,,0,,,,,,0,0,,,,,,,,,
4247,charbel,,,211,,900,,0,,,,,,,2025-02-06,,,,,,,,,,1,0,,,,,,,0,,0,,,,,,,,0,,,,,,0,0,,,,,,,,,
16918,Julie Non Stock Product Type,,,01,,900,,0,,,,,,,2021-06-15,,,,,,,,,,1,0,,,,,,,0,,0,,,,,,,,0,,,,,,0,0,,,,,,,,,
16917,Julie Non Stock Product,,,2,,900,,0,,,,,,,2021-06-15,,8281,2021-06-15,,,,,,,1,0,,,,,,,0,,0,,,,,,,,0,,,,,,0,0,,,,,,,,,
16927,recharging,,,111,,900,,0,,,,,,,2021-10-28,,9479,2021-10-28,,,,,,,1,0,,,61,,,,0,,0,,,,,,,,0,,,,,,0,0,,,,,,,,,
16924,Smile 10$,,,0001,,900,,0,,,,,,,2021-10-21,,,,,,,,,,1,0,,,,,,,0,,0,,,,,,,,0,,,,,,0,0,,,,,,,,,
16925,Smile 25 $,,,0002,,900,,0,,,,,,,2021-10-21,,,,,,,,,,1,0,,,,,,,0,,0,,,,,,,,0,,,,,,0,0,,,,,,,,,
16928,recharging,,,111,,900,,0,,,,,,,2021-10-28,,,,,,,,,,1,0,,,,,,,0,,0,,,,,,,,0,,,,,,0,0,,,,,,,,,
16929,isv,,,994,,900,,0,,,,,,,2021-11-01,,,,,,,,,,1,0,,,61,,,,0,,0,,,,,,,,0,,,,,,0,0,,,,,,,,,
16930,isv,,,994,,900,,0,,,,,,,2021-11-01,,,,,,,,,,1,0,,,,,,,0,,0,,,,,,,,0,,,,,,0,0,,,,,,,,,
16943,test isv,,,111,,900,,0,,,,,,,2022-07-05,,,,,,,,,,1,0,,,61,,,,0,,0,,,,,,,,0,,,,,,0,0,,,,,,,,,
16944,isv,,,isv,,900,,0,,,,,,,2022-07-05,,,,,,,,,,1,0,,,,,,,0,,0,,,,,,,,0,,,,,,0,0,,,,,,,,,
16945,isv 2,,,23,,900,,0,,,,,,,2022-07-05,,9479,2022-07-05,,,,,,,1,0,,,61,,,,0,,0,,,,,,,,0,,,,,,0,0,,,,,,,,,
16946,isv isv,,,222,,900,,0,,,,,,,2022-07-05,,,,,,,,,,1,0,,,,,,,0,,0,,,,,,,,0,,,,,,0,0,,,,,,,,,
16947,isv 1,,,333,,900,,0,,,,,,,2022-07-05,,,,,,,,,,1,0,,,,,,,0,,0,,,,,,,,0,,,,,,0,0,,,,,,,,,
16948,test isv,,,111,,900,,0,,,,,,,2022-07-05,,8757,2022-07-05,,,,,,,1,0,,,61,,,,0,,0,,,,,,,,0,,,,,,0,0,,,,,,,,,
16949,isv,,,isv,,900,,0,,,,,,,2022-07-05,,,,,,,,,,1,0,,,,,,,0,,0,,,,,,,,0,,,,,,0,0,,,,,,,,,
16965,Terranet,,,TER,,900,,0,,,,,,,2022-11-01,,9479,2022-11-04,,,,,,,1,0,,,61,,,,0,,0,,,,,,,,0,,,,,,0,0,,,,,,,,,
16966,twn,,,twn,,900,,0,,,,,,,2022-11-01,,,,,,,,,,1,0,,,,,,,0,,0,,,,,,,,0,,,,,,0,0,,,,,,,,,
16967,twu,,,twu,,900,,0,,,,,,,2022-11-01,,,,,,,,,,1,0,,,,,,,0,,0,,,,,,,,0,,,,,,0,0,,,,,,,,,
16968,twv,,,twv,,900,,0,,,,,,,2022-11-01,,,,,,,,,,1,0,,,,,,,0,,0,,,,,,,,0,,,,,,0,0,,,,,,,,,
16969,cyberia,,,50,,900,,0,,,,,,,2022-11-01,,9939,2022-11-01,,,,,,,1,0,,,,,,,0,,0,,,,,,,,0,,,,,,0,0,,,,,,,,,
16983,telecom,,,9,,900,,0,,,,,,,2022-12-20,,9939,2023-01-25,,,,,,,1,0,,,61,,,,0,,0,,,,,,,,0,,,,,,0,0,,,,,,,,,
16984,telecom,,,9,,900,,0,,,,,,,2022-12-20,,,,,,,,,,1,0,,,,,,,0,,0,,,,,,,,0,,,,,,0,0,,,,,,,,,
16972,cyberia,,,50,,900,,0,,,,,,,2022-11-01,,,,,,,,,,1,0,,,,,,,0,,0,,,,,,,,0,,,,,,0,0,,,,,,,,,
16931,Wisemax,,,2,,900,,0,,,,,,,2021-11-18,,,,,,,,,,1,0,,,,,,,0,,0,,,,,,,,0,,,,,,0,0,,,,,,,,,
16935,isv sandy,,,803,,900,,0,,,,,,,2021-11-26,,9479,2021-11-26,,,,,,,1,0,,,61,,,,0,,0,,,,,,,,0,,,,,,0,0,,,,,,,,,
16936,isv sandy,,,803,,900,,0,,,,,,,2021-11-26,,,,,,,,,,1,0,,,,,,,0,,0,,,,,,,,0,,,,,,0,0,,,,,,,,,
16937,jamesforj 16937,,,16937,,1015,,0,,,2,2022-05-12,,,2022-05-12,9939,,,,,,,,,1,0,,,,,,,0,,0,,,,,,,,0,,,,,,0,0,,,,,,,,,
16941,123,,,123,,900,,0,,,,,,,2022-06-14,,9479,2022-06-14,,,,,,,1,0,,,61,,,,0,,0,,,,,,,,0,,,,,,0,0,,,,,,,,,
16942,123,,,123,,900,,0,,,,,,,2022-06-14,,,,,,,,,,1,0,,,,,,,0,,0,,,,,,,,0,,,,,,0,0,,,,,,,,,
16953,prepaid company,,,23,,900,,0,,,,,,,2022-10-20,,8757,2022-10-20,,,,,,,1,0,,,61,,,,0,,0,,,,,,,,0,,,,,,0,0,,,,,,,,,
16954,prepaid one,,,123,,900,,0,,,,,,,2022-10-20,,,,,,,,,,1,0,,,,,,,0,,0,,,,,,,,0,,,,,,0,0,,,,,,,,,
16955,prepaid two,,,456,,900,,0,,,,,,,2022-10-20,,,,,,,,,,1,0,,,,,,,0,,0,,,,,,,,0,,,,,,0,0,,,,,,,,,
16980,net100,,,100,,900,,0,,,,,,,2022-11-04,,9939,2022-12-05,,,,,,,1,0,,,,,,,0,,0,,,,,,,,0,,,,,,0,0,,,,,,,,,
16978,network,,,10,,900,,0,,,,,,,2022-11-04,,,,,,,,,,1,0,,,,,,,0,,0,,,,,,,,0,,,,,,0,0,,,,,,,,,
16979,net100,,,10,,900,,0,,,,,,,2022-11-04,,9939,2022-12-05,,,,,,,1,0,,,61,,,,0,,0,,,,,,,,0,,,,,,0,0,,,,,,,,,
16981,jammal,,,7788,,900,,0,,,,,,,2022-11-24,,,,,,,,,,1,0,,,61,,,,0,,0,,,,,,,,0,,,,,,0,0,,,,,,,,,
16982,shipping,,,12,,900,,0,,,,,,,2022-11-24,,,,,,,,,,1,0,,,,,,,0,,0,,,,,,,,0,,,,,,0,0,,,,,,,,,
16913,internet,,,3256,,900,,0,,,,,,,2021-05-27,,,,,,,,,,1,0,,,61,,,,0,,0,,,,,,,,0,,,,,,0,0,,,,,,,,,
16914,int.,,,3265,,900,,0,,,,,,,2021-05-27,,,,,,,,,,1,0,,,,,,,0,,0,,,,,,,,0,,,,,,0,0,,,,,,,,,
16915,pds,,,1050,,900,,0,,,,,,,2021-06-03,,9479,2021-06-03,,,,,,,1,0,,,61,,,,0,,0,,,,,,,,0,,,,,,0,0,,,,,,,,,
16916,pds,,,1050,,900,,0,,,,,,,2021-06-03,,,,,,,,,,1,0,,,,,,,0,,0,,,,,,,,0,,,,,,1,0,,,,,,,,,
16921,Smile,,,1111,,900,,0,,,,,,,2021-10-21,,8757,2021-10-22,,,,,,,1,0,,,61,,,,0,,0,,,,,,,,0,,,,,,1,0,,,,,,,,,
16939,54121.0 - 16939,,,54121.0,,900,,0,,,113,2022-05-13,,,2022-05-13,9479,9479,2022-05-13,,,,,,,1,0,,,,,,,0,,0,,,,,,,,0,,,,,,0,0,,,,,,,,,
16973,network,,,99,,900,,0,,,,,,,2022-11-02,,9939,2022-11-04,,,,,,,1,0,,,61,,,,0,,0,,,,,,,,0,,,,,,0,0,,,,,,,,,
16974,network,,,99,,900,,0,,,,,,,2022-11-02,,,,,,,,,,1,0,,,,,,,0,,0,,,,,,,,0,,,,,,0,0,,,,,,,,,
16975,click,,,14,,900,,0,,,,,,,2022-11-03,,,,,,,,,,1,0,,,61,,,,0,,0,,,,,,,,0,,,,,,0,0,,,,,,,,,
16976,click,,,14,,900,,0,,,,,,,2022-11-03,,,,,,,,,,1,0,,,,,,,0,,0,,,,,,,,0,,,,,,0,0,,,,,,,,,
16985,telecom a,,,8,,900,,0,,,,,,,2023-01-25,,,,,,,,,,1,0,,,,,,,0,,0,,,,,,,,0,,,,,,0,0,,,,,,,,,
16986,telecom b,,,88,,900,,0,,,,,,,2023-01-25,,,,,,,,,,1,0,,,61,,,,0,,0,,,,,,,,0,,,,,,0,0,,,,,,,,,
16987,telecom b ,,,88,,900,,0,,,,,,,2023-01-25,,,,,,,,,,1,0,,,,,,,0,,0,,,,,,,,0,,,,,,0,0,,,,,,,,,
16988,calls,,,789,,900,,0,,,,,,,2023-01-25,,9939,2023-07-19,,,,,,,1,0,,,61,,,,0,,0,,,,,,,,0,,,,,,0,0,,,,,,,,,
16989,calls,,,789,,900,,0,,,,,,,2023-01-25,,,,,,,,,,1,0,,,,,,,0,,0,,,,,,,,0,,,,,,0,0,,,,,,,,,
17036,Alfa45,,,56,,900,,0,,,,,,,2023-07-19,,,,,,,,,,1,0,,,61,,,,0,,0,,,,,,,,0,,,,,,0,0,,,,,,,,,
17037,Alfa45,,,56,,900,,0,,,,,,,2023-07-19,,,,,,,,,,1,0,,,,,,,0,,0,,,,,,,,0,,,,,,0,0,,,,,,,,,
17038,calls11,,,11111111,,900,,0,,,,,,,2023-07-19,,,,,,,,,,1,0,,,,,,,0,,0,,,,,,,,0,,,,,,0,0,,,,,,,,,
17039,Alfa67,,,67,,900,,0,,,,,,,2023-07-19,,,,,,,,,,1,0,,,61,,,,0,,0,,,,,,,,0,,,,,,0,0,,,,,,,,,
17040,Alfa67,,,67,,900,,0,,,,,,,2023-07-19,,,,,,,,,,1,0,,,,,,,0,,0,,,,,,,,0,,,,,,0,0,,,,,,,,,
17041,alffa,,,999,,900,,0,,,,,,,2023-07-19,,,,,,,,,,1,0,,,61,,,,0,,0,,,,,,,,0,,,,,,0,0,,,,,,,,,
17042,alffa,,,999,,900,,0,,,,,,,2023-07-19,,,,,,,,,,1,0,,,,,,,0,,0,,,,,,,,0,,,,,,0,0,,,,,,,,,
17059,Michella ISV,,,4357,,900,,0,,,,,,,2024-01-09,,10439,2024-01-09,,,,,,,1,0,,,61,,,,0,,0,,,,,,,,0,,,,,,0,0,,,,,,,,,
17049,Nour1,,,Nour,,900,,0,,,,,,,2023-09-08,,9479,2024-01-09,,,,,,,1,0,,,61,,,,0,,0,,,,,,,,0,,,,,,0,0,,,,,,,,,
17050,10$,,,Nour,,900,,0,,,,,,,2023-09-08,,,,,,,,,,1,0,,,,,,,0,,0,,,,,,,,0,,,,,,0,0,,,,,,,,,
17060,Michella ISV,,,4357,,900,,0,,,,,,,2024-01-09,,,,,,,,,,1,0,,,,,,,0,,0,,,,,,,,0,,,,,,0,0,,,,,,,,,
17061,Nour ISV,,,4356,,900,,0,,,,,,,2024-01-09,,,,,,,,,,1,0,,,,,,,0,,0,,,,,,,,0,,,,,,0,0,,,,,,,,,
17062,Nour,,,1,,900,,0,,,,,,,2024-01-09,,,,,,,,,,1,0,,,61,,,,0,,0,,,,,,,,0,,,,,,0,0,,,,,,,,,
17063,Nour1,,,N1,,900,,0,,,,,,,2024-01-09,,,,,,,,,,1,0,,,,,,,0,,0,,,,,,,,0,,,,,,0,0,,,,,,,,,
17064,20,,,Nour1,,900,,0,,,,,,,2024-01-09,,,,,,,,,,1,0,,,,,,,0,,0,,,,,,,,0,,,,,,0,0,,,,,,,,,
17065,michella ISV,,,michella,,900,,0,,,,,,,2024-01-09,,,,,,,,,,1,0,,,,,,,0,,0,,,,,,,,0,,,,,,0,0,,,,,,,,,
16997,765,,,5463,,900,,0,,,,,,,2023-05-03,,10259,2023-05-03,,,,,,,1,0,,,,,,,0,,0,,,,,,,,0,,,,,,0,0,,,,,,,,,
16998,Nour 10$,,,35764,,900,,0,,,,,,,2023-05-03,,,,,,,,,,1,0,,,,,,,0,,0,,,,,,,,0,,,,,,0,0,,,,,,,,,
16999,35235 - 16999,,,35235,,900,,0,,,113,2023-05-17,,,2023-05-03,10259,,,,,,,,,1,0,,,,,,,0,,0,,,,,,,,0,,,,,,0,0,,,,,,,,,
17023,A+,,,234,,900,,0,,,,,,,2023-05-18,,,,,,,,,,1,0,,,61,,,,0,,0,,,,,,,,0,,,,,,0,0,,,,,,,,,
17024,Alfa A+,,,A+,,900,,0,,,,,,,2023-05-18,,,,,,,,,,1,0,,,,,,,0,,0,,,,,,,,0,,,,,,0,0,,,,,,,,,
17025,ecards,,,a3,,900,,0,,,,,,,2023-05-31,,9939,2023-07-25,,,,,,,1,0,,,61,,,,0,,0,,,,,,,,0,,,,,,0,0,,,,,,,,,
17026,ecards,,,a3,,900,,0,,,,,,,2023-05-31,,,,,,,,,,1,0,,,,,,,0,,0,,,,,,,,0,,,,,,0,0,,,,,,,,,
17003,Alfa1,,,123,,900,,0,,,,,,,2023-05-05,,10259,2023-05-05,,,,,,,1,0,,,61,,,,0,,0,,,,,,,,0,,,,,,0,0,,,,,,,,,
17004,Alfa,,,123,,900,,0,,,,,,,2023-05-05,,,,,,,,,,1,0,,,,,,,0,,0,,,,,,,,0,,,,,,0,0,,,,,,,,,
17005,567864 - 17005,,,567864,,900,,0,,,21,2023-05-05,,,2023-05-05,10259,,,,,,,,,1,0,,,,,,,0,,0,,,,,,,,0,,,,,,0,0,,,,,,,,,
17016,Alfa 10$,,,18,,900,,0,,,,,,,2023-05-09,,,,,,,,,,1,0,,,,,,,0,,0,,,,,,,,0,,,,,,0,0,,,,,,,,,
17029,onlinecards,,,ccb,,900,,0,,,,,,,2023-06-14,,,,,,,,,,1,0,,,,,,,0,,0,,,,,,,,0,,,,,,0,0,,,,,,,,,
17051,elie,,,nour,,900,,0,,,,,,,2023-10-04,,9479,2023-10-04,,,,,,,1,0,,,,,,,0,,0,,,,,,,,0,,,,,,0,0,,,,,,,,,
17052,Neolure,,,18,,900,,0,,,,,,,2023-10-05,,,,,,,,,,1,0,,,61,,,,0,,0,,,,,,,,0,,,,,,0,0,,,,,,,,,
17053,mygirl,,,2723,,900,,0,,,,,,,2023-10-05,,,,,,,,,,1,0,,,,,,,0,,0,,,,,,,,0,,,,,,0,0,,,,,,,,,
17054,Chloe,,,020721,,900,,0,,,,,,,2023-10-05,,,,,,,,,,1,0,,,,,,,0,,0,,,,,,,,0,,,,,,0,0,,,,,,,,,
16991,isisd,,,iiss,,900,,0,,,,,,,2023-03-27,,9479,2023-03-27,,,,,,,1,0,,,61,,,,0,,0,,,,,,,,0,,,,,,0,0,,,,,,,,,
16992,23f,,,vis,,900,,0,,,,,,,2023-03-27,,,,,,,,,,1,0,,,,,,,0,,0,,,,,,,,0,,,,,,0,0,,,,,,,,,
16993,jns,,,801,,900,,0,,,,,,,2023-03-27,,,,,,,,,,1,0,,,,,,,0,,0,,,,,,,,0,,,,,,0,0,,,,,,,,,
16994,cc 2,,,203 c,,900,,0,,,,,,,2023-03-27,,,,,,,,,,1,0,,,,,,,0,,0,,,,,,,,0,,,,,,0,0,,,,,,,,,
16995,js,,,9,,900,,0,,,,,,,2023-03-27,,,,,,,,,,1,0,,,,,,,0,,0,,,,,,,,0,,,,,,0,0,,,,,,,,,
17001,67894.0 - 17001,,,67894.0,,900,,0,,,113,2023-05-10,,,2023-05-04,10259,10259,2023-05-04,,,,,,,1,0,,,,,,,0,,0,,,,,,,,0,,,,,,0,0,,,,,,,,,
17007,touch 1,,,789654,,900,,0,,,,,,,2023-05-08,,9479,2023-05-08,,,,,,,1,0,,,61,,,,0,,0,,,,,,,,0,,,,,,0,0,,,,,,,,,
17008,touch 10$,,,t1,,900,,0,,,,,,,2023-05-08,,,,,,,,,,1,0,,,,,,,0,,0,,,,,,,,0,,,,,,0,0,,,,,,,,,
17009,Alfa 1,,,123,,900,,0,,,,,,,2023-05-08,,9479,2023-10-17,,,,,,,1,0,,,61,,,,0,,0,,,,,,,,0,,,,,,0,0,,,,,,,,,
17010,A1,,,Alfa 10$,,900,,0,,,,,,,2023-05-08,,9479,2023-10-17,,,,,,,1,0,,,,,,,0,,0,,,,,,,,0,,,,,,1,0,,,,,,,,,
17011,com,,,aa,,900,,0,,,,,,,2023-05-08,,,,,,,,,,1,0,,,61,,,,0,,0,,,,,,,,0,,,,,,0,0,,,,,,,,,
17013,A1,,,12,,900,,0,,,,,,,2023-05-08,,9479,2023-10-05,,,,,,,1,0,,,61,,,,0,,0,,,,,,,,0,,,,,,0,0,,,,,,,,,
17014,A1,,,12,,900,,0,,,,,,,2023-05-08,,,,,,,,,,1,0,,,,,,,0,,0,,,,,,,,0,,,,,,0,0,,,,,,,,,
17015,A2,,,5,,900,,0,,,,,,,2023-05-09,,,,,,,,,,1,0,,,,,,,0,,0,,,,,,,,0,,,,,,0,0,,,,,,,,,
17017,Touch*,,,12,,900,,0,,,,,,,2023-05-12,,,,,,,,,,1,0,,,61,,,,0,,0,,,,,,,,0,,,,,,0,0,,,,,,,,,
17018,Touch 10$,,,Touch,,900,,0,,,,,,,2023-05-12,,,,,,,,,,1,0,,,,,,,0,,0,,,,,,,,0,,,,,,0,0,,,,,,,,,
17022,Alfa 20$,,,Alfa ,,900,,0,,,,,,,2023-05-15,,,,,,,,,,1,0,,,,,,,0,,0,,,,,,,,0,,,,,,0,0,,,,,,,,,
17020,Alfa 10$,,,Alfa,,900,,0,,,,,,,2023-05-15,,,,,,,,,,1,0,,,,,,,0,,0,,,,,,,,0,,,,,,0,0,,,,,,,,,
17021,Alfa+,,,342,,900,,0,,,,,,,2023-05-15,,,,,,,,,,1,0,,,61,,,,0,,0,,,,,,,,0,,,,,,0,0,,,,,,,,,
17027,onlinecards,,,ccbc,,900,,0,,,,,,,2023-06-14,,9939,2023-06-14,,,,,,,1,0,,,61,,,,0,,0,,,,,,,,0,,,,,,0,0,,,,,,,,,
17028,onlinecards,,,cca,,900,,0,,,,,,,2023-06-14,,,,,,,,,,1,0,,,,,,,0,,0,,,,,,,,0,,,,,,0,0,,,,,,,,,
17031,Alfa3,,,Alfa,,900,,0,,,,,,,2023-07-18,,,,,,,,,,1,0,,,61,,,,0,,0,,,,,,,,0,,,,,,0,0,,,,,,,,,
17032,Alfa3,,,2244,,900,,0,,,,,,,2023-07-18,,,,,,,,,,1,0,,,,,,,0,,0,,,,,,,,0,,,,,,0,0,,,,,,,,,
17033,Alfa4,,,3344,,900,,0,,,,,,,2023-07-18,,,,,,,,,,1,0,,,,,,,0,,0,,,,,,,,0,,,,,,0,0,,,,,,,,,
17034,wise abc,,,3,,900,,0,,,,,,,2023-07-18,,,,,,,,,,1,0,,,,,,,0,,0,,,,,,,,0,,,,,,0,0,,,,,,,,,
17035,wise def,,,4,,900,,0,,,,,,,2023-07-18,,,,,,,,,,1,0,,,,,,,0,,0,,,,,,,,0,,,,,,0,0,,,,,,,,,
17045,mbc,,,mbc222,,900,,0,,,,,,,2023-07-24,,9939,2023-07-24,,,,,,,1,0,,,61,,,,0,,0,,,,,,,,0,,,,,,0,0,,,,,,,,,
17046,aaab,,,mbc00,,900,,0,,,,,,,2023-07-24,,,,,,,,,,1,0,,,,,,,0,,0,,,,,,,,0,,,,,,0,0,,,,,,,,,
17047,aaac,,,mbc001,,900,,0,,,,,,,2023-07-24,,,,,,,,,,1,0,,,,,,,0,,0,,,,,,,,0,,,,,,0,0,,,,,,,,,
17048,aaad,,,mbc002,,900,,0,,,,,,,2023-07-24,,,,,,,,,,1,0,,,,,,,0,,0,,,,,,,,0,,,,,,0,0,,,,,,,,,
17055,B1,,,Alfa1,,900,,0,,,,,,,2023-10-17,,,,,,,,,,1,0,,,,,,,0,,0,,,,,,,,0,,,,,,0,0,,,,,,,,,
17056,Alfa18,,,1,,900,,0,,,,,,,2023-10-17,,,,,,,,,,1,0,,,61,,,,0,,0,,,,,,,,0,,,,,,0,0,,,,,,,,,
17057,Alfa18,,,18,,900,,0,,,,,,,2023-10-17,,,,,,,,,,1,0,,,,,,,0,,0,,,,,,,,0,,,,,,0,0,,,,,,,,,
17071,test,,,testt,,900,,0,,,,,,,2024-08-01,,7116,2024-08-01,,,,,,,1,0,,,61,,,,0,,0,,,,,,,,0,,,,,,0,0,,,,,,,,,
17072,testsets,,,testsetset,,900,,0,,,,,,,2024-08-01,,,,,,,,,,1,0,,,,,,,0,,0,,,,,,,,0,,,,,,0,0,,,,,,,,,
17075,test,,,tset,,900,,0,,,,,,,2024-08-09,,10523,2024-08-09,,,,,,,1,0,,,61,,,,0,,0,,,,,,,,0,,,,,,1,0,,,,,,,,,
17076,fcgfr44,,,43242dfdf,,900,,0,,,,,,,2024-08-09,,,,,,,,,,1,0,,,,,,,0,,0,,,,,,,,0,,,,,,0,0,,,,,,,,,
17067,Anghami,,,1,,900,,0,,,,,,,2024-03-27,,,,,,,,,,1,0,,,61,,,,0,,0,,,,,,,,0,,,,,,0,0,,,,,,,,,
17068,Anghami,,,Anghami1,,900,,0,,,,,,,2024-03-27,,,,,,,,,,1,0,,,,,,,0,,0,,,,,,,,0,,,,,,0,0,,,,,,,,,
17069,iTunes,,,2,,900,,0,,,,,,,2024-04-22,,,,,,,,,,1,0,,,,,,,0,,0,,,,,,,,0,,,,,,0,0,,,,,,,,,
17073,Roland cell 17073,,,17073,,1015,,0,,,2,2024-08-02,,,2024-08-02,7116,,,,,,,,,1,0,,,,,,,0,,0,,,,,,,,0,,,,,,0,0,,,,,,,,,
237354,Current With Checkbook,,,001,,1137,,0,,,,,,,2023-01-28,-222,-1999,2023-12-06,,,,,,,1,0,,1,,,,,0,,0,,,,,,,44,0,,,,,,0,0,,,,,,,,,
237355,Current Without Checkbook,,,002,,1137,,0,,,,,,,2023-01-28,-222,-1999,2023-12-06,,,,,,,1,0,,1,,,,,0,,0,,,,,,,44,0,,,,,,0,0,,,,,,,,,
237356,Saving/Deposit,,,003,,1138,,0,,,,,,,2023-01-28,-222,,,,,,,,,1,0,,1,,,,,0,,0,,,,,,,,0,,,,,,0,0,,,,,,,,,
237357,Investment,,,004,,1231,,0,,,,,,,2023-01-28,-222,,,,,,,,,1,0,,1,,,,,0,,0,,,,,,,,0,,,,,,0,0,,,,,,,,,
237358,Borrowing,,,005,,1232,,0,,,,,,,2023-01-28,-222,,,,,,,,,1,0,,1,,,,,0,,0,,,,,,,,0,,,,,,0,0,,,,,,,,,
237359,Safebox,,,006,,1155,,0,,,,,,,2023-01-28,-222,,,,,,,,,1,0,,1,,,,,0,,0,,,,,,,,0,,,,,,0,0,,,,,,,,,
237360,Domiciliation,,,007,,1233,,0,,,,,,,2023-01-28,-222,,,,,,,,,1,0,,1,,,,,0,,0,,,,,,,,0,,,,,,0,0,,,,,,,,,
4320,charbel,,,734,,900,,0,,,,,,,2025-02-06,,,,,,,,,,1,0,,,,,,,0,,0,,,,,,,,0,,,,,,0,0,,,,,,,,,
4920,456456,,,56456,,900,,0,,,,,,,2025-02-07,,,,,,,,,,1,0,,,,,,,0,,0,,,,,,,,0,,,,,,0,0,,,,,,,,,
5020,TEST @,,,8467,,900,,0,,,,,,,2025-02-07,,,,,,,,,,1,0,,,,,,,0,,0,,,,,,,,0,,,,,,0,0,,,,,,,,,
5022,TEST @,,,8467,,900,,0,,,,,,,2025-02-07,,,,,,,,,,1,0,,,,,,,0,,0,,,,,,,,0,,,,,,0,0,,,,,,,,,
5220,TEST,,,2136,,200,,0,,,,,,,2025-02-07,,,,,,,,,,1,0,,,,,,,0,,0,,,,,,,,0,,,,,,0,0,,,,,,,,,
5021,TEST @,,,8467,,900,,0,,,,,,,2025-02-07,,,,,,,,,,1,0,,,,,,,0,,0,,,,,,,,0,,,,,,0,0,,,,,,,,,
5060,AAAAAAAAAA,,,985644,,900,,0,,,,,,,2025-02-07,,,,,,,,,,1,0,,,,,,,0,,0,,,,,,,,0,,,,,,0,0,,,,,,,,,
5061,AAAAAAAAAA,,,985644,,900,,0,,,,,,,2025-02-07,,,,,,,,,,1,0,,,,,,,0,,0,,,,,,,,0,,,,,,0,0,,,,,,,,,
5062,AAAAAAAAAA,,,985644,,900,,0,,,,,,,2025-02-07,,,,,,,,,,1,0,,,,,,,0,,0,,,,,,,,0,,,,,,0,0,,,,,,,,,
4982,qqqqq,,,8498,,900,,0,,,,,,,2025-02-07,,,,,,,,,,1,0,,,,,,,0,,0,,,,,,,,0,,,,,,0,0,,,,,,,,,
4983,qqqqq,,,8498,,900,,0,,,,,,,2025-02-07,,,,,,,,,,1,0,,,,,,,0,,0,,,,,,,,0,,,,,,0,0,,,,,,,,,
4984,qqqqq,,,8498,,900,,0,,,,,,,2025-02-07,,,,,,,,,,1,0,,,,,,,0,,0,,,,,,,,0,,,,,,0,0,,,,,,,,,
4985,qqqqq,,,8498,,900,,0,,,,,,,2025-02-07,,,,,,,,,,1,0,,,,,,,0,,0,,,,,,,,0,,,,,,0,0,,,,,,,,,
4986,aaaaaa,,,8498,,900,,0,,,,,,,2025-02-07,,,,,,,,,,1,0,,,,,,,0,,0,,,,,,,,0,,,,,,0,0,,,,,,,,,
5140,ALFA,,,8745,,200,,0,,,,,,,2025-02-07,,,,,,,,,,1,0,,,,,,,0,,0,,,,,,,,0,,,,,,0,0,,,,,,,,,
5160,ALFA ,,,8754,,200,,0,,,,,,,2025-02-07,,,,,,,,,,1,0,,,,,,,0,,0,,,,,,,,0,,,,,,0,0,,,,,,,,,
5240,TESTTTTTTTTT,,,8471,,200,,0,,,,,,,2025-02-12,,,,,,,,,,1,0,,,,,,,0,,0,,,,,,,,0,,,,,,0,0,,,,,,,,,
5322,ttt,,,5287,,200,,0,,,,,,,2025-02-12,,,,,,,,,,1,0,,,,,,,0,,0,,,,,,,,0,,,,,,0,0,,,,,,,,,
5323,ytert,,,5686,,900,,0,,,,,,,2025-02-12,,,,,,,,,,1,0,,,,,,,0,,0,,,,,,,,0,,,,,,0,0,,,,,,,,,
5324,ouiyui,,,7678,,200,,0,,,,,,,2025-02-12,,,,,,,,,,1,0,,,,,,,0,,0,,,,,,,,0,,,,,,0,0,,,,,,,,,
5325,TEST HERE @@@@@,,,1111,,900,,0,,,,,,,2025-02-12,,,,,,,,,,1,0,,,,,,,0,,0,,,,,,,,0,,,,,,0,0,,,,,,,,,
5326,test 22222222222,,,2222,,900,,0,,,,,,,2025-02-12,,,,,,,,,,1,0,,,,,,,0,,0,,,,,,,,0,,,,,,1,0,,,,,,,,,
5422,sdfkghl,,,68468,,200,,0,,,,,,,2025-02-12,,,,,,,,,,1,0,,,,,,,0,,0,,,,,,,,0,,,,,,0,0,,,,,,,,,
5423,product 1,,,947888,,900,,0,,,,,,,2025-02-12,,,,,,,,,,1,0,,,,,,,0,,0,,,,,,,,0,,,,,,0,0,,,,,,,,,
5780,1,,,1,,200,,0,,,,,,,2025-02-12,,,,,,,,,,1,0,,,,,,,0,,0,,,,,,,,0,,,,,,1,0,,,,,,,,,
5800,1,,,1,,200,,0,,,,,,,2025-02-12,,,,,,,,,,1,0,,,,,,,0,,0,,,,,,,,0,,,,,,1,0,,,,,,,,,
5820,2,,,2,,200,,0,,,,,,,2025-02-12,,,,,,,,,,1,0,,,,,,,0,,0,,,,,,,,0,,,,,,0,0,,,,,,,,,
5840,1,,,1,,200,,0,,,,,,,2025-02-12,,,,,,,,,,1,0,,,,,,,0,,0,,,,,,,,0,,,,,,1,0,,,,,,,,,
5860,ujeghjhh,,,684651,,200,,0,,,,,,,2025-02-12,,,,,,,,,,1,0,,,,,,,0,,0,,,,,,,,0,,,,,,0,0,,,,,,,,,
5861,lsdfngjkln,,,455448,,900,,0,,,,,,,2025-02-12,,,,,,,,,,1,0,,,,,,,0,,0,,,,,,,,0,,,,,,0,0,,,,,,,,,
5862,sdfjkgjk,,,987598,,900,,0,,,,,,,2025-02-12,,,,,,,,,,1,0,,,,,,,0,,0,,,,,,,,0,,,,,,0,0,,,,,,,,,
5863,tt tt test ttttt,,,987654,,200,,0,,,,,,,2025-02-12,,,,,,,,,,1,0,,,,,,,0,,0,,,,,,,,0,,,,,,0,0,,,,,,,,,
5864,jabfdfbjk,,,56146848,,900,,0,,,,,,,2025-02-12,,,,,,,,,,1,0,,,,,,,0,,0,,,,,,,,0,,,,,,0,0,,,,,,,,,
5880,hasgdjh,,,65213548,,200,,0,,,,,,,2025-02-12,,,,,,,,,,1,0,,,,,,,0,,0,,,,,,,,0,,,,,,0,0,,,,,,,,,
5881,jgk,,,6545656,,900,,0,,,,,,,2025-02-12,,,,,,,,,,1,0,,,,,,,0,,0,,,,,,,,0,,,,,,0,0,,,,,,,,,
5882,k,,,5651,,900,,0,,,,,,,2025-02-12,,,,,,,,,,1,0,,,,,,,0,,0,,,,,,,,0,,,,,,0,0,,,,,,,,,
5883,afhsdjhfjh,,,21968465,,900,,0,,,,,,,2025-02-12,,,,,,,,,,1,0,,,,,,,0,,0,,,,,,,,0,,,,,,0,0,,,,,,,,,
5900,jsghjk,,,684654168486,,200,,0,,,,,,,2025-02-12,,,,,,,,,,1,0,,,,,,,0,,0,,,,,,,,0,,,,,,0,0,,,,,,,,,
5901,kauhfuihasdui,,,75486486486,,900,,0,,,,,,,2025-02-12,,,,,,,,,,1,0,,,,,,,0,,0,,,,,,,,0,,,,,,0,0,,,,,,,,,
5920,tt product,,,87984,,200,,0,,,,,,,2025-02-13,,,,,,,,,,1,0,,,,,,,0,,0,,,,,,,,0,,,,,,0,0,,,,,,,,,
5921,jkhj,,,123,,900,,0,,,,,,,2025-02-13,,,,,,,,,,1,0,,,,,,,0,,0,,,,,,,,0,,,,,,"",0,,,,,,,,,
5922,jyfgyj,,,86874,,200,,0,,,,,,,2025-02-13,,,,,,,,,,1,0,,,,,,,0,,0,,,,,,,,0,,,,,,0,0,,,,,,,,,
5923,giosdhogui,,,98468,,900,,0,,,,,,,2025-02-13,,,,,,,,,,1,0,,,,,,,0,,0,,,,,,,,0,,,,,,0,0,,,,,,,,,
5924,"",,,123,,900,,0,,,,,,,2025-02-13,,,,,,,,,,1,0,,,,,,,0,,0,,,,,,,,0,,,,,,"",0,,,,,,,,,
5925,Alfa ABC,,,123,,200,,0,,,,,,,2025-02-13,,,,,,,,,,1,0,,,,,,,0,,0,,,,,,,,0,,,,,,0,0,,,,,,,,,
5940,Larry $$,,,123123,,200,,0,,,,,,,2025-02-13,,,,,,,,,,1,0,,,,,,,0,,0,,,,,,,,0,,,,,,0,0,,,,,,,,,
5980,CHARBEL,,,745,,200,,0,,,,,,,2025-02-13,,,,,,,,,,1,0,,,,,,,0,,0,,,,,,,,0,,,,,,0,0,,,,,,,,,
6000,Alfa$,,,4557,,200,,0,,,,,,,2025-02-13,,,,,,,,,,1,0,,,,,,,0,,0,,,,,,,,0,,,,,,0,0,,,,,,,,,
6001,atallah,,,745,,200,,0,,,,,,,2025-02-13,,,,,,,,,,1,0,,,,,,,0,,0,,,,,,,,0,,,,,,0,0,,,,,,,,,
5981,11111,,,745,,200,,0,,,,,,,2025-02-13,,,,,,,,,,1,0,,,,,,,0,,0,,,,,,,,0,,,,,,0,0,,,,,,,,,
6040,sadsadas,,,745,,200,,0,,,,,,,2025-02-13,,,,,,,,,,1,0,,,,,,,0,,0,,,,,,,,0,,,,,,1,0,,,,,,,,,
6060,charbel,,,7459,,200,,0,,,,,,,2025-02-13,,,,,,,,,,1,0,,,,,,,0,,0,,,,,,,,0,,,,,,1,0,,,,,,,,,
6023,dsaulfhlkj,,,68451465,,200,,0,,,,,,,2025-02-13,,,,,,,,,,1,0,,,,,,,0,,0,,,,,,,,0,,,,,,0,0,,,,,,,,,
6080,kjfsdherufi,,,6546465,,200,,0,,,,,,,2025-02-13,,,,,,,,,,1,0,,,,,,,0,,0,,,,,,,,0,,,,,,0,0,,,,,,,,,
6100,sfd;lijlasjh,,,6546878,,200,,0,,,,,,,2025-02-13,,,,,,,,,,1,0,,,,,,,0,,0,,,,,,,,0,,,,,,0,0,,,,,,,,,
6101,sfd;lijlasjh,,,6846,,900,,0,,,,,,,2025-02-13,,,,,,,,,,1,0,,,,,,,0,,0,,,,,,,,0,,,,,,"",0,,,,,,,,,
6121,ksfhku,,,4868468486,,900,,0,,,,,,,2025-02-13,,,,,,,,,,1,0,,,,,,,0,,0,,,,,,,,0,,,,,,"",0,,,,,,,,,
6122,shgkjfdhgkjs,,,5643545,,900,,0,,,,,,,2025-02-13,,,,,,,,,,1,0,,,,,,,0,,0,,,,,,,,0,,,,,,"",0,,,,,,,,,
6432,551651,,,54651,,900,,0,,,,,,,2025-02-17,,,,,,,,,,1,0,,,,,,,0,,0,,,,,,,,0,,,,,,0,0,,,,,,,,,
6441,551651,,,54651,,900,,0,,,,,,,2025-02-17,,,,,,,,,,1,0,,,,,,,0,,0,,,,,,,,0,,,,,,0,0,,,,,,,,,
6461,551651,,,54651,,900,,0,,,,,,,2025-02-17,,,,,,,,,,1,0,,,,,,,0,,0,,,,,,,,0,,,,,,0,0,,,,,,,,,
6481,4545645,,,5465456,,900,,0,,,,,,,2025-02-17,,,,,,,,,,1,0,,,,,,,0,,0,,,,,,,,0,,,,,,0,0,,,,,,,,,
6482,54,,,654564231,,900,,0,,,,,,,2025-02-17,,,,,,,,,,1,0,,,,,,,0,,0,,,,,,,,0,,,,,,0,0,,,,,,,,,
6484,4545645,,,5465456,,900,,0,,,,,,,2025-02-17,,,,,,,,,,1,0,,,,,,,0,,0,,,,,,,,0,,,,,,1,0,,,,,,,,,
6485,54,,,654564231,,900,,0,,,,,,,2025-02-17,,,,,,,,,,1,0,,,,,,,0,,0,,,,,,,,0,,,,,,1,0,,,,,,,,,
6434,551651,,,54651,,900,,0,,,,,,,2025-02-17,,,,,,,,,,1,0,,,,,,,0,,0,,,,,,,,0,,,,,,0,0,,,,,,,,,
6435,test,,,904519,,200,,0,,,,,,,2025-02-17,,,,,,,,,,1,0,,,,,,,0,,0,,,,,,,,0,,,,,,0,0,,,,,,,,,
6436,551651,,,54651,,900,,0,,,,,,,2025-02-17,,,,,,,,,,1,0,,,,,,,0,,0,,,,,,,,0,,,,,,0,0,,,,,,,,,
6501,4545645,,,5465456,,900,,0,,,,,,,2025-02-17,,,,,,,,,,1,0,,,,,,,0,,0,,,,,,,,0,,,,,,0,0,,,,,,,,,
6502,54,,,654564231,,900,,0,,,,,,,2025-02-17,,,,,,,,,,1,0,,,,,,,0,,0,,,,,,,,0,,,,,,0,0,,,,,,,,,
6487,4545645,,,5465456,,900,,0,,,,,,,2025-02-17,,,,,,,,,,1,0,,,,,,,0,,0,,,,,,,,0,,,,,,0,0,,,,,,,,,
6488,54,,,654564231,,900,,0,,,,,,,2025-02-17,,,,,,,,,,1,0,,,,,,,0,,0,,,,,,,,0,,,,,,0,0,,,,,,,,,
6521,4545645,,,5465456,,900,,0,,,,,,,2025-02-17,,,,,,,,,,1,0,,,,,,,0,,0,,,,,,,,0,,,,,,0,0,,,,,,,,,
6522,54,,,654564231,,900,,0,,,,,,,2025-02-17,,,,,,,,,,1,0,,,,,,,0,,0,,,,,,,,0,,,,,,0,0,,,,,,,,,
6437,product 2,,,846465,,200,,0,,,,,,,2025-02-17,,,,,,,,,,1,0,,,,,,,0,,0,,,,,,,,0,,,,,,0,0,,,,,,,,,
6438,4545645,,,5465456,,900,,0,,,,,,,2025-02-17,,,,,,,,,,1,0,,,,,,,0,,0,,,,,,,,0,,,,,,0,0,,,,,,,,,
6439,54,,,654564231,,900,,0,,,,,,,2025-02-17,,,,,,,,,,1,0,,,,,,,0,,0,,,,,,,,0,,,,,,0,0,,,,,,,,,
6540,HRM,,,7190,,200,,0,,,,,,,2025-02-17,,,,,,,,,,1,0,,,,,,,0,,0,,,,,,,,0,,,,,,0,0,,,,,,,,,
6561,HRM 25,,,719060,,900,,0,,,,,,,2025-02-17,,,,,,,,,,1,0,,,,,,,0,,0,,,,,,,,0,,,,,,0,0,,,,,,,,,
6562,HRM 50,,,719070,,900,,0,,,,,,,2025-02-17,,,,,,,,,,1,0,,,,,,,0,,0,,,,,,,,0,,,,,,0,0,,,,,,,,,
6563,HRM 100,,,719080,,900,,0,,,,,,,2025-02-17,,,,,,,,,,1,0,,,,,,,0,,0,,,,,,,,0,,,,,,0,0,,,,,,,,,
6581,HRM 25,,,719060,,900,,0,,,,,,,2025-02-17,,,,,,,,,,1,0,,,,,,,0,,0,,,,,,,,0,,,,,,0,0,,,,,,,,,
6582,HRM 50,,,719070,,900,,0,,,,,,,2025-02-17,,,,,,,,,,1,0,,,,,,,0,,0,,,,,,,,0,,,,,,0,0,,,,,,,,,
6583,HRM 100,,,719080,,900,,0,,,,,,,2025-02-17,,,,,,,,,,1,0,,,,,,,0,,0,,,,,,,,0,,,,,,0,0,,,,,,,,,
6565,HRM 25,,,719060,,900,,0,,,,,,,2025-02-17,,,,,,,,,,1,0,,,,,,,0,,0,,,,,,,,0,,,,,,0,0,,,,,,,,,
6566,HRM 50,,,719070,,900,,0,,,,,,,2025-02-17,,,,,,,,,,1,0,,,,,,,0,,0,,,,,,,,0,,,,,,0,0,,,,,,,,,
6567,HRM 75,,,719080,,900,,0,,,,,,,2025-02-17,,,,,,,,,,1,0,,,,,,,0,,0,,,,,,,,0,,,,,,0,0,,,,,,,,,
6601,HRM 50,,,719070,,900,,0,,,,,,,2025-02-17,,,,,,,,,,1,0,,,,,,,0,,0,,,,,,,,0,,,,,,0,0,,,,,,,,,
6602,HRM 75,,,719080,,900,,0,,,,,,,2025-02-17,,,,,,,,,,1,0,,,,,,,0,,0,,,,,,,,0,,,,,,0,0,,,,,,,,,
6620,1,,,1,,200,,0,,,,,,,2025-02-17,,,,,,,,,,1,0,,,,,,,0,,0,,,,,,,,0,,,,,,0,0,,,,,,,,,
6621,HRM 50,,,719070,,900,,0,,,,,,,2025-02-17,,,,,,,,,,1,0,,,,,,,0,,0,,,,,,,,0,,,,,,1,0,,,,,,,,,
6640,1,,,1,,200,,0,,,,,,,2025-02-17,,,,,,,,,,1,0,,,,,,,0,,0,,,,,,,,0,,,,,,0,0,,,,,,,,,
6641,HRM 50,,,719070,,900,,0,,,,,,,2025-02-17,,,,,,,,,,1,0,,,,,,,0,,0,,,,,,,,0,,,,,,1,0,,,,,,,,,
6660,231,,,123,,200,,0,,,,,,,2025-02-17,,,,,,,,,,1,0,,,,,,,0,,0,,,,,,,,0,,,,,,0,0,,,,,,,,,
6661,HRM 50,,,719070,,900,,0,,,,,,,2025-02-17,,,,,,,,,,1,0,,,,,,,0,,0,,,,,,,,0,,,,,,1,0,,,,,,,,,
6680,231,,,123,,200,,0,,,,,,,2025-02-17,,,,,,,,,,1,0,,,,,,,0,,0,,,,,,,,0,,,,,,0,0,,,,,,,,,
6720,1,,,1,,200,,0,,,,,,,2025-02-17,,,,,,,,,,1,0,,,,,,,0,,0,,,,,,,,0,,,,,,0,0,,,,,,,,,
6700,1,,,1,,200,,0,,,,,,,2025-02-17,,,,,,,,,,1,0,,,,,,,0,,0,,,,,,,,0,,,,,,0,0,,,,,,,,,
6681,HRM 50,,,719070,,900,,0,,,,,,,2025-02-17,,,,,,,,,,1,0,,,,,,,0,,0,,,,,,,,0,,,,,,1,0,,,,,,,,,
6701,HRM 50,,,719070,,900,,0,,,,,,,2025-02-17,,,,,,,,,,1,0,,,,,,,0,,0,,,,,,,,0,,,,,,1,0,,,,,,,,,
6721,HRM 50,,,719070,,900,,0,,,,,,,2025-02-17,,,,,,,,,,1,0,,,,,,,0,,0,,,,,,,,0,,,,,,1,0,,,,,,,,,
6740,test 1,,,123456,,200,,0,,,,,,,2025-02-17,,,,,,,,,,1,0,,,,,,,0,,0,,,,,,,,0,,,,,,0,0,,,,,,,,,
6760,test 1,,,123456,,200,,0,,,,,,,2025-02-17,,,,,,,,,,1,0,,,,,,,0,,0,,,,,,,,0,,,,,,0,0,,,,,,,,,
6761,dddddddd,,,1111111,,900,,0,,,,,,,2025-02-17,,,,,,,,,,1,0,,,,,,,0,,0,,,,,,,,0,,,,,,0,0,,,,,,,,,
6762,description,,,22222222,,900,,0,,,,,,,2025-02-17,,,,,,,,,,1,0,,,,,,,0,,0,,,,,,,,0,,,,,,0,0,,,,,,,,,
6763,product 2,,,221654,,200,,0,,,,,,,2025-02-17,,,,,,,,,,1,0,,,,,,,0,,0,,,,,,,,0,,,,,,0,0,,,,,,,,,
6781,lsghksgjjk,,,54631687,,900,,0,,,,,,,2025-02-17,,,,,,,,,,1,0,,,,,,,0,,0,,,,,,,,0,,,,,,0,0,,,,,,,,,
6782,hfgkjsdfjk,,,5343515,,900,,0,,,,,,,2025-02-17,,,,,,,,,,1,0,,,,,,,0,,0,,,,,,,,0,,,,,,0,0,,,,,,,,,
6800,tes 3,,,454641651561,,200,,0,,,,,,,2025-02-17,,,,,,,,,,1,0,,,,,,,0,,0,,,,,,,,0,,,,,,0,0,,,,,,,,,
6801,lsghksgjjk,,,54631687,,900,,0,,,,,,,2025-02-17,,,,,,,,,,1,0,,,,,,,0,,0,,,,,,,,0,,,,,,0,0,,,,,,,,,
6802,hfgkjsdfjk,,,5343515,,900,,0,,,,,,,2025-02-17,,,,,,,,,,1,0,,,,,,,0,,0,,,,,,,,0,,,,,,0,0,,,,,,,,,
6820,test 100,,,56351654,,200,,0,,,,,,,2025-02-17,,,,,,,,,,1,0,,,,,,,0,,0,,,,,,,,0,,,,,,0,0,,,,,,,,,
6821,lsdjhfkjasdhfjk,,,23132032132,,900,,0,,,,,,,2025-02-17,,,,,,,,,,1,0,,,,,,,0,,0,,,,,,,,0,,,,,,1,0,,,,,,,,,
6822,jkgklasdjfjkasdh,,,3132156,,900,,0,,,,,,,2025-02-17,,,,,,,,,,1,0,,,,,,,0,,0,,,,,,,,0,,,,,,0,0,,,,,,,,,
6841,New 3,,,12334,,900,,0,,,,,,,2025-02-17,,,,,,,,,,1,0,,,,,,,0,,0,,,,,,,,0,,,,,,0,0,,,,,,,,,
6842,New 4,,,12335,,900,,0,,,,,,,2025-02-17,,,,,,,,,,1,0,,,,,,,0,,0,,,,,,,,0,,,,,,0,0,,,,,,,,,
6861,New 5,,,12336,,900,,0,,,,,,,2025-02-17,,,,,,,,,,1,0,,,,,,,0,,0,,,,,,,,0,,,,,,0,0,,,,,,,,,
6862,New 3,,,12334,,900,,0,,,,,,,2025-02-17,,,,,,,,,,1,0,,,,,,,0,,0,,,,,,,,0,,,,,,0,0,,,,,,,,,
6863,New 4,,,12335,,900,,0,,,,,,,2025-02-17,,,,,,,,,,1,0,,,,,,,0,,0,,,,,,,,0,,,,,,0,0,,,,,,,,,
6880,tttttt,,,1312341234,,200,,0,,,,,,,2025-02-17,,,,,,,,,,1,0,,,,,,,0,,0,,,,,,,,0,,,,,,0,0,,,,,,,,,
6881,12341234,,,12341234,,900,,0,,,,,,,2025-02-17,,,,,,,,,,1,0,,,,,,,0,,0,,,,,,,,0,,,,,,1,0,,,,,,,,,
6882,12344312432,,,4564756,,900,,0,,,,,,,2025-02-17,,,,,,,,,,1,0,,,,,,,0,,0,,,,,,,,0,,,,,,0,0,,,,,,,,,
6900,1,,,1,,200,,0,,,,,,,2025-02-19,,,,,,,,,,1,0,,,,,,,0,,0,,,,,,,,0,,,,,,0,0,,,,,,,,,
6920,123,,,123,,200,,0,,,,,,,2025-02-19,,,,,,,,,,1,0,,,,,,,0,,0,,,,,,,,0,,,,,,0,0,,,,,,,,,
6941,qwe,,,1,,900,,0,,,,,,,2025-02-19,,,,,,,,,,1,0,,,,,,,0,,0,,,,,,,,0,,,,,,1,0,,,,,,,,,
6960,1,,,1,,200,,0,,,,,,,2025-02-19,,,,,,,,,,1,0,,,,,,,0,,0,,,,,,,,0,,,,,,0,0,,,,,,,,,
6981,Smart,,,4206911,,900,,0,,,,,,,2025-02-19,,,,,,,,,,1,0,,,,,,,0,,0,,,,,,,,0,,,,,,0,0,,,,,,,,,
6982,Curved,,,4206912,,900,,0,,,,,,,2025-02-19,,,,,,,,,,1,0,,,,,,,0,,0,,,,,,,,0,,,,,,0,0,,,,,,,,,
6983,Old,,,4206913,,900,,0,,,,,,,2025-02-19,,,,,,,,,,1,0,,,,,,,0,,0,,,,,,,,0,,,,,,1,0,,,,,,,,,
7000,9,,,6,,200,,0,,,,,,,2025-02-21,,,,,,,,,,1,0,,,,,,,0,,0,,,,,,,,0,,,,,,0,0,,,,,,,,,
7001,Smart,,,4206911,,900,,0,,,,,,,2025-02-21,,,,,,,,,,1,0,,,,,,,0,,0,,,,,,,,0,,,,,,0,0,,,,,,,,,
7002,Curved,,,4206912,,900,,0,,,,,,,2025-02-21,,,,,,,,,,1,0,,,,,,,0,,0,,,,,,,,0,,,,,,0,0,,,,,,,,,
237421,Debit Card,,,010,,1137,,0,,,,,,,2023-12-06,-1999,,,,,,,,,1,0,,1,,,,,0,,0,,,,,,,44,0,,,,,,0,0,0,,,,,,,,103882
237422,Salary Domiciliation,,,011,,1137,,0,,,,,,,2023-12-06,-1999,,,,,,,,,1,0,,1,,,,,0,,0,,,,,,,44,0,,,,,,0,0,0,,,,,,,,103882
237423,Invoice Domicilation,,,012,,1137,,0,,,,,,,2023-12-06,-1999,,,,,,,,,1,0,,1,,,,,0,,0,,,,,,,44,0,,,,,,0,0,0,,,,,,,,103882
237424,VOSTRO Account,,,025,,1137,,0,,,,,,,2023-12-06,-1999,,,,,,,,,1,0,,1,,,,,0,,0,,,,,,,44,0,,,,,,0,0,0,,,,,,,,103882
237425,Overdraft,,,035,,1137,,0,,,,,,,2023-12-06,-1999,,,,,,,,,1,0,,1,,,,,0,,0,,,,,,,45,0,,,,,,0,0,0,,,,,,,,103882
237426,Credit Card,,,045,,1137,,0,,,,,,,2023-12-06,-1999,,,,,,,,,1,0,,1,,,,,0,,0,,,,,,,45,0,,,,,,0,0,0,,,,,,,,103882
237427,Financing L/C,,,055,,1137,,0,,,,,,,2023-12-06,-1999,,,,,,,,,1,0,,1,,,,,0,,0,,,,,,,45,0,,,,,,0,0,0,,,,,,,,103882
237428,NOSTRO Account,,,065,,1137,,0,,,,,,,2023-12-06,-1999,,,,,,,,,1,0,,1,,,,,0,,0,,,,,,,45,0,,,,,,0,0,0,,,,,,,,103882
237429,Reserve Account - CB Local,,,068,,1137,,0,,,,,,,2023-12-06,-1999,,,,,,,,,1,0,,1,,,,,0,,0,,,,,,,45,0,,,,,,0,0,0,,,,,,,,103882
237430,Funding/Settlement - Term Loan - Corporate,,,075,,1162,,0,,,,,,,2023-12-06,-1999,,,,,,,,,1,0,,1,,,,,0,,0,,,,,,,18,0,,,,,,0,0,0,,,,,,,,103882
237431,Funding/Settlement - Term Loan - Individual,,,076,,1162,,0,,,,,,,2023-12-06,-1999,,,,,,,,,1,0,,1,,,,,0,,0,,,,,,,18,0,,,,,,0,0,0,,,,,,,,103882
237432,Funding/Settlement - Term Loan - Bank,,,077,,1162,,0,,,,,,,2023-12-06,-1999,,,,,,,,,1,0,,1,,,,,0,,0,,,,,,,18,0,,,,,,0,0,0,,,,,,,,103882
237433,Funding/Settlement - Term Deposit - Corporate,,,080,,1162,,0,,,,,,,2023-12-06,-1999,,,,,,,,,1,0,,1,,,,,0,,0,,,,,,,46,0,,,,,,0,0,0,,,,,,,,103882
237434,Funding/Settlement - Term Deposit - Individual,,,081,,1162,,0,,,,,,,2023-12-06,-1999,,,,,,,,,1,0,,1,,,,,0,,0,,,,,,,46,0,,,,,,0,0,0,,,,,,,,103882
237435,Funding/Settlement - Term Deposit - Bank,,,082,,1162,,0,,,,,,,2023-12-06,-1999,,,,,,,,,1,0,,1,,,,,0,,0,,,,,,,46,0,,,,,,0,0,0,,,,,,,,103882
237436,Funding/Settlement - Trade Finance,,,085,,1162,,0,,,,,,,2023-12-06,-1999,,,,,,,,,1,0,,1,,,,,0,,0,,,,,,,30,0,,,,,,0,0,0,,,,,,,,103882
237437,Funding/Settlement - Treasury,,,090,,1162,,0,,,,,,,2023-12-06,-1999,,,,,,,,,1,0,,1,,,,,0,,0,,,,,,,30,0,,,,,,0,0,0,,,,,,,,103882
237438,Checks For Collection,,,095,,1162,,0,,,,,,,2023-12-06,-1999,,,,,,,,,1,0,,1,,,,,0,,0,,,,,,,30,0,,,,,,0,0,0,,,,,,,,103882
237439,Call Deposit,,,100,,1124,,0,,,,,,,2023-12-06,-1999,,,,,,,,,1,0,,1,,,,,0,,0,,,,,,,,0,,,,,,0,0,0,,,,,,,,103882
237440,Margin - Inward L/C,,,120,,1124,,0,,,,,,,2023-12-06,-1999,,,,,,,,,1,0,,1,,,,,0,,0,,,,,,,43,0,,,,,,0,0,0,,,,,,,,103882
237441,Margin - Inward L/C / Standby - Acceptance,,,121,,1124,,0,,,,,,,2023-12-06,-1999,,,,,,,,,1,0,,1,,,,,0,,0,,,,,,,43,0,,,,,,0,0,0,,,,,,,,103882
237442,Margin - Inward L/G,,,122,,1124,,0,,,,,,,2023-12-06,-1999,,,,,,,,,1,0,,1,,,,,0,,0,,,,,,,43,0,,,,,,0,0,0,,,,,,,,103882
237443,Margin - Inward Collections - Acceptance,,,123,,1124,,0,,,,,,,2023-12-06,-1999,,,,,,,,,1,0,,1,,,,,0,,0,,,,,,,43,0,,,,,,0,0,0,,,,,,,,103882
237444,Margin - FX ,,,125,,1124,,0,,,,,,,2023-12-06,-1999,,,,,,,,,1,0,,1,,,,,0,,0,,,,,,,43,0,,,,,,0,0,0,,,,,,,,103882
237445,Margin - Forward FX ,,,126,,1124,,0,,,,,,,2023-12-06,-1999,,,,,,,,,1,0,,1,,,,,0,,0,,,,,,,43,0,,,,,,0,0,0,,,,,,,,103882
237446,Margin - Financial Securitites,,,127,,1124,,0,,,,,,,2023-12-06,-1999,,,,,,,,,1,0,,1,,,,,0,,0,,,,,,,43,0,,,,,,0,0,0,,,,,,,,103882
1,BILL COLLECTION,,,1,,200,,0,,,2,2014-02-12,,,2014-02-12,-1,,,,,,,,,1,0,,,,,,,0,,0,,,,,,,,0,,,,,,0,0,,,,,,,,,
2,RECHARGE CARDS,,,2,,200,,0,,,2,2014-02-12,,,2014-02-12,-1,,,,,,,,,1,0,,,,,,,0,,0,,,,,,,,0,,,,,,0,0,,,,,,,,,
3,MONEY TRANSFER,,,3,,200,,0,,,2,2014-02-12,,,2014-02-12,-1,,,,,,,,,1,0,,,,,,,0,,0,,,,,,,,0,,,,,,0,0,,,,,,,,,
4,SHIPPING ,,,4,,200,,0,,,2,2014-02-12,,,2014-02-12,-1,,,,,,,,,1,0,,,,,,,0,,0,,,,,,,,0,,,,,,0,0,,,,,,,,,
5,TOP UP,,,5,,200,,0,,,2,2014-02-12,,,2014-02-12,-1,,,,,,,,,1,0,,,,,,,0,,0,,,,,,,,0,,,,,,0,0,,,,,,,,,
6,CASH CARD,,,6,,200,,0,,,2,2014-02-12,,,2014-02-12,-1,,,,,,,,,1,0,,,,,,,0,,0,,,,,,,,0,,,,,,0,0,,,,,,,,,
7,CASH DEPOSIT,,,7,,200,,0,,,,,,,2014-09-30,-53,,,,,,,,,1,0,,,,,,,0,,0,,,,,,,,0,,,,,,0,0,,,,,,,,,
16,16,,,16,,1015,,0,,,21,,,,2015-02-04,3493,,,,,,,,,1,0,,,,,,,0,,0,,,,,,,,0,,,,,,0,0,,,,,,,,,
21,21,,,21,,1015,,0,,,21,2015-02-06,,,2015-02-05,3493,,,,,,,,,1,0,,,,,,,0,,0,,,,,,,,0,,,,,,0,0,,,,,,,,,
25,Submarine  25,,,25,,1015,,0,,,2,2015-02-09,,,2015-02-09,3493,,,,,,,,,1,0,,,,,,,0,,0,,,,,,,,0,,,,,,0,0,,,,,,,,,
26,Submarine  26,,,26,,1015,,0,,,2,2015-02-09,,,2015-02-09,3493,,,,,,,,,1,0,,,,,,,0,,0,,,,,,,,0,,,,,,0,0,,,,,,,,,
27,Submarine  27,,,27,,1015,,0,,,21,2015-02-10,,,2015-02-10,3493,,,,,,,,,1,0,,,,,,,0,,0,,,,,,,,0,,,,,,0,0,,,,,,,,,
28,Submarine  28,,,28,,1015,,0,,,21,2015-02-10,,,2015-02-10,3493,,,,,,,,,1,0,,,,,,,0,,0,,,,,,,,0,,,,,,0,0,,,,,,,,,
29,Submarine  29,,,29,,1015,,0,,,21,2015-02-10,,,2015-02-10,3493,,,,,,,,,1,0,,,,,,,0,,0,,,,,,,,0,,,,,,0,0,,,,,,,,,
30,Submarine  30,,,30,,1015,,0,,,21,2015-02-10,,,2015-02-10,3493,,,,,,,,,1,0,,,,,,,0,,0,,,,,,,,0,,,,,,0,0,,,,,,,,,
31,Submarine  31,,,31,,1015,,0,,,21,2015-02-10,,,2015-02-10,3493,,,,,,,,,1,0,,,,,,,0,,0,,,,,,,,0,,,,,,0,0,,,,,,,,,
32,Submarine  32,,,32,,1015,,0,,,21,2015-02-10,,,2015-02-10,3493,,,,,,,,,1,0,,,,,,,0,,0,,,,,,,,0,,,,,,0,0,,,,,,,,,
33,Submarine  33,,,33,,1015,,0,,,21,2015-02-10,,,2015-02-10,3493,,,,,,,,,1,0,,,,,,,0,,0,,,,,,,,0,,,,,,0,0,,,,,,,,,
34,Submarine  34,,,34,,1015,,0,,,21,2015-02-18,,,2015-02-10,3493,,,,,,,,,1,0,,,,,,,0,,0,,,,,,,,0,,,,,,0,0,,,,,,,,,
35,Submarine  35,,,35,,1015,,0,,,21,2015-02-18,,,2015-02-10,3493,,,,,,,,,1,0,,,,,,,0,,0,,,,,,,,0,,,,,,0,0,,,,,,,,,
36,Submarine  36,,,36,,1015,,0,,,21,2015-02-18,,,2015-02-10,3493,,,,,,,,,1,0,,,,,,,0,,0,,,,,,,,0,,,,,,0,0,,,,,,,,,
37,Submarine  37,,,37,,1015,,0,,,21,2015-02-11,,,2015-02-10,3493,,,,,,,,,1,0,,,,,,,0,,0,,,,,,,,0,,,,,,0,0,,,,,,,,,
38,Submarine  38,,,38,,1015,,0,,,21,2015-02-11,,,2015-02-10,3493,,,,,,,,,1,0,,,,,,,0,,0,,,,,,,,0,,,,,,0,0,,,,,,,,,
237447,Collateral - L/C,,,130,,1124,,0,,,,,,,2023-12-06,-1999,,,,,,,,,1,0,,1,,,,,0,,0,,,,,,,42,0,,,,,,0,0,0,,,,,,,,103882
237448,Collateral - L/G,,,131,,1124,,0,,,,,,,2023-12-06,-1999,,,,,,,,,1,0,,1,,,,,0,,0,,,,,,,42,0,,,,,,0,0,0,,,,,,,,103882
237449,Collateral - Acceptance,,,132,,1124,,0,,,,,,,2023-12-06,-1999,,,,,,,,,1,0,,1,,,,,0,,0,,,,,,,42,0,,,,,,0,0,0,,,,,,,,103882
237450,Collateral - Speculation,,,133,,1124,,0,,,,,,,2023-12-06,-1999,,,,,,,,,1,0,,1,,,,,0,,0,,,,,,,42,0,,,,,,0,0,0,,,,,,,,103882
237451,Collateral - Loans,,,134,,1124,,0,,,,,,,2023-12-06,-1999,,,,,,,,,1,0,,1,,,,,0,,0,,,,,,,42,0,,,,,,0,0,0,,,,,,,,103882
237452,Collateral - Escrow,,,135,,1124,,0,,,,,,,2023-12-06,-1999,,,,,,,,,1,0,,1,,,,,0,,0,,,,,,,42,0,,,,,,0,0,0,,,,,,,,103882
237453,Collateral - Credit Card,,,136,,1124,,0,,,,,,,2023-12-06,-1999,,,,,,,,,1,0,,1,,,,,0,,0,,,,,,,42,0,,,,,,0,0,0,,,,,,,,103882
237454,Collateral - Cashier,,,137,,1124,,0,,,,,,,2023-12-06,-1999,,,,,,,,,1,0,,1,,,,,0,,0,,,,,,,42,0,,,,,,0,0,0,,,,,,,,103882
237455,Collateral - Safe Box,,,138,,1124,,0,,,,,,,2023-12-06,-1999,,,,,,,,,1,0,,1,,,,,0,,0,,,,,,,42,0,,,,,,0,0,0,,,,,,,,103882
237456,Collateral - Cash Shipper,,,139,,1124,,0,,,,,,,2023-12-06,-1999,,,,,,,,,1,0,,1,,,,,0,,0,,,,,,,42,0,,,,,,0,0,0,,,,,,,,103882
237457,Fixed Term Deposit,,,150,,1124,,0,,,,,,,2023-12-06,-1999,,,,,,,,,1,0,,1,,,,,0,,0,,,,,,,,0,,,,,,0,0,0,,,,,,,,103882
237458,Fixed Term Deposit V.Int.Frq.,,,151,,1124,,0,,,,,,,2023-12-06,-1999,,,,,,,,,1,0,,1,,,,,0,,0,,,,,,,,0,,,,,,0,0,0,,,,,,,,103882
237459,ELC/ESB - Acceptance Confirmed,,,175,,1124,,0,,,,,,,2023-12-06,-1999,,,,,,,,,1,0,,1,,,,,0,,0,,,,,,,,0,,,,,,0,0,0,,,,,,,,103882
237460,ELC/ESB - Acceptance UnConfirmed,,,176,,1124,,0,,,,,,,2023-12-06,-1999,,,,,,,,,1,0,,1,,,,,0,,0,,,,,,,,0,,,,,,0,0,0,,,,,,,,103882
237461,Unrealized Interest,,,198,,1137,,0,,,,,,,2023-12-06,-1999,,,,,,,,,1,0,,1,,,,,0,,0,,,,,,,,0,,,,,,0,0,0,,,,,,,,103882
237462,Provision for NPL,,,199,,1137,,0,,,,,,,2023-12-06,-1999,,,,,,,,,1,0,,1,,,,,0,,0,,,,,,,,0,,,,,,0,0,0,,,,,,,,103882
237463,ECL Stage3-Unrealized Interest,,,200,,1234,,0,,,,,,,2023-12-06,-1999,,,,,,,,,1,0,,1,,,,,0,,0,,,,,,,,0,,,,,,0,0,0,,,,,,,,103882
237464,ECL Stage3-Provision,,,201,,1234,,0,,,,,,,2023-12-06,-1999,,,,,,,,,1,0,,1,,,,,0,,0,,,,,,,,0,,,,,,0,0,0,,,,,,,,103882
237465,Term Loan - Constant Principal,,,300,,1133,,0,,,,,,,2023-12-06,-1999,,,,,,,,,1,0,,1,,,,,0,,0,,,,,,,,0,,,,,,0,0,0,,,,,,,,103882
237466,Term Loan - Constant Payment,,,301,,1133,,0,,,,,,,2023-12-06,-1999,,,,,,,,,1,0,,1,,,,,0,,0,,,,,,,,0,,,,,,0,0,0,,,,,,,,103882
237467,Term Loan - Irregular Payment,,,302,,1133,,0,,,,,,,2023-12-06,-1999,,,,,,,,,1,0,,1,,,,,0,,0,,,,,,,,0,,,,,,0,0,0,,,,,,,,103882
237468,Discounted Bills - Constant Payment,,,320,,1133,,0,,,,,,,2023-12-06,-1999,,,,,,,,,1,0,,1,,,,,0,,0,,,,,,,,0,,,,,,0,0,0,,,,,,,,103882
237469,Discounted Bills - Irregular Payment,,,321,,1133,,0,,,,,,,2023-12-06,-1999,,,,,,,,,1,0,,1,,,,,0,,0,,,,,,,,0,,,,,,0,0,0,,,,,,,,103882
237470,Re-scheduled Loan - Constant Payment,,,381,,1133,,0,,,,,,,2023-12-06,-1999,,,,,,,,,1,0,,1,,,,,0,,0,,,,,,,,0,,,,,,0,0,0,,,,,,,,103882
237471,Re-scheduled Loan - Constant Principal,,,382,,1133,,0,,,,,,,2023-12-06,-1999,,,,,,,,,1,0,,1,,,,,0,,0,,,,,,,,0,,,,,,0,0,0,,,,,,,,103882
237472,ILC - Acceptance,,,398,,1133,,0,,,,,,,2023-12-06,-1999,,,,,,,,,1,0,,1,,,,,0,,0,,,,,,,,0,,,,,,0,0,0,,,,,,,,103882
237473,IDC - Avalized,,,399,,1133,,0,,,,,,,2023-12-06,-1999,,,,,,,,,1,0,,1,,,,,0,,0,,,,,,,,0,,,,,,0,0,0,,,,,,,,103882
237689,Overnight Placement,,,400,,1,,0,,,,,,,2024-02-22,-1995,,,,,,,,,1,0,,1,,,,,0,,0,,,,,,,,0,,,,,,0,0,0,,,,,,,,103882
237690,Call Placement,,,401,,1,,0,,,,,,,2024-02-22,-1995,,,,,,,,,1,0,,1,,,,,0,,0,,,,,,,,0,,,,,,0,0,0,,,,,,,,103882
237691,Term Placement - Variable Int.Rate,,,405,,1,,0,,,,,,,2024-02-22,-1995,,,,,,,,,1,0,,1,,,,,0,,0,,,,,,,,0,,,,,,0,0,0,,,,,,,,103882
237692,Term Placement - Variable Int.Rate,,,406,,1,,0,,,,,,,2024-02-22,-1995,,,,,,,,,1,0,,1,,,,,0,,0,,,,,,,,0,,,,,,0,0,0,,,,,,,,103882
237693,Term Placement - Fixed Int.Rate,,,407,,1,,0,,,,,,,2024-02-22,-1995,,,,,,,,,1,0,,1,,,,,0,,0,,,,,,,,0,,,,,,0,0,0,,,,,,,,103882
237694,Repo Placement ,,,408,,1,,0,,,,,,,2024-02-22,-1995,,,,,,,,,1,0,,1,,,,,0,,0,,,,,,,,0,,,,,,0,0,0,,,,,,,,103882
237695,Term Placement - Collateral,,,414,,1,,0,,,,,,,2024-02-22,-1995,,,,,,,,,1,0,,1,,,,,0,,0,,,,,,,,0,,,,,,0,0,0,,,,,,,,103882
237696,Overnight Deposit,,,450,,1,,0,,,,,,,2024-02-22,-1995,,,,,,,,,1,0,,1,,,,,0,,0,,,,,,,,0,,,,,,0,0,0,,,,,,,,103882
237697,Term Loan from Banks '||&||' FI,,,456,,1,,0,,,,,,,2024-02-22,-1995,,,,,,,,,1,0,,1,,,,,0,,0,,,,,,,,0,,,,,,0,0,0,,,,,,,,103882
237698,Reverse - REPO,,,457,,1,,0,,,,,,,2024-02-22,-1995,,,,,,,,,1,0,,1,,,,,0,,0,,,,,,,,0,,,,,,0,0,0,,,,,,,,103882
237699,Term Deposit - REPO,,,458,,1,,0,,,,,,,2024-02-22,-1995,,,,,,,,,1,0,,1,,,,,0,,0,,,,,,,,0,,,,,,0,0,0,,,,,,,,103882
237700,Fiduciary Account,,,459,,1,,0,,,,,,,2024-02-22,-1995,,,,,,,,,1,0,,1,,,,,0,,0,,,,,,,,0,,,,,,0,0,0,,,,,,,,103882
237701,Collateral Deposit,,,490,,1,,0,,,,,,,2024-02-22,-1995,,,,,,,,,1,0,,1,,,,,0,,0,,,,,,,,0,,,,,,0,0,0,,,,,,,,103882
237702,ILC/IDC - Acceptance Liability,,,495,,1,,0,,,,,,,2024-02-22,-1995,,,,,,,,,1,0,,1,,,,,0,,0,,,,,,,,0,,,,,,0,0,0,,,,,,,,103882
237703,Treasury Bills / EuroBonds - AC,,,500,,1,,0,,,,,,,2024-02-22,-1995,,,,,,,,,1,0,,1,,,,,0,,0,,,,,,,,0,,,,,,0,0,0,,,,,,,,103882
237704,Treasury Bills / EuroBonds - FVTPL,,,501,,1,,0,,,,,,,2024-02-22,-1995,,,,,,,,,1,0,,1,,,,,0,,0,,,,,,,,0,,,,,,0,0,0,,,,,,,,103882
237705,Treasury Bills / EuroBonds - FVOCI,,,502,,1,,0,,,,,,,2024-02-22,-1995,,,,,,,,,1,0,,1,,,,,0,,0,,,,,,,,0,,,,,,0,0,0,,,,,,,,103882
237706,CDs - AC,,,503,,1,,0,,,,,,,2024-02-22,-1995,,,,,,,,,1,0,,1,,,,,0,,0,,,,,,,,0,,,,,,0,0,0,,,,,,,,103882
237707,CDs - FVTPL,,,504,,1,,0,,,,,,,2024-02-22,-1995,,,,,,,,,1,0,,1,,,,,0,,0,,,,,,,,0,,,,,,0,0,0,,,,,,,,103882
237708,CDs - FVOCI,,,505,,1,,0,,,,,,,2024-02-22,-1995,,,,,,,,,1,0,,1,,,,,0,,0,,,,,,,,0,,,,,,0,0,0,,,,,,,,103882
237709,Corporate Bonds - AC,,,506,,1,,0,,,,,,,2024-02-22,-1995,,,,,,,,,1,0,,1,,,,,0,,0,,,,,,,,0,,,,,,0,0,0,,,,,,,,103882
237710,Corporate Bonds - FVTPL,,,507,,1,,0,,,,,,,2024-02-22,-1995,,,,,,,,,1,0,,1,,,,,0,,0,,,,,,,,0,,,,,,0,0,0,,,,,,,,103882
237711,Corporate Bonds - FVOCI,,,508,,1,,0,,,,,,,2024-02-22,-1995,,,,,,,,,1,0,,1,,,,,0,,0,,,,,,,,0,,,,,,0,0,0,,,,,,,,103882
237712,Subordinated Bonds - AC,,,509,,1,,0,,,,,,,2024-02-22,-1995,,,,,,,,,1,0,,1,,,,,0,,0,,,,,,,,0,,,,,,0,0,0,,,,,,,,103882
237713,Subordinated Bonds - FVTPL,,,510,,1,,0,,,,,,,2024-02-22,-1995,,,,,,,,,1,0,,1,,,,,0,,0,,,,,,,,0,,,,,,0,0,0,,,,,,,,103882
237714,Subordinated Bonds - FVOCI,,,511,,1,,0,,,,,,,2024-02-22,-1995,,,,,,,,,1,0,,1,,,,,0,,0,,,,,,,,0,,,,,,0,0,0,,,,,,,,103882
237715,Securitization Notes - AC,,,512,,1,,0,,,,,,,2024-02-22,-1995,,,,,,,,,1,0,,1,,,,,0,,0,,,,,,,,0,,,,,,0,0,0,,,,,,,,103882
237716,Securitization Notes - FVTPL,,,513,,1,,0,,,,,,,2024-02-22,-1995,,,,,,,,,1,0,,1,,,,,0,,0,,,,,,,,0,,,,,,0,0,0,,,,,,,,103882
237717,Securitization Notes - FVOCI,,,514,,1,,0,,,,,,,2024-02-22,-1995,,,,,,,,,1,0,,1,,,,,0,,0,,,,,,,,0,,,,,,0,0,0,,,,,,,,103882
237718,Common Shares - FVTPL,,,515,,1,,0,,,,,,,2024-02-22,-1995,,,,,,,,,1,0,,1,,,,,0,,0,,,,,,,,0,,,,,,0,0,0,,,,,,,,103882
237719,Common Shares - FVOCI,,,516,,1,,0,,,,,,,2024-02-22,-1995,,,,,,,,,1,0,,1,,,,,0,,0,,,,,,,,0,,,,,,0,0,0,,,,,,,,103882
237720,Preferred Shares - FVTPL,,,517,,1,,0,,,,,,,2024-02-22,-1995,,,,,,,,,1,0,,1,,,,,0,,0,,,,,,,,0,,,,,,0,0,0,,,,,,,,103882
237721,Preferred Shares - FVOCI,,,518,,1,,0,,,,,,,2024-02-22,-1995,,,,,,,,,1,0,,1,,,,,0,,0,,,,,,,,0,,,,,,0,0,0,,,,,,,,103882
237722,Equity Participation - FVTPL,,,519,,1,,0,,,,,,,2024-02-22,-1995,,,,,,,,,1,0,,1,,,,,0,,0,,,,,,,,0,,,,,,0,0,0,,,,,,,,103882
237723,Equity Participation - FVOCI,,,520,,1,,0,,,,,,,2024-02-22,-1995,,,,,,,,,1,0,,1,,,,,0,,0,,,,,,,,0,,,,,,0,0,0,,,,,,,,103882
237724,Treasury Bills / EuroBonds - FVTPL,,,551,,1,,0,,,,,,,2024-02-22,-1995,,,,,,,,,1,0,,1,,,,,0,,0,,,,,,,,0,,,,,,0,0,0,,,,,,,,103882
237725,Treasury Bills / EuroBonds - FVOCI,,,552,,1,,0,,,,,,,2024-02-22,-1995,,,,,,,,,1,0,,1,,,,,0,,0,,,,,,,,0,,,,,,0,0,0,,,,,,,,103882
237726,CDs - FVTPL,,,554,,1,,0,,,,,,,2024-02-22,-1995,,,,,,,,,1,0,,1,,,,,0,,0,,,,,,,,0,,,,,,0,0,0,,,,,,,,103882
237727,CDs - FVOCI,,,555,,1,,0,,,,,,,2024-02-22,-1995,,,,,,,,,1,0,,1,,,,,0,,0,,,,,,,,0,,,,,,0,0,0,,,,,,,,103882
237728,Corporate Bonds - FVTPL,,,557,,1,,0,,,,,,,2024-02-22,-1995,,,,,,,,,1,0,,1,,,,,0,,0,,,,,,,,0,,,,,,0,0,0,,,,,,,,103882
237729,Corporate Bonds - FVOCI,,,558,,1,,0,,,,,,,2024-02-22,-1995,,,,,,,,,1,0,,1,,,,,0,,0,,,,,,,,0,,,,,,0,0,0,,,,,,,,103882
237730,Subordinated Bonds - FVTPL,,,560,,1,,0,,,,,,,2024-02-22,-1995,,,,,,,,,1,0,,1,,,,,0,,0,,,,,,,,0,,,,,,0,0,0,,,,,,,,103882
237731,Subordinated Bonds - FVOCI,,,561,,1,,0,,,,,,,2024-02-22,-1995,,,,,,,,,1,0,,1,,,,,0,,0,,,,,,,,0,,,,,,0,0,0,,,,,,,,103882
237732,Securitization Notes - FVTPL,,,563,,1,,0,,,,,,,2024-02-22,-1995,,,,,,,,,1,0,,1,,,,,0,,0,,,,,,,,0,,,,,,0,0,0,,,,,,,,103882
237733,Securitization Notes - FVOCI,,,564,,1,,0,,,,,,,2024-02-22,-1995,,,,,,,,,1,0,,1,,,,,0,,0,,,,,,,,0,,,,,,0,0,0,,,,,,,,103882
237734,Common Shares - FVTPL,,,565,,1,,0,,,,,,,2024-02-22,-1995,,,,,,,,,1,0,,1,,,,,0,,0,,,,,,,,0,,,,,,0,0,0,,,,,,,,103882
237735,Common Shares - FVOCI,,,566,,1,,0,,,,,,,2024-02-22,-1995,,,,,,,,,1,0,,1,,,,,0,,0,,,,,,,,0,,,,,,0,0,0,,,,,,,,103882
237736,Preferred Shares - FVTPL,,,567,,1,,0,,,,,,,2024-02-22,-1995,,,,,,,,,1,0,,1,,,,,0,,0,,,,,,,,0,,,,,,0,0,0,,,,,,,,103882
237737,Preferred Shares - FVOCI,,,568,,1,,0,,,,,,,2024-02-22,-1995,,,,,,,,,1,0,,1,,,,,0,,0,,,,,,,,0,,,,,,0,0,0,,,,,,,,103882
237738,Equity Participation - FVTPL,,,569,,1,,0,,,,,,,2024-02-22,-1995,,,,,,,,,1,0,,1,,,,,0,,0,,,,,,,,0,,,,,,0,0,0,,,,,,,,103882
237739,Equity Participation - FVOCI,,,570,,1,,0,,,,,,,2024-02-22,-1995,,,,,,,,,1,0,,1,,,,,0,,0,,,,,,,,0,,,,,,0,0,0,,,,,,,,103882
237740,Structural Position ,,,590,,1,,0,,,,,,,2024-02-22,-1995,,,,,,,,,1,0,,1,,,,,0,,0,,,,,,,,0,,,,,,0,0,0,,,,,,,,103882
237741,Spot Position ,,,591,,1,,0,,,,,,,2024-02-22,-1995,,,,,,,,,1,0,,1,,,,,0,,0,,,,,,,,0,,,,,,0,0,0,,,,,,,,103882
237742,Forward Revaluation ,,,592,,1,,0,,,,,,,2024-02-22,-1995,,,,,,,,,1,0,,1,,,,,0,,0,,,,,,,,0,,,,,,0,0,0,,,,,,,,103882
237743,Revaluation Variances of Fixed Position,,,593,,1,,0,,,,,,,2024-02-22,-1995,,,,,,,,,1,0,,1,,,,,0,,0,,,,,,,,0,,,,,,0,0,0,,,,,,,,103882
237744,ILC - Sight,,,600,,1,,0,,,,,,,2024-02-22,-1995,,,,,,,,,1,0,,1,,,,,0,,0,,,,,,,,0,,,,,,0,0,0,,,,,,,,103882
237745,ILC - Term,,,601,,1,,0,,,,,,,2024-02-22,-1995,,,,,,,,,1,0,,1,,,,,0,,0,,,,,,,,0,,,,,,0,0,0,,,,,,,,103882
237746,ILC - Sight - Triangular,,,602,,1,,0,,,,,,,2024-02-22,-1995,,,,,,,,,1,0,,1,,,,,0,,0,,,,,,,,0,,,,,,0,0,0,,,,,,,,103882
237747,ILC - Term - Triangular,,,603,,1,,0,,,,,,,2024-02-22,-1995,,,,,,,,,1,0,,1,,,,,0,,0,,,,,,,,0,,,,,,0,0,0,,,,,,,,103882
237748,ISB - Sight - Standby,,,604,,1,,0,,,,,,,2024-02-22,-1995,,,,,,,,,1,0,,1,,,,,0,,0,,,,,,,,0,,,,,,0,0,0,,,,,,,,103882
237749,ISB - Term - Standby,,,605,,1,,0,,,,,,,2024-02-22,-1995,,,,,,,,,1,0,,1,,,,,0,,0,,,,,,,,0,,,,,,0,0,0,,,,,,,,103882
237750,ILG - Issued Bid Bonds,,,606,,1,,0,,,,,,,2024-02-22,-1995,,,,,,,,,1,0,,1,,,,,0,,0,,,,,,,,0,,,,,,0,0,0,,,,,,,,103882
237751,ILG - Issued Performance Bonds,,,607,,1,,0,,,,,,,2024-02-22,-1995,,,,,,,,,1,0,,1,,,,,0,,0,,,,,,,,0,,,,,,0,0,0,,,,,,,,103882
237752,ILG - Advance Payment,,,608,,1,,0,,,,,,,2024-02-22,-1995,,,,,,,,,1,0,,1,,,,,0,,0,,,,,,,,0,,,,,,0,0,0,,,,,,,,103882
237753,ILG - Issued Other,,,609,,1,,0,,,,,,,2024-02-22,-1995,,,,,,,,,1,0,,1,,,,,0,,0,,,,,,,,0,,,,,,0,0,0,,,,,,,,103882
237754,ILG - Issued Bills counter guarantee bid bond,,,610,,1,,0,,,,,,,2024-02-22,-1995,,,,,,,,,1,0,,1,,,,,0,,0,,,,,,,,0,,,,,,0,0,0,,,,,,,,103882
237755,ILG - Issued Bills counter guarantee performance,,,611,,1,,0,,,,,,,2024-02-22,-1995,,,,,,,,,1,0,,1,,,,,0,,0,,,,,,,,0,,,,,,0,0,0,,,,,,,,103882
237756,ILG - Issued Bills counter guarantee advanced,,,612,,1,,0,,,,,,,2024-02-22,-1995,,,,,,,,,1,0,,1,,,,,0,,0,,,,,,,,0,,,,,,0,0,0,,,,,,,,103882
237757,ILG - Issued Bills counter guarantee others,,,613,,1,,0,,,,,,,2024-02-22,-1995,,,,,,,,,1,0,,1,,,,,0,,0,,,,,,,,0,,,,,,0,0,0,,,,,,,,103882
237758,IDC - Inward Documentary Collections,,,620,,1,,0,,,,,,,2024-02-22,-1995,,,,,,,,,1,0,,1,,,,,0,,0,,,,,,,,0,,,,,,0,0,0,,,,,,,,103882
237759,IDC - Inward Clean Collections,,,621,,1,,0,,,,,,,2024-02-22,-1995,,,,,,,,,1,0,,1,,,,,0,,0,,,,,,,,0,,,,,,0,0,0,,,,,,,,103882
237760,ELC - Term - Confirmed,,,625,,1,,0,,,,,,,2024-02-22,-1995,,,,,,,,,1,0,,1,,,,,0,,0,,,,,,,,0,,,,,,0,0,0,,,,,,,,103882
237761,ELC - Sight - Confirmed,,,626,,1,,0,,,,,,,2024-02-22,-1995,,,,,,,,,1,0,,1,,,,,0,,0,,,,,,,,0,,,,,,0,0,0,,,,,,,,103882
237762,ELC - Term - UnConfirmed,,,627,,1,,0,,,,,,,2024-02-22,-1995,,,,,,,,,1,0,,1,,,,,0,,0,,,,,,,,0,,,,,,0,0,0,,,,,,,,103882
237763,ELC - Sight - UnConfirmed,,,628,,1,,0,,,,,,,2024-02-22,-1995,,,,,,,,,1,0,,1,,,,,0,,0,,,,,,,,0,,,,,,0,0,0,,,,,,,,103882
237764,ODC - Counter Guarantee Received,,,629,,1,,0,,,,,,,2024-02-22,-1995,,,,,,,,,1,0,,1,,,,,0,,0,,,,,,,,0,,,,,,0,0,0,,,,,,,,103882
237765,ESB - Confirmed,,,630,,1,,0,,,,,,,2024-02-22,-1995,,,,,,,,,1,0,,1,,,,,0,,0,,,,,,,,0,,,,,,0,0,0,,,,,,,,103882
237766,ESB - UnConfirmed,,,631,,1,,0,,,,,,,2024-02-22,-1995,,,,,,,,,1,0,,1,,,,,0,,0,,,,,,,,0,,,,,,0,0,0,,,,,,,,103882
237767,ODC-Documents Under Collection ,,,632,,1,,0,,,,,,,2024-02-22,-1995,,,,,,,,,1,0,,1,,,,,0,,0,,,,,,,,0,,,,,,0,0,0,,,,,,,,103882
237768,ILC - Sight - Confirmed,,,650,,1,,0,,,,,,,2024-02-22,-1995,,,,,,,,,1,0,,1,,,,,0,,0,,,,,,,,0,,,,,,0,0,0,,,,,,,,103882
237769,ILC - Term - Confirmed,,,651,,1,,0,,,,,,,2024-02-22,-1995,,,,,,,,,1,0,,1,,,,,0,,0,,,,,,,,0,,,,,,0,0,0,,,,,,,,103882
237770,ILC - Sight - Triangular,,,652,,1,,0,,,,,,,2024-02-22,-1995,,,,,,,,,1,0,,1,,,,,0,,0,,,,,,,,0,,,,,,0,0,0,,,,,,,,103882
237771,ILC - Term - Triangular,,,653,,1,,0,,,,,,,2024-02-22,-1995,,,,,,,,,1,0,,1,,,,,0,,0,,,,,,,,0,,,,,,0,0,0,,,,,,,,103882
237772,ISB - Sight - Standby,,,654,,1,,0,,,,,,,2024-02-22,-1995,,,,,,,,,1,0,,1,,,,,0,,0,,,,,,,,0,,,,,,0,0,0,,,,,,,,103882
237773,ISB - Term - Standby ,,,655,,1,,0,,,,,,,2024-02-22,-1995,,,,,,,,,1,0,,1,,,,,0,,0,,,,,,,,0,,,,,,0,0,0,,,,,,,,103882
237774,ILG - Bid Bond Issued,,,656,,1,,0,,,,,,,2024-02-22,-1995,,,,,,,,,1,0,,1,,,,,0,,0,,,,,,,,0,,,,,,0,0,0,,,,,,,,103882
237775,ILG - Performance Bond ,,,657,,1,,0,,,,,,,2024-02-22,-1995,,,,,,,,,1,0,,1,,,,,0,,0,,,,,,,,0,,,,,,0,0,0,,,,,,,,103882
237776,ILG - Advanced Payment Bond ,,,658,,1,,0,,,,,,,2024-02-22,-1995,,,,,,,,,1,0,,1,,,,,0,,0,,,,,,,,0,,,,,,0,0,0,,,,,,,,103882
237777,ILG - Others Customer,,,659,,1,,0,,,,,,,2024-02-22,-1995,,,,,,,,,1,0,,1,,,,,0,,0,,,,,,,,0,,,,,,0,0,0,,,,,,,,103882
237778,ILG -  Bills counter guarantee bid bond,,,660,,1,,0,,,,,,,2024-02-22,-1995,,,,,,,,,1,0,,1,,,,,0,,0,,,,,,,,0,,,,,,0,0,0,,,,,,,,103882
237779,ILG -  Bills counter guarantee performance,,,661,,1,,0,,,,,,,2024-02-22,-1995,,,,,,,,,1,0,,1,,,,,0,,0,,,,,,,,0,,,,,,0,0,0,,,,,,,,103882
237780,ILG -  Bills counter guarantee advanced,,,662,,1,,0,,,,,,,2024-02-22,-1995,,,,,,,,,1,0,,1,,,,,0,,0,,,,,,,,0,,,,,,0,0,0,,,,,,,,103882
237781,ILG -  Bills counter guarantee others,,,663,,1,,0,,,,,,,2024-02-22,-1995,,,,,,,,,1,0,,1,,,,,0,,0,,,,,,,,0,,,,,,0,0,0,,,,,,,,103882
237782,IDC - Inward Documentary Collection,,,670,,1,,0,,,,,,,2024-02-22,-1995,,,,,,,,,1,0,,1,,,,,0,,0,,,,,,,,0,,,,,,0,0,0,,,,,,,,103882
237783,IDC - Inward Clean Collection,,,671,,1,,0,,,,,,,2024-02-22,-1995,,,,,,,,,1,0,,1,,,,,0,,0,,,,,,,,0,,,,,,0,0,0,,,,,,,,103882
237784,ELC - Sight Confirmed ,,,675,,1,,0,,,,,,,2024-02-22,-1995,,,,,,,,,1,0,,1,,,,,0,,0,,,,,,,,0,,,,,,0,0,0,,,,,,,,103882
237785,ELC - Term Confirmed,,,676,,1,,0,,,,,,,2024-02-22,-1995,,,,,,,,,1,0,,1,,,,,0,,0,,,,,,,,0,,,,,,0,0,0,,,,,,,,103882
237786,ELC - Sight UnConfirmed,,,677,,1,,0,,,,,,,2024-02-22,-1995,,,,,,,,,1,0,,1,,,,,0,,0,,,,,,,,0,,,,,,0,0,0,,,,,,,,103882
237787,ELC - Term UnConfirmed,,,678,,1,,0,,,,,,,2024-02-22,-1995,,,,,,,,,1,0,,1,,,,,0,,0,,,,,,,,0,,,,,,0,0,0,,,,,,,,103882
237788,ESB - Confirmed,,,679,,1,,0,,,,,,,2024-02-22,-1995,,,,,,,,,1,0,,1,,,,,0,,0,,,,,,,,0,,,,,,0,0,0,,,,,,,,103882
237789,ESB - UnConfirmed,,,680,,1,,0,,,,,,,2024-02-22,-1995,,,,,,,,,1,0,,1,,,,,0,,0,,,,,,,,0,,,,,,0,0,0,,,,,,,,103882
237790,ILG - Issued Counter Guarantee,,,681,,1,,0,,,,,,,2024-02-22,-1995,,,,,,,,,1,0,,1,,,,,0,,0,,,,,,,,0,,,,,,0,0,0,,,,,,,,103882
237791,ODC - Documents Under Collection ,,,682,,1,,0,,,,,,,2024-02-22,-1995,,,,,,,,,1,0,,1,,,,,0,,0,,,,,,,,0,,,,,,0,0,0,,,,,,,,103882
237792,CD'S PURCHASED ON OTHER'S NAME,,,700,,1,,0,,,,,,,2024-02-22,-1995,,,,,,,,,1,0,,1,,,,,0,,0,,,,,,,,0,,,,,,0,0,0,,,,,,,,103882
237793,CONTRA CD'S PURCH. ON OTHER'S NAME,,,701,,1,,0,,,,,,,2024-02-22,-1995,,,,,,,,,1,0,,1,,,,,0,,0,,,,,,,,0,,,,,,0,0,0,,,,,,,,103882
237794,PHYSICAL SHARES,,,702,,1,,0,,,,,,,2024-02-22,-1995,,,,,,,,,1,0,,1,,,,,0,,0,,,,,,,,0,,,,,,0,0,0,,,,,,,,103882
237795,CFD CONTRACT FOR DIFFERENCE,,,703,,1,,0,,,,,,,2024-02-22,-1995,,,,,,,,,1,0,,1,,,,,0,,0,,,,,,,,0,,,,,,0,0,0,,,,,,,,103882
237796,EQUITY OPTIONS,,,704,,1,,0,,,,,,,2024-02-22,-1995,,,,,,,,,1,0,,1,,,,,0,,0,,,,,,,,0,,,,,,0,0,0,,,,,,,,103882
237797,FUTURES,,,705,,1,,0,,,,,,,2024-02-22,-1995,,,,,,,,,1,0,,1,,,,,0,,0,,,,,,,,0,,,,,,0,0,0,,,,,,,,103882
237798,OPTIONS ON FUTURES,,,706,,1,,0,,,,,,,2024-02-22,-1995,,,,,,,,,1,0,,1,,,,,0,,0,,,,,,,,0,,,,,,0,0,0,,,,,,,,103882
237799,STRUCTURED DERIVATIVES BELONG PF CP,,,707,,1,,0,,,,,,,2024-02-22,-1995,,,,,,,,,1,0,,1,,,,,0,,0,,,,,,,,0,,,,,,0,0,0,,,,,,,,103882
237800,REVERSE CONVRTIBLE DERIVATIVES,,,708,,1,,0,,,,,,,2024-02-22,-1995,,,,,,,,,1,0,,1,,,,,0,,0,,,,,,,,0,,,,,,0,0,0,,,,,,,,103882
237801,OTC DERIVATIVES,,,709,,1,,0,,,,,,,2024-02-22,-1995,,,,,,,,,1,0,,1,,,,,0,,0,,,,,,,,0,,,,,,0,0,0,,,,,,,,103882
237802,FIXED INCOME,,,710,,1,,0,,,,,,,2024-02-22,-1995,,,,,,,,,1,0,,1,,,,,0,,0,,,,,,,,0,,,,,,0,0,0,,,,,,,,103882
237803,EXPERT TRADER PASSPORT,,,711,,1,,0,,,,,,,2024-02-22,-1995,,,,,,,,,1,0,,1,,,,,0,,0,,,,,,,,0,,,,,,0,0,0,,,,,,,,103882
237804,FIDUCIARY CUSTOMERS,,,712,,1,,0,,,,,,,2024-02-22,-1995,,,,,,,,,1,0,,1,,,,,0,,0,,,,,,,,0,,,,,,0,0,0,,,,,,,,103882
237805,CD's FV,,,713,,1,,0,,,,,,,2024-02-22,-1995,,,,,,,,,1,0,,1,,,,,0,,0,,,,,,,,0,,,,,,0,0,0,,,,,,,,103882
237806,CD's Contra,,,714,,1,,0,,,,,,,2024-02-22,-1995,,,,,,,,,1,0,,1,,,,,0,,0,,,,,,,,0,,,,,,0,0,0,,,,,,,,103882
237807,Repo 20% extra,,,715,,1,,0,,,,,,,2024-02-22,-1995,,,,,,,,,1,0,,1,,,,,0,,0,,,,,,,,0,,,,,,0,0,0,,,,,,,,103882
237808,Security Negotiable Papares,,,800,,1,,0,,,,,,,2024-02-22,-1995,,,,,,,,,1,0,,1,,,,,0,,0,,,,,,,,0,,,,,,0,0,0,,,,,,,,103882
237809,Cash Collateral,,,801,,1,,0,,,,,,,2024-02-22,-1995,,,,,,,,,1,0,,1,,,,,0,,0,,,,,,,,0,,,,,,0,0,0,,,,,,,,103882
237810,Treasury/Public Bills,,,802,,1,,0,,,,,,,2024-02-22,-1995,,,,,,,,,1,0,,1,,,,,0,,0,,,,,,,,0,,,,,,0,0,0,,,,,,,,103882
237811,Surrender of Receivables,,,803,,1,,0,,,,,,,2024-02-22,-1995,,,,,,,,,1,0,,1,,,,,0,,0,,,,,,,,0,,,,,,0,0,0,,,,,,,,103882
237812,Security Others received,,,804,,1,,0,,,,,,,2024-02-22,-1995,,,,,,,,,1,0,,1,,,,,0,,0,,,,,,,,0,,,,,,0,0,0,,,,,,,,103882
237813,Guarantor,,,805,,1,,0,,,,,,,2024-02-22,-1995,,,,,,,,,1,0,,1,,,,,0,,0,,,,,,,,0,,,,,,0,0,0,,,,,,,,103882
237814,Guarantees on Bills,,,806,,1,,0,,,,,,,2024-02-22,-1995,,,,,,,,,1,0,,1,,,,,0,,0,,,,,,,,0,,,,,,0,0,0,,,,,,,,103882
237815,Bills received as Guarantee,,,807,,1,,0,,,,,,,2024-02-22,-1995,,,,,,,,,1,0,,1,,,,,0,,0,,,,,,,,0,,,,,,0,0,0,,,,,,,,103882
237816,Guarantee Real Estate,,,808,,1,,0,,,,,,,2024-02-22,-1995,,,,,,,,,1,0,,1,,,,,0,,0,,,,,,,,0,,,,,,0,0,0,,,,,,,,103882
237817,Security Equipment '||&||' Machinery,,,809,,1,,0,,,,,,,2024-02-22,-1995,,,,,,,,,1,0,,1,,,,,0,,0,,,,,,,,0,,,,,,0,0,0,,,,,,,,103882
237818,Contra-Security Negotiable Papares,,,850,,1,,0,,,,,,,2024-02-22,-1995,,,,,,,,,1,0,,1,,,,,0,,0,,,,,,,,0,,,,,,0,0,0,,,,,,,,103882
237819,Contra-Cash Collateral,,,851,,1,,0,,,,,,,2024-02-22,-1995,,,,,,,,,1,0,,1,,,,,0,,0,,,,,,,,0,,,,,,0,0,0,,,,,,,,103882
237820,Contra-Treasury/Public Bills,,,852,,1,,0,,,,,,,2024-02-22,-1995,,,,,,,,,1,0,,1,,,,,0,,0,,,,,,,,0,,,,,,0,0,0,,,,,,,,103882
237821,Contra-Surrender of Receivables,,,853,,1,,0,,,,,,,2024-02-22,-1995,,,,,,,,,1,0,,1,,,,,0,,0,,,,,,,,0,,,,,,0,0,0,,,,,,,,103882
237822,Contra-Security Others received,,,854,,1,,0,,,,,,,2024-02-22,-1995,,,,,,,,,1,0,,1,,,,,0,,0,,,,,,,,0,,,,,,0,0,0,,,,,,,,103882
237823,Contra-Guarantor,,,855,,1,,0,,,,,,,2024-02-22,-1995,,,,,,,,,1,0,,1,,,,,0,,0,,,,,,,,0,,,,,,0,0,0,,,,,,,,103882
237824,Contra-Guarantees on Bills,,,856,,1,,0,,,,,,,2024-02-22,-1995,,,,,,,,,1,0,,1,,,,,0,,0,,,,,,,,0,,,,,,0,0,0,,,,,,,,103882
237825,Contra-Bills received as Guarantee,,,857,,1,,0,,,,,,,2024-02-22,-1995,,,,,,,,,1,0,,1,,,,,0,,0,,,,,,,,0,,,,,,0,0,0,,,,,,,,103882
237826,Contra-Guarantee Real Estate,,,858,,1,,0,,,,,,,2024-02-22,-1995,,,,,,,,,1,0,,1,,,,,0,,0,,,,,,,,0,,,,,,0,0,0,,,,,,,,103882
237827,Contra-Security Equipment '||&||' Machinery,,,859,,1,,0,,,,,,,2024-02-22,-1995,,,,,,,,,1,0,,1,,,,,0,,0,,,,,,,,0,,,,,,0,0,0,,,,,,,,103882
237828,Loan Commitment,,,900,,1,,0,,,,,,,2024-02-22,-1995,,,,,,,,,1,0,,1,,,,,0,,0,,,,,,,,0,,,,,,0,0,0,,,,,,,,103882
237829,Contra-Loan Commitment,,,950,,1,,0,,,,,,,2024-02-22,-1995,,,,,,,,,1,0,,1,,,,,0,,0,,,,,,,,0,,,,,,0,0,0,,,,,,,,103882
237830,ELC/ESB - Acceptance Confirmed,,,445,,1,,0,,,,,,,2024-02-22,-1995,,,,,,,,,1,0,,1,,,,,0,,0,,,,,,,,0,,,,,,0,0,0,,,,,,,,103882
237831,ELC/ESB - Acceptance UnConfirmed,,,446,,1,,0,,,,,,,2024-02-22,-1995,,,,,,,,,1,0,,1,,,,,0,,0,,,,,,,,0,,,,,,0,0,0,,,,,,,,103882
237832,Fixed Term Deposit,,,455,,1,,0,,,,,,,2024-02-22,,,,,,,,,,1,0,,1,,,,,0,,0,,,,,,,,0,,,,,,0,0,0,,,,,,,,103882
237851,PFM - Goal Account,,,105,,1,,0,,,,,,,2024-02-23,-1995,,,,,,,,,1,0,,1,,,,,0,,0,,,,,,,,0,,,,,,0,0,0,,,,,,,,103882
237852,Call Deposit,,,451,,1,,0,,,,,,,2024-02-23,-1995,,,,,,,,,1,0,,1,,,,,0,,0,,,,,,,,0,,,,,,0,0,0,,,,,,,,103882
237476,PFM - Goal Account,,,105,,1,,0,,,,,,,2024-02-23,-1995,,,,,,,,,1,0,,,,,,,0,,0,,,,,,,,0,,,,,,0,0,0,,,,,,,,103882
237477,Overnight Placement,,,400,,1,,0,,,,,,,2024-02-23,-1995,,,,,,,,,1,0,,,,,,,0,,0,,,,,,,,0,,,,,,0,0,0,,,,,,,,103882
237478,Call Placement,,,401,,1,,0,,,,,,,2024-02-23,-1995,,,,,,,,,1,0,,,,,,,0,,0,,,,,,,,0,,,,,,0,0,0,,,,,,,,103882
237479,Term Placement - Variable Int.Rate,,,405,,1,,0,,,,,,,2024-02-23,-1995,,,,,,,,,1,0,,,,,,,0,,0,,,,,,,,0,,,,,,0,0,0,,,,,,,,103882
237480,Term Placement - Variable Int.Rate,,,406,,1,,0,,,,,,,2024-02-23,-1995,,,,,,,,,1,0,,,,,,,0,,0,,,,,,,,0,,,,,,0,0,0,,,,,,,,103882
237481,Term Placement - Fixed Int.Rate,,,407,,1,,0,,,,,,,2024-02-23,-1995,,,,,,,,,1,0,,,,,,,0,,0,,,,,,,,0,,,,,,0,0,0,,,,,,,,103882
237482,Repo Placement ,,,408,,1,,0,,,,,,,2024-02-23,-1995,,,,,,,,,1,0,,,,,,,0,,0,,,,,,,,0,,,,,,0,0,0,,,,,,,,103882
237483,Term Placement - Collateral,,,414,,1,,0,,,,,,,2024-02-23,-1995,,,,,,,,,1,0,,,,,,,0,,0,,,,,,,,0,,,,,,0,0,0,,,,,,,,103882
237484,ELC/ESB - Acceptance Confirmed,,,445,,1,,0,,,,,,,2024-02-23,-1995,,,,,,,,,1,0,,,,,,,0,,0,,,,,,,,0,,,,,,0,0,0,,,,,,,,103882
237485,ELC/ESB - Acceptance UnConfirmed,,,446,,1,,0,,,,,,,2024-02-23,-1995,,,,,,,,,1,0,,,,,,,0,,0,,,,,,,,0,,,,,,0,0,0,,,,,,,,103882
237486,Overnight Deposit,,,450,,1,,0,,,,,,,2024-02-23,-1995,,,,,,,,,1,0,,,,,,,0,,0,,,,,,,,0,,,,,,0,0,0,,,,,,,,103882
237487,Call Deposit,,,451,,1,,0,,,,,,,2024-02-23,-1995,,,,,,,,,1,0,,,,,,,0,,0,,,,,,,,0,,,,,,0,0,0,,,,,,,,103882
237488,Fixed Term Deposit,,,455,,1,,0,,,,,,,2024-02-23,-1995,,,,,,,,,1,0,,,,,,,0,,0,,,,,,,,0,,,,,,0,0,0,,,,,,,,103882
237489,Term Loan from Banks '||&||' FI,,,456,,1,,0,,,,,,,2024-02-23,-1995,,,,,,,,,1,0,,,,,,,0,,0,,,,,,,,0,,,,,,0,0,0,,,,,,,,103882
237490,Reverse - REPO,,,457,,1,,0,,,,,,,2024-02-23,-1995,,,,,,,,,1,0,,,,,,,0,,0,,,,,,,,0,,,,,,0,0,0,,,,,,,,103882
237491,Term Deposit - REPO,,,458,,1,,0,,,,,,,2024-02-23,-1995,,,,,,,,,1,0,,,,,,,0,,0,,,,,,,,0,,,,,,0,0,0,,,,,,,,103882
237492,Fiduciary Account,,,459,,1,,0,,,,,,,2024-02-23,-1995,,,,,,,,,1,0,,,,,,,0,,0,,,,,,,,0,,,,,,0,0,0,,,,,,,,103882
237493,Collateral Deposit,,,490,,1,,0,,,,,,,2024-02-23,-1995,,,,,,,,,1,0,,,,,,,0,,0,,,,,,,,0,,,,,,0,0,0,,,,,,,,103882
237494,ILC/IDC - Acceptance Liability,,,495,,1,,0,,,,,,,2024-02-23,-1995,,,,,,,,,1,0,,,,,,,0,,0,,,,,,,,0,,,,,,0,0,0,,,,,,,,103882
237570,ILG -  Bills counter guarantee bid bond,,,660,,1,,0,,,,,,,2024-02-23,-1995,,,,,,,,,1,0,,,,,,,0,,0,,,,,,,,0,,,,,,0,0,0,,,,,,,,103882
237571,ILG -  Bills counter guarantee performance,,,661,,1,,0,,,,,,,2024-02-23,-1995,,,,,,,,,1,0,,,,,,,0,,0,,,,,,,,0,,,,,,0,0,0,,,,,,,,103882
237572,ILG -  Bills counter guarantee advanced,,,662,,1,,0,,,,,,,2024-02-23,-1995,,,,,,,,,1,0,,,,,,,0,,0,,,,,,,,0,,,,,,0,0,0,,,,,,,,103882
237573,ILG -  Bills counter guarantee others,,,663,,1,,0,,,,,,,2024-02-23,-1995,,,,,,,,,1,0,,,,,,,0,,0,,,,,,,,0,,,,,,0,0,0,,,,,,,,103882
237574,IDC - Inward Documentary Collection,,,670,,1,,0,,,,,,,2024-02-23,-1995,,,,,,,,,1,0,,,,,,,0,,0,,,,,,,,0,,,,,,0,0,0,,,,,,,,103882
237575,IDC - Inward Clean Collection,,,671,,1,,0,,,,,,,2024-02-23,-1995,,,,,,,,,1,0,,,,,,,0,,0,,,,,,,,0,,,,,,0,0,0,,,,,,,,103882
237576,ELC - Sight Confirmed ,,,675,,1,,0,,,,,,,2024-02-23,-1995,,,,,,,,,1,0,,,,,,,0,,0,,,,,,,,0,,,,,,0,0,0,,,,,,,,103882
237577,ELC - Term Confirmed,,,676,,1,,0,,,,,,,2024-02-23,-1995,,,,,,,,,1,0,,,,,,,0,,0,,,,,,,,0,,,,,,0,0,0,,,,,,,,103882
237578,ELC - Sight UnConfirmed,,,677,,1,,0,,,,,,,2024-02-23,-1995,,,,,,,,,1,0,,,,,,,0,,0,,,,,,,,0,,,,,,0,0,0,,,,,,,,103882
237579,ELC - Term UnConfirmed,,,678,,1,,0,,,,,,,2024-02-23,-1995,,,,,,,,,1,0,,,,,,,0,,0,,,,,,,,0,,,,,,0,0,0,,,,,,,,103882
237580,ESB - Confirmed,,,679,,1,,0,,,,,,,2024-02-23,-1995,,,,,,,,,1,0,,,,,,,0,,0,,,,,,,,0,,,,,,0,0,0,,,,,,,,103882
237581,ESB - UnConfirmed,,,680,,1,,0,,,,,,,2024-02-23,-1995,,,,,,,,,1,0,,,,,,,0,,0,,,,,,,,0,,,,,,0,0,0,,,,,,,,103882
237582,ILG - Issued Counter Guarantee,,,681,,1,,0,,,,,,,2024-02-23,-1995,,,,,,,,,1,0,,,,,,,0,,0,,,,,,,,0,,,,,,0,0,0,,,,,,,,103882
237583,ODC - Documents Under Collection ,,,682,,1,,0,,,,,,,2024-02-23,-1995,,,,,,,,,1,0,,,,,,,0,,0,,,,,,,,0,,,,,,0,0,0,,,,,,,,103882
237584,CD'S PURCHASED ON OTHER'S NAME,,,700,,1,,0,,,,,,,2024-02-23,-1995,,,,,,,,,1,0,,,,,,,0,,0,,,,,,,,0,,,,,,0,0,0,,,,,,,,103882
237585,CONTRA CD'S PURCH. ON OTHER'S NAME,,,701,,1,,0,,,,,,,2024-02-23,-1995,,,,,,,,,1,0,,,,,,,0,,0,,,,,,,,0,,,,,,0,0,0,,,,,,,,103882
237586,PHYSICAL SHARES,,,702,,1,,0,,,,,,,2024-02-23,-1995,,,,,,,,,1,0,,,,,,,0,,0,,,,,,,,0,,,,,,0,0,0,,,,,,,,103882
237587,CFD CONTRACT FOR DIFFERENCE,,,703,,1,,0,,,,,,,2024-02-23,-1995,,,,,,,,,1,0,,,,,,,0,,0,,,,,,,,0,,,,,,0,0,0,,,,,,,,103882
237588,EQUITY OPTIONS,,,704,,1,,0,,,,,,,2024-02-23,-1995,,,,,,,,,1,0,,,,,,,0,,0,,,,,,,,0,,,,,,0,0,0,,,,,,,,103882
237589,FUTURES,,,705,,1,,0,,,,,,,2024-02-23,-1995,,,,,,,,,1,0,,,,,,,0,,0,,,,,,,,0,,,,,,0,0,0,,,,,,,,103882
237590,OPTIONS ON FUTURES,,,706,,1,,0,,,,,,,2024-02-23,-1995,,,,,,,,,1,0,,,,,,,0,,0,,,,,,,,0,,,,,,0,0,0,,,,,,,,103882
237591,STRUCTURED DERIVATIVES BELONG PF CP,,,707,,1,,0,,,,,,,2024-02-23,-1995,,,,,,,,,1,0,,,,,,,0,,0,,,,,,,,0,,,,,,0,0,0,,,,,,,,103882
237592,REVERSE CONVRTIBLE DERIVATIVES,,,708,,1,,0,,,,,,,2024-02-23,-1995,,,,,,,,,1,0,,,,,,,0,,0,,,,,,,,0,,,,,,0,0,0,,,,,,,,103882
237593,OTC DERIVATIVES,,,709,,1,,0,,,,,,,2024-02-23,-1995,,,,,,,,,1,0,,,,,,,0,,0,,,,,,,,0,,,,,,0,0,0,,,,,,,,103882
237594,FIXED INCOME,,,710,,1,,0,,,,,,,2024-02-23,-1995,,,,,,,,,1,0,,,,,,,0,,0,,,,,,,,0,,,,,,0,0,0,,,,,,,,103882
237595,EXPERT TRADER PASSPORT,,,711,,1,,0,,,,,,,2024-02-23,-1995,,,,,,,,,1,0,,,,,,,0,,0,,,,,,,,0,,,,,,0,0,0,,,,,,,,103882
237596,FIDUCIARY CUSTOMERS,,,712,,1,,0,,,,,,,2024-02-23,-1995,,,,,,,,,1,0,,,,,,,0,,0,,,,,,,,0,,,,,,0,0,0,,,,,,,,103882
237597,CD's FV,,,713,,1,,0,,,,,,,2024-02-23,-1995,,,,,,,,,1,0,,,,,,,0,,0,,,,,,,,0,,,,,,0,0,0,,,,,,,,103882
237598,CD's Contra,,,714,,1,,0,,,,,,,2024-02-23,-1995,,,,,,,,,1,0,,,,,,,0,,0,,,,,,,,0,,,,,,0,0,0,,,,,,,,103882
237599,Repo 20% extra,,,715,,1,,0,,,,,,,2024-02-23,-1995,,,,,,,,,1,0,,,,,,,0,,0,,,,,,,,0,,,,,,0,0,0,,,,,,,,103882
237600,Security Negotiable Papares,,,800,,1,,0,,,,,,,2024-02-23,-1995,,,,,,,,,1,0,,,,,,,0,,0,,,,,,,,0,,,,,,0,0,0,,,,,,,,103882
237601,Cash Collateral,,,801,,1,,0,,,,,,,2024-02-23,-1995,,,,,,,,,1,0,,,,,,,0,,0,,,,,,,,0,,,,,,0,0,0,,,,,,,,103882
237602,Treasury/Public Bills,,,802,,1,,0,,,,,,,2024-02-23,-1995,,,,,,,,,1,0,,,,,,,0,,0,,,,,,,,0,,,,,,0,0,0,,,,,,,,103882
237603,Surrender of Receivables,,,803,,1,,0,,,,,,,2024-02-23,-1995,,,,,,,,,1,0,,,,,,,0,,0,,,,,,,,0,,,,,,0,0,0,,,,,,,,103882
237604,Security Others received,,,804,,1,,0,,,,,,,2024-02-23,-1995,,,,,,,,,1,0,,,,,,,0,,0,,,,,,,,0,,,,,,0,0,0,,,,,,,,103882
237605,Guarantor,,,805,,1,,0,,,,,,,2024-02-23,-1995,,,,,,,,,1,0,,,,,,,0,,0,,,,,,,,0,,,,,,0,0,0,,,,,,,,103882
237606,Guarantees on Bills,,,806,,1,,0,,,,,,,2024-02-23,-1995,,,,,,,,,1,0,,,,,,,0,,0,,,,,,,,0,,,,,,0,0,0,,,,,,,,103882
237607,Bills received as Guarantee,,,807,,1,,0,,,,,,,2024-02-23,-1995,,,,,,,,,1,0,,,,,,,0,,0,,,,,,,,0,,,,,,0,0,0,,,,,,,,103882
237608,Guarantee Real Estate,,,808,,1,,0,,,,,,,2024-02-23,-1995,,,,,,,,,1,0,,,,,,,0,,0,,,,,,,,0,,,,,,0,0,0,,,,,,,,103882
237609,Security Equipment '||&||' Machinery,,,809,,1,,0,,,,,,,2024-02-23,-1995,,,,,,,,,1,0,,,,,,,0,,0,,,,,,,,0,,,,,,0,0,0,,,,,,,,103882
237610,Contra-Security Negotiable Papares,,,850,,1,,0,,,,,,,2024-02-23,-1995,,,,,,,,,1,0,,,,,,,0,,0,,,,,,,,0,,,,,,0,0,0,,,,,,,,103882
237611,Contra-Cash Collateral,,,851,,1,,0,,,,,,,2024-02-23,-1995,,,,,,,,,1,0,,,,,,,0,,0,,,,,,,,0,,,,,,0,0,0,,,,,,,,103882
237612,Contra-Treasury/Public Bills,,,852,,1,,0,,,,,,,2024-02-23,-1995,,,,,,,,,1,0,,,,,,,0,,0,,,,,,,,0,,,,,,0,0,0,,,,,,,,103882
237613,Contra-Surrender of Receivables,,,853,,1,,0,,,,,,,2024-02-23,-1995,,,,,,,,,1,0,,,,,,,0,,0,,,,,,,,0,,,,,,0,0,0,,,,,,,,103882
237614,Contra-Security Others received,,,854,,1,,0,,,,,,,2024-02-23,-1995,,,,,,,,,1,0,,,,,,,0,,0,,,,,,,,0,,,,,,0,0,0,,,,,,,,103882
237615,Contra-Guarantor,,,855,,1,,0,,,,,,,2024-02-23,-1995,,,,,,,,,1,0,,,,,,,0,,0,,,,,,,,0,,,,,,0,0,0,,,,,,,,103882
237616,Contra-Guarantees on Bills,,,856,,1,,0,,,,,,,2024-02-23,-1995,,,,,,,,,1,0,,,,,,,0,,0,,,,,,,,0,,,,,,0,0,0,,,,,,,,103882
237617,Contra-Bills received as Guarantee,,,857,,1,,0,,,,,,,2024-02-23,-1995,,,,,,,,,1,0,,,,,,,0,,0,,,,,,,,0,,,,,,0,0,0,,,,,,,,103882
237618,Contra-Guarantee Real Estate,,,858,,1,,0,,,,,,,2024-02-23,-1995,,,,,,,,,1,0,,,,,,,0,,0,,,,,,,,0,,,,,,0,0,0,,,,,,,,103882
237619,Contra-Security Equipment '||&||' Machinery,,,859,,1,,0,,,,,,,2024-02-23,-1995,,,,,,,,,1,0,,,,,,,0,,0,,,,,,,,0,,,,,,0,0,0,,,,,,,,103882
237620,Loan Commitment,,,900,,1,,0,,,,,,,2024-02-23,-1995,,,,,,,,,1,0,,,,,,,0,,0,,,,,,,,0,,,,,,0,0,0,,,,,,,,103882
237621,Contra-Loan Commitment,,,950,,1,,0,,,,,,,2024-02-23,-1995,,,,,,,,,1,0,,,,,,,0,,0,,,,,,,,0,,,,,,0,0,0,,,,,,,,103882
237495,Treasury Bills / EuroBonds - AC,,,500,,1,,0,,,,,,,2024-02-23,-1995,,,,,,,,,1,0,,,,,,,0,,0,,,,,,,,0,,,,,,0,0,0,,,,,,,,103882
237496,Treasury Bills / EuroBonds - FVTPL,,,501,,1,,0,,,,,,,2024-02-23,-1995,,,,,,,,,1,0,,,,,,,0,,0,,,,,,,,0,,,,,,0,0,0,,,,,,,,103882
237497,Treasury Bills / EuroBonds - FVOCI,,,502,,1,,0,,,,,,,2024-02-23,-1995,,,,,,,,,1,0,,,,,,,0,,0,,,,,,,,0,,,,,,0,0,0,,,,,,,,103882
237498,CDs - AC,,,503,,1,,0,,,,,,,2024-02-23,-1995,,,,,,,,,1,0,,,,,,,0,,0,,,,,,,,0,,,,,,0,0,0,,,,,,,,103882
237499,CDs - FVTPL,,,504,,1,,0,,,,,,,2024-02-23,-1995,,,,,,,,,1,0,,,,,,,0,,0,,,,,,,,0,,,,,,0,0,0,,,,,,,,103882
237500,CDs - FVOCI,,,505,,1,,0,,,,,,,2024-02-23,-1995,,,,,,,,,1,0,,,,,,,0,,0,,,,,,,,0,,,,,,0,0,0,,,,,,,,103882
237501,Corporate Bonds - AC,,,506,,1,,0,,,,,,,2024-02-23,-1995,,,,,,,,,1,0,,,,,,,0,,0,,,,,,,,0,,,,,,0,0,0,,,,,,,,103882
237502,Corporate Bonds - FVTPL,,,507,,1,,0,,,,,,,2024-02-23,-1995,,,,,,,,,1,0,,,,,,,0,,0,,,,,,,,0,,,,,,0,0,0,,,,,,,,103882
237503,Corporate Bonds - FVOCI,,,508,,1,,0,,,,,,,2024-02-23,-1995,,,,,,,,,1,0,,,,,,,0,,0,,,,,,,,0,,,,,,0,0,0,,,,,,,,103882
237504,Subordinated Bonds - AC,,,509,,1,,0,,,,,,,2024-02-23,-1995,,,,,,,,,1,0,,,,,,,0,,0,,,,,,,,0,,,,,,0,0,0,,,,,,,,103882
237505,Subordinated Bonds - FVTPL,,,510,,1,,0,,,,,,,2024-02-23,-1995,,,,,,,,,1,0,,,,,,,0,,0,,,,,,,,0,,,,,,0,0,0,,,,,,,,103882
237506,Subordinated Bonds - FVOCI,,,511,,1,,0,,,,,,,2024-02-23,-1995,,,,,,,,,1,0,,,,,,,0,,0,,,,,,,,0,,,,,,0,0,0,,,,,,,,103882
237507,Securitization Notes - AC,,,512,,1,,0,,,,,,,2024-02-23,-1995,,,,,,,,,1,0,,,,,,,0,,0,,,,,,,,0,,,,,,0,0,0,,,,,,,,103882
237508,Securitization Notes - FVTPL,,,513,,1,,0,,,,,,,2024-02-23,-1995,,,,,,,,,1,0,,,,,,,0,,0,,,,,,,,0,,,,,,0,0,0,,,,,,,,103882
237509,Securitization Notes - FVOCI,,,514,,1,,0,,,,,,,2024-02-23,-1995,,,,,,,,,1,0,,,,,,,0,,0,,,,,,,,0,,,,,,0,0,0,,,,,,,,103882
237510,Common Shares - FVTPL,,,515,,1,,0,,,,,,,2024-02-23,-1995,,,,,,,,,1,0,,,,,,,0,,0,,,,,,,,0,,,,,,0,0,0,,,,,,,,103882
237511,Common Shares - FVOCI,,,516,,1,,0,,,,,,,2024-02-23,-1995,,,,,,,,,1,0,,,,,,,0,,0,,,,,,,,0,,,,,,0,0,0,,,,,,,,103882
237512,Preferred Shares - FVTPL,,,517,,1,,0,,,,,,,2024-02-23,-1995,,,,,,,,,1,0,,,,,,,0,,0,,,,,,,,0,,,,,,0,0,0,,,,,,,,103882
237513,Preferred Shares - FVOCI,,,518,,1,,0,,,,,,,2024-02-23,-1995,,,,,,,,,1,0,,,,,,,0,,0,,,,,,,,0,,,,,,0,0,0,,,,,,,,103882
237514,Equity Participation - FVTPL,,,519,,1,,0,,,,,,,2024-02-23,-1995,,,,,,,,,1,0,,,,,,,0,,0,,,,,,,,0,,,,,,0,0,0,,,,,,,,103882
237515,Equity Participation - FVOCI,,,520,,1,,0,,,,,,,2024-02-23,-1995,,,,,,,,,1,0,,,,,,,0,,0,,,,,,,,0,,,,,,0,0,0,,,,,,,,103882
237516,Treasury Bills / EuroBonds - FVTPL,,,551,,1,,0,,,,,,,2024-02-23,-1995,,,,,,,,,1,0,,,,,,,0,,0,,,,,,,,0,,,,,,0,0,0,,,,,,,,103882
237517,Treasury Bills / EuroBonds - FVOCI,,,552,,1,,0,,,,,,,2024-02-23,-1995,,,,,,,,,1,0,,,,,,,0,,0,,,,,,,,0,,,,,,0,0,0,,,,,,,,103882
237518,CDs - FVTPL,,,554,,1,,0,,,,,,,2024-02-23,-1995,,,,,,,,,1,0,,,,,,,0,,0,,,,,,,,0,,,,,,0,0,0,,,,,,,,103882
237519,CDs - FVOCI,,,555,,1,,0,,,,,,,2024-02-23,-1995,,,,,,,,,1,0,,,,,,,0,,0,,,,,,,,0,,,,,,0,0,0,,,,,,,,103882
237520,Corporate Bonds - FVTPL,,,557,,1,,0,,,,,,,2024-02-23,-1995,,,,,,,,,1,0,,,,,,,0,,0,,,,,,,,0,,,,,,0,0,0,,,,,,,,103882
237521,Corporate Bonds - FVOCI,,,558,,1,,0,,,,,,,2024-02-23,-1995,,,,,,,,,1,0,,,,,,,0,,0,,,,,,,,0,,,,,,0,0,0,,,,,,,,103882
237522,Subordinated Bonds - FVTPL,,,560,,1,,0,,,,,,,2024-02-23,-1995,,,,,,,,,1,0,,,,,,,0,,0,,,,,,,,0,,,,,,0,0,0,,,,,,,,103882
237523,Subordinated Bonds - FVOCI,,,561,,1,,0,,,,,,,2024-02-23,-1995,,,,,,,,,1,0,,,,,,,0,,0,,,,,,,,0,,,,,,0,0,0,,,,,,,,103882
237524,Securitization Notes - FVTPL,,,563,,1,,0,,,,,,,2024-02-23,-1995,,,,,,,,,1,0,,,,,,,0,,0,,,,,,,,0,,,,,,0,0,0,,,,,,,,103882
237525,Securitization Notes - FVOCI,,,564,,1,,0,,,,,,,2024-02-23,-1995,,,,,,,,,1,0,,,,,,,0,,0,,,,,,,,0,,,,,,0,0,0,,,,,,,,103882
237526,Common Shares - FVTPL,,,565,,1,,0,,,,,,,2024-02-23,-1995,,,,,,,,,1,0,,,,,,,0,,0,,,,,,,,0,,,,,,0,0,0,,,,,,,,103882
237527,Common Shares - FVOCI,,,566,,1,,0,,,,,,,2024-02-23,-1995,,,,,,,,,1,0,,,,,,,0,,0,,,,,,,,0,,,,,,0,0,0,,,,,,,,103882
237528,Preferred Shares - FVTPL,,,567,,1,,0,,,,,,,2024-02-23,-1995,,,,,,,,,1,0,,,,,,,0,,0,,,,,,,,0,,,,,,0,0,0,,,,,,,,103882
237529,Preferred Shares - FVOCI,,,568,,1,,0,,,,,,,2024-02-23,-1995,,,,,,,,,1,0,,,,,,,0,,0,,,,,,,,0,,,,,,0,0,0,,,,,,,,103882
237530,Equity Participation - FVTPL,,,569,,1,,0,,,,,,,2024-02-23,-1995,,,,,,,,,1,0,,,,,,,0,,0,,,,,,,,0,,,,,,0,0,0,,,,,,,,103882
237531,Equity Participation - FVOCI,,,570,,1,,0,,,,,,,2024-02-23,-1995,,,,,,,,,1,0,,,,,,,0,,0,,,,,,,,0,,,,,,0,0,0,,,,,,,,103882
237532,Structural Position ,,,590,,1,,0,,,,,,,2024-02-23,-1995,,,,,,,,,1,0,,,,,,,0,,0,,,,,,,,0,,,,,,0,0,0,,,,,,,,103882
237533,Spot Position ,,,591,,1,,0,,,,,,,2024-02-23,-1995,,,,,,,,,1,0,,,,,,,0,,0,,,,,,,,0,,,,,,0,0,0,,,,,,,,103882
237534,Forward Revaluation ,,,592,,1,,0,,,,,,,2024-02-23,-1995,,,,,,,,,1,0,,,,,,,0,,0,,,,,,,,0,,,,,,0,0,0,,,,,,,,103882
237535,Revaluation Variances of Fixed Position,,,593,,1,,0,,,,,,,2024-02-23,-1995,,,,,,,,,1,0,,,,,,,0,,0,,,,,,,,0,,,,,,0,0,0,,,,,,,,103882
237536,ILC - Sight,,,600,,1,,0,,,,,,,2024-02-23,-1995,,,,,,,,,1,0,,,,,,,0,,0,,,,,,,,0,,,,,,0,0,0,,,,,,,,103882
237537,ILC - Term,,,601,,1,,0,,,,,,,2024-02-23,-1995,,,,,,,,,1,0,,,,,,,0,,0,,,,,,,,0,,,,,,0,0,0,,,,,,,,103882
237538,ILC - Sight - Triangular,,,602,,1,,0,,,,,,,2024-02-23,-1995,,,,,,,,,1,0,,,,,,,0,,0,,,,,,,,0,,,,,,0,0,0,,,,,,,,103882
237539,ILC - Term - Triangular,,,603,,1,,0,,,,,,,2024-02-23,-1995,,,,,,,,,1,0,,,,,,,0,,0,,,,,,,,0,,,,,,0,0,0,,,,,,,,103882
237540,ISB - Sight - Standby,,,604,,1,,0,,,,,,,2024-02-23,-1995,,,,,,,,,1,0,,,,,,,0,,0,,,,,,,,0,,,,,,0,0,0,,,,,,,,103882
237541,ISB - Term - Standby,,,605,,1,,0,,,,,,,2024-02-23,-1995,,,,,,,,,1,0,,,,,,,0,,0,,,,,,,,0,,,,,,0,0,0,,,,,,,,103882
237542,ILG - Issued Bid Bonds,,,606,,1,,0,,,,,,,2024-02-23,-1995,,,,,,,,,1,0,,,,,,,0,,0,,,,,,,,0,,,,,,0,0,0,,,,,,,,103882
237543,ILG - Issued Performance Bonds,,,607,,1,,0,,,,,,,2024-02-23,-1995,,,,,,,,,1,0,,,,,,,0,,0,,,,,,,,0,,,,,,0,0,0,,,,,,,,103882
237544,ILG - Advance Payment,,,608,,1,,0,,,,,,,2024-02-23,-1995,,,,,,,,,1,0,,,,,,,0,,0,,,,,,,,0,,,,,,0,0,0,,,,,,,,103882
237545,ILG - Issued Other,,,609,,1,,0,,,,,,,2024-02-23,-1995,,,,,,,,,1,0,,,,,,,0,,0,,,,,,,,0,,,,,,0,0,0,,,,,,,,103882
237546,ILG - Issued Bills counter guarantee bid bond,,,610,,1,,0,,,,,,,2024-02-23,-1995,,,,,,,,,1,0,,,,,,,0,,0,,,,,,,,0,,,,,,0,0,0,,,,,,,,103882
237547,ILG - Issued Bills counter guarantee performance,,,611,,1,,0,,,,,,,2024-02-23,-1995,,,,,,,,,1,0,,,,,,,0,,0,,,,,,,,0,,,,,,0,0,0,,,,,,,,103882
237548,ILG - Issued Bills counter guarantee advanced,,,612,,1,,0,,,,,,,2024-02-23,-1995,,,,,,,,,1,0,,,,,,,0,,0,,,,,,,,0,,,,,,0,0,0,,,,,,,,103882
237549,ILG - Issued Bills counter guarantee others,,,613,,1,,0,,,,,,,2024-02-23,-1995,,,,,,,,,1,0,,,,,,,0,,0,,,,,,,,0,,,,,,0,0,0,,,,,,,,103882
237550,IDC - Inward Documentary Collections,,,620,,1,,0,,,,,,,2024-02-23,-1995,,,,,,,,,1,0,,,,,,,0,,0,,,,,,,,0,,,,,,0,0,0,,,,,,,,103882
237551,IDC - Inward Clean Collections,,,621,,1,,0,,,,,,,2024-02-23,-1995,,,,,,,,,1,0,,,,,,,0,,0,,,,,,,,0,,,,,,0,0,0,,,,,,,,103882
237552,ELC - Term - Confirmed,,,625,,1,,0,,,,,,,2024-02-23,-1995,,,,,,,,,1,0,,,,,,,0,,0,,,,,,,,0,,,,,,0,0,0,,,,,,,,103882
237553,ELC - Sight - Confirmed,,,626,,1,,0,,,,,,,2024-02-23,-1995,,,,,,,,,1,0,,,,,,,0,,0,,,,,,,,0,,,,,,0,0,0,,,,,,,,103882
237554,ELC - Term - UnConfirmed,,,627,,1,,0,,,,,,,2024-02-23,-1995,,,,,,,,,1,0,,,,,,,0,,0,,,,,,,,0,,,,,,0,0,0,,,,,,,,103882
237555,ELC - Sight - UnConfirmed,,,628,,1,,0,,,,,,,2024-02-23,-1995,,,,,,,,,1,0,,,,,,,0,,0,,,,,,,,0,,,,,,0,0,0,,,,,,,,103882
237556,ODC - Counter Guarantee Received,,,629,,1,,0,,,,,,,2024-02-23,-1995,,,,,,,,,1,0,,,,,,,0,,0,,,,,,,,0,,,,,,0,0,0,,,,,,,,103882
237557,ESB - Confirmed,,,630,,1,,0,,,,,,,2024-02-23,-1995,,,,,,,,,1,0,,,,,,,0,,0,,,,,,,,0,,,,,,0,0,0,,,,,,,,103882
237558,ESB - UnConfirmed,,,631,,1,,0,,,,,,,2024-02-23,-1995,,,,,,,,,1,0,,,,,,,0,,0,,,,,,,,0,,,,,,0,0,0,,,,,,,,103882
237559,ODC-Documents Under Collection ,,,632,,1,,0,,,,,,,2024-02-23,-1995,,,,,,,,,1,0,,,,,,,0,,0,,,,,,,,0,,,,,,0,0,0,,,,,,,,103882
237560,ILC - Sight - Confirmed,,,650,,1,,0,,,,,,,2024-02-23,-1995,,,,,,,,,1,0,,,,,,,0,,0,,,,,,,,0,,,,,,0,0,0,,,,,,,,103882
237561,ILC - Term - Confirmed,,,651,,1,,0,,,,,,,2024-02-23,-1995,,,,,,,,,1,0,,,,,,,0,,0,,,,,,,,0,,,,,,0,0,0,,,,,,,,103882
237562,ILC - Sight - Triangular,,,652,,1,,0,,,,,,,2024-02-23,-1995,,,,,,,,,1,0,,,,,,,0,,0,,,,,,,,0,,,,,,0,0,0,,,,,,,,103882
237563,ILC - Term - Triangular,,,653,,1,,0,,,,,,,2024-02-23,-1995,,,,,,,,,1,0,,,,,,,0,,0,,,,,,,,0,,,,,,0,0,0,,,,,,,,103882
237564,ISB - Sight - Standby,,,654,,1,,0,,,,,,,2024-02-23,-1995,,,,,,,,,1,0,,,,,,,0,,0,,,,,,,,0,,,,,,0,0,0,,,,,,,,103882
237565,ISB - Term - Standby ,,,655,,1,,0,,,,,,,2024-02-23,-1995,,,,,,,,,1,0,,,,,,,0,,0,,,,,,,,0,,,,,,0,0,0,,,,,,,,103882
237566,ILG - Bid Bond Issued,,,656,,1,,0,,,,,,,2024-02-23,-1995,,,,,,,,,1,0,,,,,,,0,,0,,,,,,,,0,,,,,,0,0,0,,,,,,,,103882
237567,ILG - Performance Bond ,,,657,,1,,0,,,,,,,2024-02-23,-1995,,,,,,,,,1,0,,,,,,,0,,0,,,,,,,,0,,,,,,0,0,0,,,,,,,,103882
237568,ILG - Advanced Payment Bond ,,,658,,1,,0,,,,,,,2024-02-23,-1995,,,,,,,,,1,0,,,,,,,0,,0,,,,,,,,0,,,,,,0,0,0,,,,,,,,103882
237569,ILG - Others Customer,,,659,,1,,0,,,,,,,2024-02-23,-1995,,,,,,,,,1,0,,,,,,,0,,0,,,,,,,,0,,,,,,0,0,0,,,,,,,,103882
774,t2 774,,,774,,1015,,0,,,2,2015-11-30,,,2015-11-30,3493,,,,,,,,,1,0,,,,,,,0,,0,,,,,,,,0,,,,,,0,0,,,,,,,,,
17012,com,,,internet,,900,,0,,,,,,,2023-05-08,,,,,,,,,,1,0,,,,,,,0,,0,,,,,,,,0,,,,,,0,0,,,,,,,,,
5941,Alfa 25,,,4343,,900,,0,,,,,,,2025-02-13,,,,,,,,,,1,0,,,,,,,0,,0,,,,,,,,0,,,,,,0,0,,,,,,,,,
7003,Old,,,4206913,,900,,0,,,,,,,2025-02-21,,,,,,,,,,1,0,,,,,,,0,,0,,,,,,,,0,,,,,,1,0,,,,,,,,,
7021,Edge,,,789410,,900,,0,,,,,,,2025-02-21,,,,,,,,,,1,0,,,,,,,0,,0,,,,,,,,0,,,,,,0,0,,,,,,,,,
7022,Slim,,,789420,,900,,0,,,,,,,2025-02-21,,,,,,,,,,1,0,,,,,,,0,,0,,,,,,,,0,,,,,,0,0,,,,,,,,,
7023,Curved,,,789430,,900,,0,,,,,,,2025-02-21,,,,,,,,,,1,0,,,,,,,0,,0,,,,,,,,0,,,,,,0,0,,,,,,,,,
7024,NUC,,,7855,,200,,0,,,,,,,2025-02-21,,,,,,,,,,1,0,,,,,,,0,,0,,,,,,,,0,,,,,,0,0,,,,,,,,,
7025,Nuc 100,,,785510,,900,,0,,,,,,,2025-02-21,,,,,,,,,,1,0,,,,,,,0,,0,,,,,,,,0,,,,,,0,0,,,,,,,,,
7040,Display Screen,,,7894,,200,,0,,,,,,,2025-02-21,,,,,,,,,,1,0,,,,,,,0,,0,,,,,,,,0,,,,,,0,0,,,,,,,,,
7041,Edge,,,789410,,900,,0,,,,,,,2025-02-21,,,,,,,,,,1,0,,,,,,,0,,0,,,,,,,,0,,,,,,0,0,,,,,,,,,
7042,Slim,,,789420,,900,,0,,,,,,,2025-02-21,,,,,,,,,,1,0,,,,,,,0,,0,,,,,,,,0,,,,,,0,0,,,,,,,,,
7043,Curved,,,789430,,900,,0,,,,,,,2025-02-21,,,,,,,,,,1,0,,,,,,,0,,0,,,,,,,,0,,,,,,0,0,,,,,,,,,
7061,testes,,,1234567,,900,,0,,,,,,,2025-02-24,,,,,,,,,,1,0,,,,,,,0,,0,,,,,,,,0,,,,,,0,0,,,,,,,,,
7060,tedtyes53,,,12345,,200,,0,,,,,,,2025-02-24,,,,,,,,,,1,0,,,,,,,0,,0,,,,,,,,0,,,,,,0,0,,,,,,,,,
7080,testes,,,1234567,,900,,0,,,,,,,2025-02-24,,,,,,,,,,1,0,,,,,,,0,,0,,,,,,,,0,,,,,,0,0,,,,,,,,,
7081,tteesstt,,,888888,,900,,0,,,,,,,2025-02-24,,,,,,,,,,1,0,,,,,,,0,,0,,,,,,,,0,,,,,,1,0,,,,,,,,,
7101,sdfljhgksdfj,,,78946548,,900,,0,,,,,,,2025-02-24,,,,,,,,,,1,0,,,,,,,0,,0,,,,,,,,0,,,,,,0,0,,,,,,,,,
7102,253452345,,,6845356,,900,,0,,,,,,,2025-02-24,,,,,,,,,,1,0,,,,,,,0,,0,,,,,,,,0,,,,,,0,0,,,,,,,,,
7100,t121212121,,,652613,,200,,0,,,,,,,2025-02-24,,,,,,,,,,1,0,,,,,,,0,,0,,,,,,,,0,,,,,,0,0,,,,,,,,,
7120,sdfljhgksdfj,,,78946548,,900,,0,,,,,,,2025-02-24,,,,,,,,,,1,0,,,,,,,0,,0,,,,,,,,0,,,,,,0,0,,,,,,,,,
7121,253452345,,,6845356,,900,,0,,,,,,,2025-02-24,,,,,,,,,,1,0,,,,,,,0,,0,,,,,,,,0,,,,,,0,0,,,,,,,,,
7122,skgjdflskgkl,,,2021213,,900,,0,,,,,,,2025-02-24,,,,,,,,,,1,0,,,,,,,0,,0,,,,,,,,0,,,,,,0,0,,,,,,,,,
7141,tetetetet,,,213213212,,900,,0,,,,,,,2025-02-24,,,,,,,,,,1,0,,,,,,,0,,0,,,,,,,,0,,,,,,0,0,,,,,,,,,
7142,titititititititi,,,2132132123,,900,,0,,,,,,,2025-02-24,,,,,,,,,,1,0,,,,,,,0,,0,,,,,,,,0,,,,,,0,0,,,,,,,,,
7140,hello2,,,59549512,,200,,0,,,,,,,2025-02-24,,,,,,,,,,1,0,,,,,,,0,,0,,,,,,,,0,,,,,,0,0,,,,,,,,,
7143,etetetetetet,,,213213212,,900,,0,,,,,,,2025-02-24,,,,,,,,,,1,0,,,,,,,0,,0,,,,,,,,0,,,,,,0,0,,,,,,,,,
7144,itititititititi,,,2132132123,,900,,0,,,,,,,2025-02-24,,,,,,,,,,1,0,,,,,,,0,,0,,,,,,,,0,,,,,,0,0,,,,,,,,,
7146,Gift Card,,,7089712,,900,,0,,,,,,,2025-02-24,,,,,,,,,,1,0,,,,,,,0,,0,,,,,,,,0,,,,,,0,0,,,,,,,,,
7147,Books,,,7089714,,900,,0,,,,,,,2025-02-24,,,,,,,,,,1,0,,,,,,,0,,0,,,,,,,,0,,,,,,0,0,,,,,,,,,
7160,Books,,,7089714,,900,,0,,,,,,,2025-02-24,,,,,,,,,,1,0,,,,,,,0,,0,,,,,,,,0,,,,,,0,0,,,,,,,,,
7161,Gift Card,,,7089712,,900,,0,,,,,,,2025-02-24,,,,,,,,,,1,0,,,,,,,0,,0,,,,,,,,0,,,,,,0,0,,,,,,,,,
7180,123,,,123,,200,,0,,,,,,,2025-04-14,,,,,,,,,,1,0,,,,,,,0,,0,,,,,,,,0,,,,,,0,0,,,,,,,,,
7220,wrew,,,23,,200,,0,,,,,,,2025-04-24,,,,,,,,,,1,0,,,,,,,0,,0,,,,,,,,0,,,,,,0,0,,,,,,,,,
7221,werwerw,,,234234,,900,,0,,,,,,,2025-04-24,,,,,,,,,,1,0,,,,,,,0,,0,,,,,,,,0,,,,,,0,0,,,,,,,,,
7222,werwef,,,234,,900,,0,,,,,,,2025-04-24,,,,,,,,,,1,0,,,,,,,0,,0,,,,,,,,0,,,,,,0,0,,,,,,,,,
7281,Google Play Test,,,7089710,,200,,0,,,,,,,2025-06-05,,,,,,,,,,1,0,,,,,,,0,,0,,,,,,,,0,,,,,,0,0,,,,,,,,,
7282,Books,,,7089714,,900,,0,,,,,,,2025-06-05,,,,,,,,,,1,0,,,,,,,0,,0,,,,,,,,0,,,,,,0,0,,,,,,,,,
7283,Gift Card,,,7089712,,900,,0,,,,,,,2025-06-05,,,,,,,,,,1,0,,,,,,,0,,0,,,,,,,,0,,,,,,0,0,,,,,,,,,
7284,Books,,,7520,,900,,0,,,,,,,2025-06-05,,,,,,,,,,1,0,,,,,,,0,,0,,,,,,,,0,,,,,,0,0,,,,,,,,,
7285,test,,,41141,,900,,0,,,,,,,2025-06-05,,,,,,,,,,1,0,,,,,,,0,,0,,,,,,,,0,,,,,,0,0,,,,,,,,,
7286,test,,,41141,,900,,0,,,,,,,2025-06-05,,,,,,,,,,1,0,,,,,,,0,,0,,,,,,,,0,,,,,,0,0,,,,,,,,,
7287,test,,,41141,,900,,0,,,,,,,2025-06-05,,,,,,,,,,1,0,,,,,,,0,,0,,,,,,,,0,,,,,,0,0,,,,,,,,,
7288,fsdfd,,,2323,,900,,0,,,,,,,2025-06-05,,,,,,,,,,1,0,,,,,,,0,,0,,,,,,,,0,,,,,,0,0,,,,,,,,,
7289,wwww,,,1235,,900,,0,,,,,,,2025-06-05,,,,,,,,,,1,0,,,,,,,0,,0,,,,,,,,0,,,,,,0,0,,,,,,,,,
7300,Books,,,7089714,,900,,0,,,,,,,2025-06-05,,,,,,,,,,1,0,,,,,,,0,,0,,,,,,,,0,,,,,,0,0,,,,,,,,,
7301,Gift Card,,,7089712,,900,,0,,,,,,,2025-06-05,,,,,,,,,,1,0,,,,,,,0,,0,,,,,,,,0,,,,,,0,0,,,,,,,,,
7302,Books,,,7520,,900,,0,,,,,,,2025-06-05,,,,,,,,,,1,0,,,,,,,0,,0,,,,,,,,0,,,,,,0,0,,,,,,,,,
7303,test,,,41141,,900,,0,,,,,,,2025-06-05,,,,,,,,,,1,0,,,,,,,0,,0,,,,,,,,0,,,,,,0,0,,,,,,,,,
7304,test,,,41141,,900,,0,,,,,,,2025-06-05,,,,,,,,,,1,0,,,,,,,0,,0,,,,,,,,0,,,,,,0,0,,,,,,,,,
7305,test,,,41141,,900,,0,,,,,,,2025-06-05,,,,,,,,,,1,0,,,,,,,0,,0,,,,,,,,0,,,,,,0,0,,,,,,,,,
7306,fsdfd,,,2323,,900,,0,,,,,,,2025-06-05,,,,,,,,,,1,0,,,,,,,0,,0,,,,,,,,0,,,,,,0,0,,,,,,,,,
7307,wwww,,,1235,,900,,0,,,,,,,2025-06-05,,,,,,,,,,1,0,,,,,,,0,,0,,,,,,,,0,,,,,,0,0,,,,,,,,,
7308,wwww,,,1235,,900,,0,,,,,,,2025-06-05,,,,,,,,,,1,0,,,,,,,0,,0,,,,,,,,0,,,,,,0,0,,,,,,,,,
7290,Google Play Test,,,7089710,,200,,0,,,,,,,2025-06-05,,,,,,,,,,1,0,,,,,,,0,,0,,,,,,,,0,,,,,,0,0,,,,,,,,,
7291,Books,,,7089714,,900,,0,,,,,,,2025-06-05,,,,,,,,,,1,0,,,,,,,0,,0,,,,,,,,0,,,,,,0,0,,,,,,,,,
7292,Gift Card,,,7089712,,900,,0,,,,,,,2025-06-05,,,,,,,,,,1,0,,,,,,,0,,0,,,,,,,,0,,,,,,0,0,,,,,,,,,
7293,Books,,,7520,,900,,0,,,,,,,2025-06-05,,,,,,,,,,1,0,,,,,,,0,,0,,,,,,,,0,,,,,,0,0,,,,,,,,,
7294,test,,,41141,,900,,0,,,,,,,2025-06-05,,,,,,,,,,1,0,,,,,,,0,,0,,,,,,,,0,,,,,,0,0,,,,,,,,,
7295,test,,,41141,,900,,0,,,,,,,2025-06-05,,,,,,,,,,1,0,,,,,,,0,,0,,,,,,,,0,,,,,,0,0,,,,,,,,,
7296,test,,,41141,,900,,0,,,,,,,2025-06-05,,,,,,,,,,1,0,,,,,,,0,,0,,,,,,,,0,,,,,,0,0,,,,,,,,,
7297,fsdfd,,,2323,,900,,0,,,,,,,2025-06-05,,,,,,,,,,1,0,,,,,,,0,,0,,,,,,,,0,,,,,,0,0,,,,,,,,,
7298,wwww,,,1235,,900,,0,,,,,,,2025-06-05,,,,,,,,,,1,0,,,,,,,0,,0,,,,,,,,0,,,,,,0,0,,,,,,,,,
7299,wwww,,,1235,,900,,0,,,,,,,2025-06-05,,,,,,,,,,1,0,,,,,,,0,,0,,,,,,,,0,,,,,,0,0,,,,,,,,,
7420,fsdfd,,,2323,,900,,0,,,,,,,2025-06-06,,,,,,,,,,1,0,,,,,,,0,,0,,,,,,,,0,,,,,,0,0,,,,,,,,,
7309,test,,,121212,,900,,0,,,,,,,2025-06-05,,,,,,,,,,1,0,,,,,,,0,,0,,,,,,,,0,,,,,,0,0,,,,,,,,,
7421,wwww,,,1235,,900,,0,,,,,,,2025-06-06,,,,,,,,,,1,0,,,,,,,0,,0,,,,,,,,0,,,,,,0,0,,,,,,,,,
7320,test,,,121212,,900,,0,,,,,,,2025-06-05,,,,,,,,,,1,0,,,,,,,0,,0,,,,,,,,0,,,,,,0,0,,,,,,,,,
7422,Books,,,7089714,,900,,0,,,,,,,2025-06-06,,,,,,,,,,1,0,,,,,,,0,,0,,,,,,,,0,,,,,,0,0,,,,,,,,,
7340,test,,,121212,,900,,0,,,,,,,2025-06-05,,,,,,,,,,1,0,,,,,,,0,,0,,,,,,,,0,,,,,,0,0,,,,,,,,,
7423,Gift Card,,,7089712,,900,,0,,,,,,,2025-06-06,,,,,,,,,,1,0,,,,,,,0,,0,,,,,,,,0,,,,,,0,0,,,,,,,,,
7360,test,,,121212,,900,,0,,,,,,,2025-06-05,,,,,,,,,,1,0,,,,,,,0,,0,,,,,,,,0,,,,,,0,0,,,,,,,,,
7424,test,,,41141,,900,,0,,,,,,,2025-06-06,,,,,,,,,,1,0,,,,,,,0,,0,,,,,,,,0,,,,,,0,0,,,,,,,,,
7321,test,,,121212,,900,,0,,,,,,,2025-06-05,,,,,,,,,,1,0,,,,,,,0,,0,,,,,,,,0,,,,,,0,0,,,,,,,,,
7425,test,,,41141,,900,,0,,,,,,,2025-06-06,,,,,,,,,,1,0,,,,,,,0,,0,,,,,,,,0,,,,,,0,0,,,,,,,,,
7322,test,,,121212,,900,,0,,,,,,,2025-06-05,,,,,,,,,,1,0,,,,,,,0,,0,,,,,,,,0,,,,,,0,0,,,,,,,,,
7482,test,,,121212,,900,,0,,,,,,,2025-06-10,,,,,,,,,,1,0,,,,,,,0,,0,,,,,,,,0,,,,,,0,0,,,,,,,,,
7341,test,,,121212,,900,,0,,,,,,,2025-06-05,,,,,,,,,,1,0,,,,,,,0,,0,,,,,,,,0,,,,,,0,0,,,,,,,,,
7426,wwww,,,1235,,900,,0,,,,,,,2025-06-06,,,,,,,,,,1,0,,,,,,,0,,0,,,,,,,,0,,,,,,0,0,,,,,,,,,
7380,Books,,,7089714,,900,,0,,,,,,,2025-06-06,,,,,,,,,,1,0,,,,,,,0,,0,,,,,,,,0,,,,,,0,0,,,,,,,,,
7381,Gift Card,,,7089712,,900,,0,,,,,,,2025-06-06,,,,,,,,,,1,0,,,,,,,0,,0,,,,,,,,0,,,,,,0,0,,,,,,,,,
7382,Books,,,7520,,900,,0,,,,,,,2025-06-06,,,,,,,,,,1,0,,,,,,,0,,0,,,,,,,,0,,,,,,0,0,,,,,,,,,
7383,test,,,41141,,900,,0,,,,,,,2025-06-06,,,,,,,,,,1,0,,,,,,,0,,0,,,,,,,,0,,,,,,0,0,,,,,,,,,
7384,test,,,41141,,900,,0,,,,,,,2025-06-06,,,,,,,,,,1,0,,,,,,,0,,0,,,,,,,,0,,,,,,0,0,,,,,,,,,
7385,test,,,41141,,900,,0,,,,,,,2025-06-06,,,,,,,,,,1,0,,,,,,,0,,0,,,,,,,,0,,,,,,0,0,,,,,,,,,
7386,fsdfd,,,2323,,900,,0,,,,,,,2025-06-06,,,,,,,,,,1,0,,,,,,,0,,0,,,,,,,,0,,,,,,0,0,,,,,,,,,
7387,wwww,,,1235,,900,,0,,,,,,,2025-06-06,,,,,,,,,,1,0,,,,,,,0,,0,,,,,,,,0,,,,,,0,0,,,,,,,,,
7388,wwww,,,1235,,900,,0,,,,,,,2025-06-06,,,,,,,,,,1,0,,,,,,,0,,0,,,,,,,,0,,,,,,0,0,,,,,,,,,
7400,Books,,,7520,,900,,0,,,,,,,2025-06-06,,,,,,,,,,1,0,,,,,,,0,,0,,,,,,,,0,,,,,,0,0,,,,,,,,,
7401,test,,,41141,,900,,0,,,,,,,2025-06-06,,,,,,,,,,1,0,,,,,,,0,,0,,,,,,,,0,,,,,,0,0,,,,,,,,,
7402,fsdfd,,,2323,,900,,0,,,,,,,2025-06-06,,,,,,,,,,1,0,,,,,,,0,,0,,,,,,,,0,,,,,,0,0,,,,,,,,,
7403,wwww,,,1235,,900,,0,,,,,,,2025-06-06,,,,,,,,,,1,0,,,,,,,0,,0,,,,,,,,0,,,,,,0,0,,,,,,,,,
7404,Books,,,7089714,,900,,0,,,,,,,2025-06-06,,,,,,,,,,1,0,,,,,,,0,,0,,,,,,,,0,,,,,,0,0,,,,,,,,,
7405,Gift Card,,,7089712,,900,,0,,,,,,,2025-06-06,,,,,,,,,,1,0,,,,,,,0,,0,,,,,,,,0,,,,,,0,0,,,,,,,,,
7406,test,,,41141,,900,,0,,,,,,,2025-06-06,,,,,,,,,,1,0,,,,,,,0,,0,,,,,,,,0,,,,,,0,0,,,,,,,,,
7407,test,,,41141,,900,,0,,,,,,,2025-06-06,,,,,,,,,,1,0,,,,,,,0,,0,,,,,,,,0,,,,,,0,0,,,,,,,,,
7408,wwww,,,1235,,900,,0,,,,,,,2025-06-06,,,,,,,,,,1,0,,,,,,,0,,0,,,,,,,,0,,,,,,0,0,,,,,,,,,
7427,test,,,41141,,900,,0,,,,,,,2025-06-06,,,,,,,,,,1,0,,,,,,,0,,0,,,,,,,,0,,,,,,0,0,,,,,,,,,
7440,test,,,121212,,900,,0,,,,,,,2025-06-10,,,,,,,,,,1,0,,,,,,,0,,0,,,,,,,,0,,,,,,0,0,,,,,,,,,
7460,test,,,121212,,900,,0,,,,,,,2025-06-10,,,,,,,,,,1,0,,,,,,,0,,0,,,,,,,,0,,,,,,0,0,,,,,,,,,
7480,test,,,121212,,900,,0,,,,,,,2025-06-10,,,,,,,,,,1,0,,,,,,,0,,0,,,,,,,,0,,,,,,0,0,,,,,,,,,
7481,test,,,121212,,900,,0,,,,,,,2025-06-10,,,,,,,,,,1,0,,,,,,,0,,0,,,,,,,,0,,,,,,0,0,,,,,,,,,
7461,test,,,121212,,900,,0,,,,,,,2025-06-10,,,,,,,,,,1,0,,,,,,,0,,0,,,,,,,,0,,,,,,0,0,,,,,,,,,
7462,test,,,121212,,900,,0,,,,,,,2025-06-10,,,,,,,,,,1,0,,,,,,,0,,0,,,,,,,,0,,,,,,0,0,,,,,,,,,
7200,1,,,1,,200,,0,,,,,,,2025-04-14,,,,,,,,,,1,0,,,,,,,0,,0,,,,,,,,0,,,,,,0,0,,,,,,,,,
7483,test,,,121212,,900,,0,,,,,,,2025-06-10,,,,,,,,,,1,0,,,,,,,0,,0,,,,,,,,0,,,,,,0,0,,,,,,,,,
7500,test,,,121212,,900,,0,,,,,,,2025-06-10,,,,,,,,,,1,0,,,,,,,0,,0,,,,,,,,0,,,,,,0,0,,,,,,,,,
7520,test,,,121212,,900,,0,,,,,,,2025-06-11,,,,,,,,,,1,0,,,,,,,0,,0,,,,,,,,0,,,,,,0,0,,,,,,,,,
7540,test,,,121212,,900,,0,,,,,,,2025-06-11,,,,,,,,,,1,0,,,,,,,0,,0,,,,,,,,0,,,,,,0,0,,,,,,,,,
7560,1,,,1,,200,,0,,,,,,,2025-06-11,,,,,,,,,,1,0,,,,,,,0,,0,,,,,,,,0,,,,,,0,0,,,,,,,,,
7580,fsdfd,,,2323,,900,,0,,,,,,,2025-06-11,,,,,,,,,,1,0,,,,,,,0,,0,,,,,,,,0,,,,,,0,0,,,,,,,,,
7581,wwww,,,1235,,900,,0,,,,,,,2025-06-11,,,,,,,,,,1,0,,,,,,,0,,0,,,,,,,,0,,,,,,0,0,,,,,,,,,
7582,Books,,,7089714,,900,,0,,,,,,,2025-06-11,,,,,,,,,,1,0,,,,,,,0,,0,,,,,,,,0,,,,,,0,0,,,,,,,,,
7583,Gift Card,,,7089712,,900,,0,,,,,,,2025-06-11,,,,,,,,,,1,0,,,,,,,0,,0,,,,,,,,0,,,,,,0,0,,,,,,,,,
7584,test,,,41141,,900,,0,,,,,,,2025-06-11,,,,,,,,,,1,0,,,,,,,0,,0,,,,,,,,0,,,,,,0,0,,,,,,,,,
7585,wwww,,,1235,,900,,0,,,,,,,2025-06-11,,,,,,,,,,1,0,,,,,,,0,,0,,,,,,,,0,,,,,,0,0,,,,,,,,,
7586,test,,,41141,,900,,0,,,,,,,2025-06-11,,,,,,,,,,1,0,,,,,,,0,,0,,,,,,,,0,,,,,,0,0,,,,,,,,,
7587,test,,,41141,,900,,0,,,,,,,2025-06-11,,,,,,,,,,1,0,,,,,,,0,,0,,,,,,,,0,,,,,,0,0,,,,,,,,,
7145,Google Play Test,,,7089710,,200,,0,,,,,,,2025-02-24,,,,,,,,,,1,0,,,,,,,0,,0,,,,,,,,0,,,,,,0,0,,,,,,,,,
7600,wwww,,,1235,,900,,0,,,,,,,2025-06-11,,,,,,,,,,1,0,,,,,,,0,,0,,,,,,,,0,,,,,,0,0,,,,,,,,,
7601,test,,,41141,,900,,0,,,,,,,2025-06-11,,,,,,,,,,1,0,,,,,,,0,,0,,,,,,,,0,,,,,,0,0,,,,,,,,,
7602,test,,,41141,,900,,0,,,,,,,2025-06-11,,,,,,,,,,1,0,,,,,,,0,,0,,,,,,,,0,,,,,,0,0,,,,,,,,,
7603,test,,,41141,,900,,0,,,,,,,2025-06-11,,,,,,,,,,1,0,,,,,,,0,,0,,,,,,,,0,,,,,,0,0,,,,,,,,,
7604,fsdfd,,,2323,,900,,0,,,,,,,2025-06-11,,,,,,,,,,1,0,,,,,,,0,,0,,,,,,,,0,,,,,,0,0,,,,,,,,,
7605,wwww,,,1235,,900,,0,,,,,,,2025-06-11,,,,,,,,,,1,0,,,,,,,0,,0,,,,,,,,0,,,,,,0,0,,,,,,,,,
7606,Books,,,7089714,,900,,0,,,,,,,2025-06-11,,,,,,,,,,1,0,,,,,,,0,,0,,,,,,,,0,,,,,,0,0,,,,,,,,,
7607,Gift Card1111,,,7089712,,900,,0,,,,,,,2025-06-11,,,,,,,,,,1,0,,,,,,,0,,0,,,,,,,,0,,,,,,0,0,,,,,,,,,
7688,Books,,,7089714,,900,,0,,,,,,,2025-06-11,,,,,,,,,,1,0,,,,,,,0,,0,,,,,,,,0,,,,,,0,0,,,,,,,,,
7620,wwww,,,1235,,900,,0,,,,,,,2025-06-11,,,,,,,,,,1,0,,,,,,,0,,0,,,,,,,,0,,,,,,0,0,,,,,,,,,
7621,test,,,41141,,900,,0,,,,,,,2025-06-11,,,,,,,,,,1,0,,,,,,,0,,0,,,,,,,,0,,,,,,0,0,,,,,,,,,
7622,test,,,41141,,900,,0,,,,,,,2025-06-11,,,,,,,,,,1,0,,,,,,,0,,0,,,,,,,,0,,,,,,0,0,,,,,,,,,
7623,test,,,41141,,900,,0,,,,,,,2025-06-11,,,,,,,,,,1,0,,,,,,,0,,0,,,,,,,,0,,,,,,0,0,,,,,,,,,
7624,fsdfd,,,2323,,900,,0,,,,,,,2025-06-11,,,,,,,,,,1,0,,,,,,,0,,0,,,,,,,,0,,,,,,0,0,,,,,,,,,
7625,wwww,,,1235,,900,,0,,,,,,,2025-06-11,,,,,,,,,,1,0,,,,,,,0,,0,,,,,,,,0,,,,,,0,0,,,,,,,,,
7626,Books,,,7089714,,900,,0,,,,,,,2025-06-11,,,,,,,,,,1,0,,,,,,,0,,0,,,,,,,,0,,,,,,0,0,,,,,,,,,
7627,Gift Card1111,,,7089712,,900,,0,,,,,,,2025-06-11,,,,,,,,,,1,0,,,,,,,0,,0,,,,,,,,0,,,,,,0,0,,,,,,,,,
7689,Gift Card,,,7089712,,900,,0,,,,,,,2025-06-11,,,,,,,,,,1,0,,,,,,,0,,0,,,,,,,,0,,,,,,0,0,,,,,,,,,
7640,Books,,,7089714,,900,,0,,,,,,,2025-06-11,,,,,,,,,,1,0,,,,,,,0,,0,,,,,,,,0,,,,,,0,0,,,,,,,,,
7641,Gift Card,,,7089712,,900,,0,,,,,,,2025-06-11,,,,,,,,,,1,0,,,,,,,0,,0,,,,,,,,0,,,,,,0,0,,,,,,,,,
7642,fsdfd,,,2323,,900,,0,,,,,,,2025-06-11,,,,,,,,,,1,0,,,,,,,0,,0,,,,,,,,0,,,,,,0,0,,,,,,,,,
7643,test,,,41141,,900,,0,,,,,,,2025-06-11,,,,,,,,,,1,0,,,,,,,0,,0,,,,,,,,0,,,,,,0,0,,,,,,,,,
7644,test,,,41141,,900,,0,,,,,,,2025-06-11,,,,,,,,,,1,0,,,,,,,0,,0,,,,,,,,0,,,,,,0,0,,,,,,,,,
7645,test,,,41141,,900,,0,,,,,,,2025-06-11,,,,,,,,,,1,0,,,,,,,0,,0,,,,,,,,0,,,,,,0,0,,,,,,,,,
7646,wwww,,,1235,,900,,0,,,,,,,2025-06-11,,,,,,,,,,1,0,,,,,,,0,,0,,,,,,,,0,,,,,,0,0,,,,,,,,,
7647,wwww,,,1235,,900,,0,,,,,,,2025-06-11,,,,,,,,,,1,0,,,,,,,0,,0,,,,,,,,0,,,,,,0,0,,,,,,,,,
7690,fsdfd,,,2323,,900,,0,,,,,,,2025-06-11,,,,,,,,,,1,0,,,,,,,0,,0,,,,,,,,0,,,,,,0,0,,,,,,,,,
7660,Books,,,7089714,,900,,0,,,,,,,2025-06-11,,,,,,,,,,1,0,,,,,,,0,,0,,,,,,,,0,,,,,,0,0,,,,,,,,,
7661,Gift Card,,,7089712,,900,,0,,,,,,,2025-06-11,,,,,,,,,,1,0,,,,,,,0,,0,,,,,,,,0,,,,,,0,0,,,,,,,,,
7662,fsdfd,,,2323,,900,,0,,,,,,,2025-06-11,,,,,,,,,,1,0,,,,,,,0,,0,,,,,,,,0,,,,,,0,0,,,,,,,,,
7663,test,,,41141,,900,,0,,,,,,,2025-06-11,,,,,,,,,,1,0,,,,,,,0,,0,,,,,,,,0,,,,,,0,0,,,,,,,,,
7664,test,,,41141,,900,,0,,,,,,,2025-06-11,,,,,,,,,,1,0,,,,,,,0,,0,,,,,,,,0,,,,,,0,0,,,,,,,,,
7665,test,,,41141,,900,,0,,,,,,,2025-06-11,,,,,,,,,,1,0,,,,,,,0,,0,,,,,,,,0,,,,,,0,0,,,,,,,,,
7666,wwww,,,1235,,900,,0,,,,,,,2025-06-11,,,,,,,,,,1,0,,,,,,,0,,0,,,,,,,,0,,,,,,0,0,,,,,,,,,
7667,wwww,,,1235,,900,,0,,,,,,,2025-06-11,,,,,,,,,,1,0,,,,,,,0,,0,,,,,,,,0,,,,,,0,0,,,,,,,,,
7691,test,,,41141,,900,,0,,,,,,,2025-06-11,,,,,,,,,,1,0,,,,,,,0,,0,,,,,,,,0,,,,,,0,0,,,,,,,,,
7668,Books,,,7089714,,900,,0,,,,,,,2025-06-11,,,,,,,,,,1,0,,,,,,,0,,0,,,,,,,,0,,,,,,0,0,,,,,,,,,
7669,Gift Card,,,7089712,,900,,0,,,,,,,2025-06-11,,,,,,,,,,1,0,,,,,,,0,,0,,,,,,,,0,,,,,,0,0,,,,,,,,,
7670,fsdfd,,,2323,,900,,0,,,,,,,2025-06-11,,,,,,,,,,1,0,,,,,,,0,,0,,,,,,,,0,,,,,,0,0,,,,,,,,,
7671,test,,,41141,,900,,0,,,,,,,2025-06-11,,,,,,,,,,1,0,,,,,,,0,,0,,,,,,,,0,,,,,,0,0,,,,,,,,,
7672,test,,,41141,,900,,0,,,,,,,2025-06-11,,,,,,,,,,1,0,,,,,,,0,,0,,,,,,,,0,,,,,,0,0,,,,,,,,,
7673,test,,,41141,,900,,0,,,,,,,2025-06-11,,,,,,,,,,1,0,,,,,,,0,,0,,,,,,,,0,,,,,,0,0,,,,,,,,,
7674,wwww,,,1235,,900,,0,,,,,,,2025-06-11,,,,,,,,,,1,0,,,,,,,0,,0,,,,,,,,0,,,,,,0,0,,,,,,,,,
7675,wwww,,,1235,,900,,0,,,,,,,2025-06-11,,,,,,,,,,1,0,,,,,,,0,,0,,,,,,,,0,,,,,,0,0,,,,,,,,,
7692,test,,,41141,,900,,0,,,,,,,2025-06-11,,,,,,,,,,1,0,,,,,,,0,,0,,,,,,,,0,,,,,,0,0,,,,,,,,,
7680,Books,,,7089714,,900,,0,,,,,,,2025-06-11,,,,,,,,,,1,0,,,,,,,0,,0,,,,,,,,0,,,,,,0,0,,,,,,,,,
7681,Gift Card,,,7089712,,900,,0,,,,,,,2025-06-11,,,,,,,,,,1,0,,,,,,,0,,0,,,,,,,,0,,,,,,0,0,,,,,,,,,
7682,fsdfd,,,2323,,900,,0,,,,,,,2025-06-11,,,,,,,,,,1,0,,,,,,,0,,0,,,,,,,,0,,,,,,0,0,,,,,,,,,
7683,test,,,41141,,900,,0,,,,,,,2025-06-11,,,,,,,,,,1,0,,,,,,,0,,0,,,,,,,,0,,,,,,0,0,,,,,,,,,
7684,test,,,41141,,900,,0,,,,,,,2025-06-11,,,,,,,,,,1,0,,,,,,,0,,0,,,,,,,,0,,,,,,0,0,,,,,,,,,
7685,test,,,41141,,900,,0,,,,,,,2025-06-11,,,,,,,,,,1,0,,,,,,,0,,0,,,,,,,,0,,,,,,0,0,,,,,,,,,
7686,wwww,,,1235,,900,,0,,,,,,,2025-06-11,,,,,,,,,,1,0,,,,,,,0,,0,,,,,,,,0,,,,,,0,0,,,,,,,,,
7687,wwww,,,1235,,900,,0,,,,,,,2025-06-11,,,,,,,,,,1,0,,,,,,,0,,0,,,,,,,,0,,,,,,0,0,,,,,,,,,
7693,test,,,41141,,900,,0,,,,,,,2025-06-11,,,,,,,,,,1,0,,,,,,,0,,0,,,,,,,,0,,,,,,0,0,,,,,,,,,
7700,Books,,,7089714,,900,,0,,,,,,,2025-06-11,,,,,,,,,,1,0,,,,,,,0,,0,,,,,,,,0,,,,,,0,0,,,,,,,,,
7701,Gift Card,,,7089712,,900,,0,,,,,,,2025-06-11,,,,,,,,,,1,0,,,,,,,0,,0,,,,,,,,0,,,,,,0,0,,,,,,,,,
7702,fsdfd,,,2323,,900,,0,,,,,,,2025-06-11,,,,,,,,,,1,0,,,,,,,0,,0,,,,,,,,0,,,,,,0,0,,,,,,,,,
7703,test,,,41141,,900,,0,,,,,,,2025-06-11,,,,,,,,,,1,0,,,,,,,0,,0,,,,,,,,0,,,,,,0,0,,,,,,,,,
7704,test,,,41141,,900,,0,,,,,,,2025-06-11,,,,,,,,,,1,0,,,,,,,0,,0,,,,,,,,0,,,,,,0,0,,,,,,,,,
7705,test,,,41141,,900,,0,,,,,,,2025-06-11,,,,,,,,,,1,0,,,,,,,0,,0,,,,,,,,0,,,,,,0,0,,,,,,,,,
7706,wwww,,,1235,,900,,0,,,,,,,2025-06-11,,,,,,,,,,1,0,,,,,,,0,,0,,,,,,,,0,,,,,,0,0,,,,,,,,,
7707,wwww,,,1235,,900,,0,,,,,,,2025-06-11,,,,,,,,,,1,0,,,,,,,0,,0,,,,,,,,0,,,,,,0,0,,,,,,,,,
7708,Books,,,7089714,,900,,0,,,,,,,2025-06-11,,,,,,,,,,1,0,,,,,,,0,,0,,,,,,,,0,,,,,,0,0,,,,,,,,,
7709,Gift Card,,,7089712,,900,,0,,,,,,,2025-06-11,,,,,,,,,,1,0,,,,,,,0,,0,,,,,,,,0,,,,,,0,0,,,,,,,,,
7710,fsdfd,,,2323,,900,,0,,,,,,,2025-06-11,,,,,,,,,,1,0,,,,,,,0,,0,,,,,,,,0,,,,,,0,0,,,,,,,,,
7711,test,,,41141,,900,,0,,,,,,,2025-06-11,,,,,,,,,,1,0,,,,,,,0,,0,,,,,,,,0,,,,,,0,0,,,,,,,,,
7712,test,,,41141,,900,,0,,,,,,,2025-06-11,,,,,,,,,,1,0,,,,,,,0,,0,,,,,,,,0,,,,,,0,0,,,,,,,,,
7713,test,,,41141,,900,,0,,,,,,,2025-06-11,,,,,,,,,,1,0,,,,,,,0,,0,,,,,,,,0,,,,,,0,0,,,,,,,,,
7714,wwww,,,1235,,900,,0,,,,,,,2025-06-11,,,,,,,,,,1,0,,,,,,,0,,0,,,,,,,,0,,,,,,0,0,,,,,,,,,
7715,wwww,,,1235,,900,,0,,,,,,,2025-06-11,,,,,,,,,,1,0,,,,,,,0,,0,,,,,,,,0,,,,,,0,0,,,,,,,,,
7694,wwww,,,1235,,900,,0,,,,,,,2025-06-11,,,,,,,,,,1,0,,,,,,,0,,0,,,,,,,,0,,,,,,0,0,,,,,,,,,
7695,wwww,,,1235,,900,,0,,,,,,,2025-06-11,,,,,,,,,,1,0,,,,,,,0,,0,,,,,,,,0,,,,,,0,0,,,,,,,,,
7716,Books,,,7089714,,900,,0,,,,,,,2025-06-11,,,,,,,,,,1,0,,,,,,,0,,0,,,,,,,,0,,,,,,0,0,,,,,,,,,
7717,Gift Card,,,7089712,,900,,0,,,,,,,2025-06-11,,,,,,,,,,1,0,,,,,,,0,,0,,,,,,,,0,,,,,,0,0,,,,,,,,,
7718,fsdfd,,,2323,,900,,0,,,,,,,2025-06-11,,,,,,,,,,1,0,,,,,,,0,,0,,,,,,,,0,,,,,,0,0,,,,,,,,,
7719,test,,,41141,,900,,0,,,,,,,2025-06-11,,,,,,,,,,1,0,,,,,,,0,,0,,,,,,,,0,,,,,,0,0,,,,,,,,,
7720,test,,,41141,,900,,0,,,,,,,2025-06-11,,,,,,,,,,1,0,,,,,,,0,,0,,,,,,,,0,,,,,,0,0,,,,,,,,,
7721,test,,,41141,,900,,0,,,,,,,2025-06-11,,,,,,,,,,1,0,,,,,,,0,,0,,,,,,,,0,,,,,,0,0,,,,,,,,,
7722,wwww,,,1235,,900,,0,,,,,,,2025-06-11,,,,,,,,,,1,0,,,,,,,0,,0,,,,,,,,0,,,,,,0,0,,,,,,,,,
7723,wwww,,,1235,,900,,0,,,,,,,2025-06-11,,,,,,,,,,1,0,,,,,,,0,,0,,,,,,,,0,,,,,,0,0,,,,,,,,,
7740,Books,,,7089714,,900,,0,,,,,,,2025-06-11,,,,,,,,,,1,0,,,,,,,0,,0,,,,,,,,0,,,,,,0,0,,,,,,,,,
7741,Gift Card,,,7089712,,900,,0,,,,,,,2025-06-11,,,,,,,,,,1,0,,,,,,,0,,0,,,,,,,,0,,,,,,0,0,,,,,,,,,
7742,fsdfd,,,2323,,900,,0,,,,,,,2025-06-11,,,,,,,,,,1,0,,,,,,,0,,0,,,,,,,,0,,,,,,0,0,,,,,,,,,
7743,test,,,41141,,900,,0,,,,,,,2025-06-11,,,,,,,,,,1,0,,,,,,,0,,0,,,,,,,,0,,,,,,0,0,,,,,,,,,
7744,test,,,41141,,900,,0,,,,,,,2025-06-11,,,,,,,,,,1,0,,,,,,,0,,0,,,,,,,,0,,,,,,0,0,,,,,,,,,
7745,test,,,41141,,900,,0,,,,,,,2025-06-11,,,,,,,,,,1,0,,,,,,,0,,0,,,,,,,,0,,,,,,0,0,,,,,,,,,
7746,wwww,,,1235,,900,,0,,,,,,,2025-06-11,,,,,,,,,,1,0,,,,,,,0,,0,,,,,,,,0,,,,,,0,0,,,,,,,,,
7747,wwww,,,1235,,900,,0,,,,,,,2025-06-11,,,,,,,,,,1,0,,,,,,,0,,0,,,,,,,,0,,,,,,0,0,,,,,,,,,
7760,Books,,,7089714,,900,,0,,,,,,,2025-06-11,,,,,,,,,,1,0,,,,,,,0,,0,,,,,,,,0,,,,,,0,0,,,,,,,,,
7761,Gift Card,,,7089712,,900,,0,,,,,,,2025-06-11,,,,,,,,,,1,0,,,,,,,0,,0,,,,,,,,0,,,,,,0,0,,,,,,,,,
7762,fsdfd,,,2323,,900,,0,,,,,,,2025-06-11,,,,,,,,,,1,0,,,,,,,0,,0,,,,,,,,0,,,,,,0,0,,,,,,,,,
7763,test,,,41141,,900,,0,,,,,,,2025-06-11,,,,,,,,,,1,0,,,,,,,0,,0,,,,,,,,0,,,,,,0,0,,,,,,,,,
7764,test,,,41141,,900,,0,,,,,,,2025-06-11,,,,,,,,,,1,0,,,,,,,0,,0,,,,,,,,0,,,,,,0,0,,,,,,,,,
7765,test,,,41141,,900,,0,,,,,,,2025-06-11,,,,,,,,,,1,0,,,,,,,0,,0,,,,,,,,0,,,,,,0,0,,,,,,,,,
7766,wwww,,,1235,,900,,0,,,,,,,2025-06-11,,,,,,,,,,1,0,,,,,,,0,,0,,,,,,,,0,,,,,,0,0,,,,,,,,,
7767,wwww,,,1235,,900,,0,,,,,,,2025-06-11,,,,,,,,,,1,0,,,,,,,0,,0,,,,,,,,0,,,,,,0,0,,,,,,,,,
7780,Books,,,7089714,,900,,0,,,,,,,2025-06-11,,,,,,,,,,1,0,,,,,,,0,,0,,,,,,,,0,,,,,,0,0,,,,,,,,,
7781,Gift Card,,,7089712,,900,,0,,,,,,,2025-06-11,,,,,,,,,,1,0,,,,,,,0,,0,,,,,,,,0,,,,,,0,0,,,,,,,,,
7782,fsdfd,,,2323,,900,,0,,,,,,,2025-06-11,,,,,,,,,,1,0,,,,,,,0,,0,,,,,,,,0,,,,,,0,0,,,,,,,,,
7783,test,,,41141,,900,,0,,,,,,,2025-06-11,,,,,,,,,,1,0,,,,,,,0,,0,,,,,,,,0,,,,,,0,0,,,,,,,,,
7784,test,,,41141,,900,,0,,,,,,,2025-06-11,,,,,,,,,,1,0,,,,,,,0,,0,,,,,,,,0,,,,,,0,0,,,,,,,,,
7785,test,,,41141,,900,,0,,,,,,,2025-06-11,,,,,,,,,,1,0,,,,,,,0,,0,,,,,,,,0,,,,,,0,0,,,,,,,,,
7786,wwww,,,1235,,900,,0,,,,,,,2025-06-11,,,,,,,,,,1,0,,,,,,,0,,0,,,,,,,,0,,,,,,0,0,,,,,,,,,
7787,wwww,,,1235,,900,,0,,,,,,,2025-06-11,,,,,,,,,,1,0,,,,,,,0,,0,,,,,,,,0,,,,,,0,0,,,,,,,,,
7800,Books,,,7089714,,900,,0,,,,,,,2025-06-11,,,,,,,,,,1,0,,,,,,,0,,0,,,,,,,,0,,,,,,0,0,,,,,,,,,
7801,Gift Card,,,7089712,,900,,0,,,,,,,2025-06-11,,,,,,,,,,1,0,,,,,,,0,,0,,,,,,,,0,,,,,,0,0,,,,,,,,,
7802,fsdfd,,,2323,,900,,0,,,,,,,2025-06-11,,,,,,,,,,1,0,,,,,,,0,,0,,,,,,,,0,,,,,,0,0,,,,,,,,,
7803,test,,,41141,,900,,0,,,,,,,2025-06-11,,,,,,,,,,1,0,,,,,,,0,,0,,,,,,,,0,,,,,,0,0,,,,,,,,,
7804,test,,,41141,,900,,0,,,,,,,2025-06-11,,,,,,,,,,1,0,,,,,,,0,,0,,,,,,,,0,,,,,,0,0,,,,,,,,,
7805,test,,,41141,,900,,0,,,,,,,2025-06-11,,,,,,,,,,1,0,,,,,,,0,,0,,,,,,,,0,,,,,,0,0,,,,,,,,,
7806,wwww,,,1235,,900,,0,,,,,,,2025-06-11,,,,,,,,,,1,0,,,,,,,0,,0,,,,,,,,0,,,,,,0,0,,,,,,,,,
7807,wwww,,,1235,,900,,0,,,,,,,2025-06-11,,,,,,,,,,1,0,,,,,,,0,,0,,,,,,,,0,,,,,,0,0,,,,,,,,,
7808,Books,,,7089714,,900,,0,,,,,,,2025-06-11,,,,,,,,,,1,0,,,,,,,0,,0,,,,,,,,0,,,,,,0,0,,,,,,,,,
7809,Gift Card,,,7089712,,900,,0,,,,,,,2025-06-11,,,,,,,,,,1,0,,,,,,,0,,0,,,,,,,,0,,,,,,0,0,,,,,,,,,
7810,fsdfd,,,2323,,900,,0,,,,,,,2025-06-11,,,,,,,,,,1,0,,,,,,,0,,0,,,,,,,,0,,,,,,0,0,,,,,,,,,
7811,test,,,41141,,900,,0,,,,,,,2025-06-11,,,,,,,,,,1,0,,,,,,,0,,0,,,,,,,,0,,,,,,0,0,,,,,,,,,
7812,test,,,41141,,900,,0,,,,,,,2025-06-11,,,,,,,,,,1,0,,,,,,,0,,0,,,,,,,,0,,,,,,0,0,,,,,,,,,
7813,test,,,41141,,900,,0,,,,,,,2025-06-11,,,,,,,,,,1,0,,,,,,,0,,0,,,,,,,,0,,,,,,0,0,,,,,,,,,
7814,wwww,,,1235,,900,,0,,,,,,,2025-06-11,,,,,,,,,,1,0,,,,,,,0,,0,,,,,,,,0,,,,,,0,0,,,,,,,,,
7815,wwww,,,1235,,900,,0,,,,,,,2025-06-11,,,,,,,,,,1,0,,,,,,,0,,0,,,,,,,,0,,,,,,0,0,,,,,,,,,
7820,Books,,,7089714,,900,,0,,,,,,,2025-06-11,,,,,,,,,,1,0,,,,,,,0,,0,,,,,,,,0,,,,,,0,0,,,,,,,,,
7821,Gift Card,,,7089712,,900,,0,,,,,,,2025-06-11,,,,,,,,,,1,0,,,,,,,0,,0,,,,,,,,0,,,,,,0,0,,,,,,,,,
7822,fsdfd,,,2323,,900,,0,,,,,,,2025-06-11,,,,,,,,,,1,0,,,,,,,0,,0,,,,,,,,0,,,,,,0,0,,,,,,,,,
7823,test,,,41141,,900,,0,,,,,,,2025-06-11,,,,,,,,,,1,0,,,,,,,0,,0,,,,,,,,0,,,,,,0,0,,,,,,,,,
7824,test,,,41141,,900,,0,,,,,,,2025-06-11,,,,,,,,,,1,0,,,,,,,0,,0,,,,,,,,0,,,,,,0,0,,,,,,,,,
7825,test,,,41141,,900,,0,,,,,,,2025-06-11,,,,,,,,,,1,0,,,,,,,0,,0,,,,,,,,0,,,,,,0,0,,,,,,,,,
7826,wwww,,,1235,,900,,0,,,,,,,2025-06-11,,,,,,,,,,1,0,,,,,,,0,,0,,,,,,,,0,,,,,,0,0,,,,,,,,,
7827,wwww,,,1235,,900,,0,,,,,,,2025-06-11,,,,,,,,,,1,0,,,,,,,0,,0,,,,,,,,0,,,,,,0,0,,,,,,,,,
7840,Books,,,7089714,,900,,0,,,,,,,2025-06-11,,,,,,,,,,1,0,,,,,,,0,,0,,,,,,,,0,,,,,,0,0,,,,,,,,,
7841,Gift Card,,,7089712,,900,,0,,,,,,,2025-06-11,,,,,,,,,,1,0,,,,,,,0,,0,,,,,,,,0,,,,,,0,0,,,,,,,,,
7842,fsdfd,,,2323,,900,,0,,,,,,,2025-06-11,,,,,,,,,,1,0,,,,,,,0,,0,,,,,,,,0,,,,,,0,0,,,,,,,,,
7843,test,,,41141,,900,,0,,,,,,,2025-06-11,,,,,,,,,,1,0,,,,,,,0,,0,,,,,,,,0,,,,,,0,0,,,,,,,,,
7844,test,,,41141,,900,,0,,,,,,,2025-06-11,,,,,,,,,,1,0,,,,,,,0,,0,,,,,,,,0,,,,,,0,0,,,,,,,,,
7845,test,,,41141,,900,,0,,,,,,,2025-06-11,,,,,,,,,,1,0,,,,,,,0,,0,,,,,,,,0,,,,,,0,0,,,,,,,,,
7846,wwww,,,1235,,900,,0,,,,,,,2025-06-11,,,,,,,,,,1,0,,,,,,,0,,0,,,,,,,,0,,,,,,0,0,,,,,,,,,
7847,wwww,,,1235,,900,,0,,,,,,,2025-06-11,,,,,,,,,,1,0,,,,,,,0,,0,,,,,,,,0,,,,,,0,0,,,,,,,,,
7860,Books,,,7089714,,900,,0,,,,,,,2025-06-11,,,,,,,,,,1,0,,,,,,,0,,0,,,,,,,,0,,,,,,0,0,,,,,,,,,
7861,Gift Card,,,7089712,,900,,0,,,,,,,2025-06-11,,,,,,,,,,1,0,,,,,,,0,,0,,,,,,,,0,,,,,,0,0,,,,,,,,,
7862,fsdfd,,,2323,,900,,0,,,,,,,2025-06-11,,,,,,,,,,1,0,,,,,,,0,,0,,,,,,,,0,,,,,,0,0,,,,,,,,,
7863,test,,,41141,,900,,0,,,,,,,2025-06-11,,,,,,,,,,1,0,,,,,,,0,,0,,,,,,,,0,,,,,,0,0,,,,,,,,,
7864,test,,,41141,,900,,0,,,,,,,2025-06-11,,,,,,,,,,1,0,,,,,,,0,,0,,,,,,,,0,,,,,,0,0,,,,,,,,,
7865,test,,,41141,,900,,0,,,,,,,2025-06-11,,,,,,,,,,1,0,,,,,,,0,,0,,,,,,,,0,,,,,,0,0,,,,,,,,,
7866,wwww,,,1235,,900,,0,,,,,,,2025-06-11,,,,,,,,,,1,0,,,,,,,0,,0,,,,,,,,0,,,,,,0,0,,,,,,,,,
7867,wwww,,,1235,,900,,0,,,,,,,2025-06-11,,,,,,,,,,1,0,,,,,,,0,,0,,,,,,,,0,,,,,,0,0,,,,,,,,,
7880,Books,,,7089714,,900,,0,,,,,,,2025-06-12,,,,,,,,,,1,0,,,,,,,0,,0,,,,,,,,0,,,,,,0,0,,,,,,,,,
7881,Gift Card,,,7089712,,900,,0,,,,,,,2025-06-12,,,,,,,,,,1,0,,,,,,,0,,0,,,,,,,,0,,,,,,0,0,,,,,,,,,
7882,fsdfd,,,2323,,900,,0,,,,,,,2025-06-12,,,,,,,,,,1,0,,,,,,,0,,0,,,,,,,,0,,,,,,0,0,,,,,,,,,
7883,test,,,41141,,900,,0,,,,,,,2025-06-12,,,,,,,,,,1,0,,,,,,,0,,0,,,,,,,,0,,,,,,0,0,,,,,,,,,
7884,wwww,,,1235,,900,,0,,,,,,,2025-06-12,,,,,,,,,,1,0,,,,,,,0,,0,,,,,,,,0,,,,,,0,0,,,,,,,,,
7885,test,,,41141,,900,,0,,,,,,,2025-06-12,,,,,,,,,,1,0,,,,,,,0,,0,,,,,,,,0,,,,,,0,0,,,,,,,,,
7886,test,,,41141,,900,,0,,,,,,,2025-06-12,,,,,,,,,,1,0,,,,,,,0,,0,,,,,,,,0,,,,,,0,0,,,,,,,,,
7887,wwww,,,1235,,900,,0,,,,,,,2025-06-12,,,,,,,,,,1,0,,,,,,,0,,0,,,,,,,,0,,,,,,0,0,,,,,,,,,
7900,Books,,,7089714,,900,,0,,,,,,,2025-06-12,,,,,,,,,,1,0,,,,,,,0,,0,,,,,,,,0,,,,,,0,0,,,,,,,,,
7901,Gift Card,,,7089712,,900,,0,,,,,,,2025-06-12,,,,,,,,,,1,0,,,,,,,0,,0,,,,,,,,0,,,,,,0,0,,,,,,,,,
7902,fsdfd,,,2323,,900,,0,,,,,,,2025-06-12,,,,,,,,,,1,0,,,,,,,0,,0,,,,,,,,0,,,,,,0,0,,,,,,,,,
7903,test,,,41141,,900,,0,,,,,,,2025-06-12,,,,,,,,,,1,0,,,,,,,0,,0,,,,,,,,0,,,,,,0,0,,,,,,,,,
7904,wwww,,,1235,,900,,0,,,,,,,2025-06-12,,,,,,,,,,1,0,,,,,,,0,,0,,,,,,,,0,,,,,,0,0,,,,,,,,,
7905,test,,,41141,,900,,0,,,,,,,2025-06-12,,,,,,,,,,1,0,,,,,,,0,,0,,,,,,,,0,,,,,,0,0,,,,,,,,,
7906,test,,,41141,,900,,0,,,,,,,2025-06-12,,,,,,,,,,1,0,,,,,,,0,,0,,,,,,,,0,,,,,,0,0,,,,,,,,,
7907,wwww,,,1235,,900,,0,,,,,,,2025-06-12,,,,,,,,,,1,0,,,,,,,0,,0,,,,,,,,0,,,,,,0,0,,,,,,,,,
7908,Books,,,7089714,,900,,0,,,,,,,2025-06-12,,,,,,,,,,1,0,,,,,,,0,,0,,,,,,,,0,,,,,,0,0,,,,,,,,,
7909,Gift Card,,,7089712,,900,,0,,,,,,,2025-06-12,,,,,,,,,,1,0,,,,,,,0,,0,,,,,,,,0,,,,,,0,0,,,,,,,,,
7910,fsdfd,,,2323,,900,,0,,,,,,,2025-06-12,,,,,,,,,,1,0,,,,,,,0,,0,,,,,,,,0,,,,,,0,0,,,,,,,,,
7911,test,,,41141,,900,,0,,,,,,,2025-06-12,,,,,,,,,,1,0,,,,,,,0,,0,,,,,,,,0,,,,,,0,0,,,,,,,,,
7912,wwww,,,1235,,900,,0,,,,,,,2025-06-12,,,,,,,,,,1,0,,,,,,,0,,0,,,,,,,,0,,,,,,0,0,,,,,,,,,
7913,test,,,41141,,900,,0,,,,,,,2025-06-12,,,,,,,,,,1,0,,,,,,,0,,0,,,,,,,,0,,,,,,0,0,,,,,,,,,
7914,test,,,41141,,900,,0,,,,,,,2025-06-12,,,,,,,,,,1,0,,,,,,,0,,0,,,,,,,,0,,,,,,0,0,,,,,,,,,
7915,wwww,,,1235,,900,,0,,,,,,,2025-06-12,,,,,,,,,,1,0,,,,,,,0,,0,,,,,,,,0,,,,,,0,0,,,,,,,,,
7916,ttttttttttttt,,,12345,,900,,0,,,,,,,2025-06-12,,,,,,,,,,1,0,,,,,,,0,,0,,,,,,,,0,,,,,,0,0,,,,,,,,,
7920,test,,,121212,,900,,0,,,,,,,2025-06-12,,,,,,,,,,1,0,,,,,,,0,,0,,,,,,,,0,,,,,,0,0,,,,,,,,,
7921,test1,,,12121,,900,,0,,,,,,,2025-06-12,,,,,,,,,,1,0,,,,,,,0,,0,,,,,,,,0,,,,,,0,0,,,,,,,,,
7940,xsdd,,,1234,,200,,0,,,,,,,2025-06-12,,,,,,,,,,1,0,,,,,,,0,,0,,,,,,,,0,,,,,,0,0,,,,,,,,,
7941,www,,,12,,900,,0,,,,,,,2025-06-12,,,,,,,,,,1,0,,,,,,,0,,0,,,,,,,,0,,,,,,0,0,,,,,,,,,
7961,3,,,3,,900,,0,,,,,,,2025-06-12,,,,,,,,,,1,0,,,,,,,0,,0,,,,,,,,0,,,,,,0,0,,,,,,,,,
7962,test,,,121,,200,,0,,,,,,,2025-06-12,,,,,,,,,,1,0,,,,,,,0,,0,,,,,,,,0,,,,,,0,0,,,,,,,,,
7963,test1,,,12121,,900,,0,,,,,,,2025-06-12,,,,,,,,,,1,0,,,,,,,0,,0,,,,,,,,0,,,,,,0,0,,,,,,,,,
7980,1,,,12,,200,,0,,,,,,,2025-06-12,,,,,,,,,,1,0,,,,,,,0,,0,,,,,,,,0,,,,,,0,0,,,,,,,,,
7981,WW,,,11,,900,,0,,,,,,,2025-06-12,,,,,,,,,,1,0,,,,,,,0,,0,,,,,,,,0,,,,,,0,0,,,,,,,,,
8000,ssss,,,111,,200,,0,,,,,,,2025-06-12,,,,,,,,,,1,0,,,,,,,0,,0,,,,,,,,0,,,,,,0,0,,,,,,,,,
8001,ssss,,,1122,,900,,0,,,,,,,2025-06-12,,,,,,,,,,1,0,,,,,,,0,,0,,,,,,,,0,,,,,,0,0,,,,,,,,,
8021,Valoores,,,6122025101,,900,,0,,,,,,,2025-06-12,,,,,,,,,,1,0,,,,,,,0,,0,,,,,,,,0,,,,,,0,0,,,,,,,,,
8040,222,,,222,,200,,0,,,,,,,2025-06-12,,,,,,,,,,1,0,,,,,,,0,,0,,,,,,,,0,,,,,,0,0,,,,,,,,,
8041,222,,,22,,900,,0,,,,,,,2025-06-12,,,,,,,,,,1,0,,,,,,,0,,0,,,,,,,,0,,,,,,0,0,,,,,,,,,
8060,123,,,123,,200,,0,,,,,,,2025-06-12,,,,,,,,,,1,0,,,,,,,0,,0,,,,,,,,0,,,,,,0,0,,,,,,,,,
8061,123,,,1123,,900,,0,,,,,,,2025-06-12,,,,,,,,,,1,0,,,,,,,0,,0,,,,,,,,0,,,,,,0,0,,,,,,,,,
7960,3,,,3,,200,,0,,,,,,,2025-06-12,,,,,,,,,,1,0,,,,,,,0,,0,,,,,,,,0,,,,,,0,0,,,,,,,,,
8080,3,,,3,,900,,0,,,,,,,2025-06-13,,,,,,,,,,1,0,,,,,,,0,,0,,,,,,,,0,,,,,,0,0,,,,,,,,,
8081,123123,,,132123,,900,,0,,,,,,,2025-06-13,,,,,,,,,,1,0,,,,,,,0,,0,,,,,,,,0,,,,,,0,0,,,,,,,,,
8020,Upload File Services,,,612202511,,200,,0,,,,,,,2025-06-12,,,,,,,,,,1,0,,,,,,,0,,0,,,,,,,,0,,,,,,0,0,,,,,,,,,
8100,Valoores,,,6122025101,,900,,0,,,,,,,2025-06-13,,,,,,,,,,1,0,,,,,,,0,,0,,,,,,,,0,,,,,,0,0,,,,,,,,,
8101,Soft Solution,,,6122025202,,900,,0,,,,,,,2025-06-13,,,,,,,,,,1,0,,,,,,,0,,0,,,,,,,,0,,,,,,0,0,,,,,,,,,
8120,1,,,1,,200,,0,,,,,,,2025-06-20,,,,,,,,,,1,0,,,,,,,0,,0,,,,,,,,0,,,,,,0,0,,,,,,,,,
8121,test,,,1,,900,,0,,,,,,,2025-06-20,,,,,,,,,,1,0,,,,,,,0,,0,,,,,,,,0,,,,,,0,0,,,,,,,,,
8180,Jawaker,,,10,,200,,0,,,,,,,2025-10-16,,,,,,,,,,1,0,,,,,,,0,,0,,,,,,,,0,,,,,,0,0,,,,,,,,,
8200,Jawaker,,,10,,200,,0,,,,,,,2025-10-16,,,,,,,,,,1,0,,,,,,,0,,0,,,,,,,,0,,,,,,0,0,,,,,,,,,
8220,Tannourine,,,800,,200,,0,,,,,,,2025-10-16,,,,,,,,,,1,0,,,,,,,0,,0,,,,,,,,0,,,,,,0,0,,,,,,,,,
8221,Galon,,,40,,900,,0,,,,,,,2025-10-16,,,,,,,,,,1,0,,,,,,,0,,0,,,,,,,,0,,,,,,0,0,,,,,,,,,
8240,Wish Card,,,1,,200,,0,,,,,,,2025-10-16,,,,,,,,,,1,0,,,,,,,0,,0,,,,,,,,0,,,,,,0,0,,,,,,,,,
8260,Wish Card,,,1,,200,,0,,,,,,,2025-10-16,,,,,,,,,,1,0,,,,,,,0,,0,,,,,,,,0,,,,,,0,0,,,,,,,,,
8241,Wish 10,,,10,,900,,0,,,,,,,2025-10-16,,,,,,,,,,1,0,,,,,,,0,,0,,,,,,,,0,,,,,,0,0,,,,,,,,,
8242,Wish 10,,,10,,900,,0,,,,,,,2025-10-16,,,,,,,,,,1,0,,,,,,,0,,0,,,,,,,,0,,,,,,0,0,,,,,,,,,
8243,Wish 20,,,20,,900,,0,,,,,,,2025-10-16,,,,,,,,,,1,0,,,,,,,0,,0,,,,,,,,0,,,,,,0,0,,,,,,,,,
8244,Wish 20,,,20,,900,,0,,,,,,,2025-10-16,,,,,,,,,,1,0,,,,,,,0,,0,,,,,,,,0,,,,,,0,0,,,,,,,,,
8245,wish 30,,,30,,900,,0,,,,,,,2025-10-16,,,,,,,,,,1,0,,,,,,,0,,0,,,,,,,,0,,,,,,0,0,,,,,,,,,
8246,wish 30,,,30,,900,,0,,,,,,,2025-10-16,,,,,,,,,,1,0,,,,,,,0,,0,,,,,,,,0,,,,,,0,0,,,,,,,,,
8261,Wish 10,,,10,,900,,0,,,,,,,2025-10-16,,,,,,,,,,1,0,,,,,,,0,,0,,,,,,,,0,,,,,,0,0,,,,,,,,,
8262,Wish 10,,,10,,900,,0,,,,,,,2025-10-16,,,,,,,,,,1,0,,,,,,,0,,0,,,,,,,,0,,,,,,0,0,,,,,,,,,
8263,Wish 20,,,20,,900,,0,,,,,,,2025-10-16,,,,,,,,,,1,0,,,,,,,0,,0,,,,,,,,0,,,,,,0,0,,,,,,,,,
8264,Wish 20,,,20,,900,,0,,,,,,,2025-10-16,,,,,,,,,,1,0,,,,,,,0,,0,,,,,,,,0,,,,,,0,0,,,,,,,,,
8265,wish 30,,,30,,900,,0,,,,,,,2025-10-16,,,,,,,,,,1,0,,,,,,,0,,0,,,,,,,,0,,,,,,0,0,,,,,,,,,
8266,wish 30,,,30,,900,,0,,,,,,,2025-10-16,,,,,,,,,,1,0,,,,,,,0,,0,,,,,,,,0,,,,,,0,0,,,,,,,,,
8280,1212,,,1212,,200,,0,,,,,,,2025-10-21,,,,,,,,,,1,0,,,,,,,0,,0,,,,,,,,0,,,,,,0,0,,,,,,,,,
8281,1212,,,1212,,900,,0,,,,,,,2025-10-21,,,,,,,,,,1,0,,,,,,,0,,0,,,,,,,,0,,,,,,1,0,,,,,,,,,
8300,123,,,123,,200,,0,,,,,,,2025-10-21,,,,,,,,,,1,0,,,,,,,0,,0,,,,,,,,0,,,,,,0,0,,,,,,,,,
8320,sd,,,3434,,200,,0,,,,,,,2025-10-21,,,,,,,,,,1,0,,,,,,,0,,0,,,,,,,,0,,,,,,0,0,,,,,,,,,
8341,Monthly Recharge,,,7894,,900,,0,,,,,,,2025-10-21,,,,,,,,,,1,0,,,,,,,0,,0,,,,,,,,0,,,,,,0,0,,,,,,,,,
8360,Monthly Recharge,,,7894,,900,,0,,,,,,,2025-10-21,,,,,,,,,,1,0,,,,,,,0,,0,,,,,,,,0,,,,,,0,0,,,,,,,,,
8340,Maroun Recharge,,,12312,,200,,0,,,,,,,2025-10-21,,,,,,,,,,1,0,,,,,,,0,,0,,,,,,,,0,,,,,,0,0,,,,,,,,,
8380,Monthly Recharge,,,7894,,900,,0,,,,,,,2025-10-21,,,,,,,,,,1,0,,,,,,,0,,0,,,,,,,,0,,,,,,0,0,,,,,,,,,
8401,998877,,,9988877,,200,,0,,,,,,,2025-10-24,,,,,,,,,,1,0,,,,,,,0,,0,,,,,,,,0,,,,,,0,0,,,,,,,,,
8420,998877,,,9988877,,200,,0,,,,,,,2025-10-27,,,,,,,,,,1,0,,,,,,,0,,0,,,,,,,,0,,,,,,0,0,,,,,,,,,
8440,12312312,,,1111111,,200,,0,,,,,,,2025-10-27,,,,,,,,,,1,0,,,,,,,0,,0,,,,,,,,0,,,,,,0,0,,,,,,,,,
8441,testb,,,11212,,200,,0,,,,,,,2025-10-27,,,,,,,,,,1,0,,,,,,,0,,0,,,,,,,,0,,,,,,0,0,,,,,,,,,
8442,testb,,,11212,,200,,0,,,,,,,2025-10-27,,,,,,,,,,1,0,,,,,,,0,,0,,,,,,,,0,,,,,,0,0,,,,,,,,,
8443,testb,,,11212,,200,,0,,,,,,,2025-10-27,,,,,,,,,,1,0,,,,,,,0,,0,,,,,,,,0,,,,,,0,0,,,,,,,,,
8444,gxdfbxfdcg rdgsdfgsfd,,,134565463456,,200,,0,,,,,,,2025-10-27,,,,,,,,,,1,0,,,,,,,0,,0,,,,,,,,0,,,,,,0,0,,,,,,,,,
8445,test final,,,95687439687,,200,,0,,,,,,,2025-10-27,,,,,,,,,,1,0,,,,,,,0,,0,,,,,,,,0,,,,,,0,0,,,,,,,,,
8446,ahhshsh,,,95679,,900,,0,,,,,,,2025-10-27,,,,,,,,,,1,0,,,,,,,0,,0,,,,,,,,0,,,,,,0,0,,,,,,,,,
8448,test112233,,,112233,,900,,0,,,,,,,2025-10-27,,,,,,,,,,1,0,,,,,,,0,,0,,,,,,,,0,,,,,,0,0,,,,,,,,,
8449,test556666,,,3344556,,900,,0,,,,,,,2025-10-27,,,,,,,,,,1,0,,,,,,,0,,0,,,,,,,,0,,,,,,0,0,,,,,,,,,
8447,test99001122,,,1234569874747474,,200,,0,,,,,,,2025-10-27,,,,,,,,,,1,0,,,,,,,0,,0,,,,,,,,0,,,,,,0,0,,,,,,,,,
8460,test112233,,,112233,,900,,0,,,,,,,2025-10-27,,,,,,,,,,1,0,,,,,,,0,,0,,,,,,,,0,,,,,,0,0,,,,,,,,,
8461,test556666,,,3344556,,900,,0,,,,,,,2025-10-27,,,,,,,,,,1,0,,,,,,,0,,0,,,,,,,,0,,,,,,0,0,,,,,,,,,
8462,trest,,,665544,,900,,0,,,,,,,2025-10-27,,,,,,,,,,1,0,,,,,,,0,,0,,,,,,,,0,,,,,,0,0,,,,,,,,,
8481,12323,,,12323,,900,,0,,,,,,,2025-10-27,,,,,,,,,,1,0,,,,,,,0,,0,,,,,,,,0,,,,,,0,0,,,,,,,,,
8500,12323,,,12323,,900,,0,,,,,,,2025-10-27,,,,,,,,,,1,0,,,,,,,0,,0,,,,,,,,0,,,,,,0,0,,,,,,,,,
8501,1231231232,,,123123123,,900,,0,,,,,,,2025-10-27,,,,,,,,,,1,0,,,,,,,0,,0,,,,,,,,0,,,,,,0,0,,,,,,,,,
8521,123213TESTE,,,123123,,900,,0,,,,,,,2025-10-27,,,,,,,,,,1,0,,,,,,,0,,0,,,,,,,,0,,,,,,0,0,,,,,,,,,
8540,test1111,,,12323,,200,,0,,,,,,,2025-10-29,,,,,,,,,,1,0,,,,,,,0,,0,,,,,,,,0,,,,,,0,0,,,,,,,,,
8520,ELIANE TEST,,,74858,,200,,0,,,,,,,2025-10-27,,,,,,,,,,1,0,,,,,,,0,,0,,,,,,,,0,,,,,,0,0,,,,,,,,,
8560,123213TESTE,,,123123,,900,,0,,,,,,,2025-10-29,,,,,,,,,,1,0,,,,,,,0,,0,,,,,,,,0,,,,,,0,0,,,,,,,,,
8561,2423423,,,243423,,900,,0,,,,,,,2025-10-29,,,,,,,,,,1,0,,,,,,,0,,0,,,,,,,,0,,,,,,0,0,,,,,,,,,
8480,testerere,,,909090,,200,,0,,,,,,,2025-10-27,,,,,,,,,,1,0,,,,,,,0,,0,,,,,,,,0,,,,,,0,0,,,,,,,,,
8580,12323,,,12323,,900,,0,,,,,,,2025-10-29,,,,,,,,,,1,0,,,,,,,0,,0,,,,,,,,0,,,,,,0,0,,,,,,,,,
8581,1231231232,,,123123123,,900,,0,,,,,,,2025-10-29,,,,,,,,,,1,0,,,,,,,0,,0,,,,,,,,0,,,,,,0,0,,,,,,,,,
8582,3454354354,,,4354,,900,,0,,,,,,,2025-10-29,,,,,,,,,,1,0,,,,,,,0,,0,,,,,,,,0,,,,,,0,0,,,,,,,,,
8620,tedt,,,99,,200,,0,,,,,,,2025-11-03,,,,,,,,,,1,0,,,,,,,0,,0,,,,,,,,0,,,,,,0,0,,,,,,,,,
8621,8888,,,88,,900,,0,,,,,,,2025-11-03,,,,,,,,,,1,0,,,,,,,0,,0,,,,,,,,0,,,,,,0,0,,,,,,,,,
8660,qq,,,11,,200,,0,,,,,,,2025-11-10,,,,,,,,,,1,0,,,,,,,0,,0,,,,,,,,0,,,,,,0,0,,,,,,,,,
8640,Dell Computers,,,74174110,,200,,0,,,,,,,2025-11-10,,,,,,,,,,1,0,,,,,,,0,,0,,,,,,,,0,,,,,,0,0,,,,,,,,,
8961,table,,,20,,400,,0,,,,,,,2026-03-11,838,,,,,,,,,1,0,,,,,,,0,,0,,,,,,,,0,,,,,,0,0,,,,,,,,,
9001,table,,,500,,400,,0,,,,,,,2026-03-11,838,,,,,,,,,1,0,,,,,,,0,,0,,,,,,,,0,,,,,,0,0,,,,,,,,,
9061,test,,,1,,400,,0,,,,,,,2026-03-11,601,,,,,,,,,1,0,,,,,,,0,,0,,,,,,,,0,,,,,,0,0,,,,,,,,,
9380,dsadsa,,,13,,400,,0,,,,,,,2026-03-12,606,,,,,,,,,1,0,,,,,,,0,,0,,,,,,,,0,,,,,,0,0,,,,,,,,,
9421,LOGO,,,123,,400,,0,,,,,,,2026-03-17,838,,,,,,,,,1,0,,,,,,,0,,0,,,,,,,,0,,,,,,0,0,,,,,,,,,
9440,car,,,400,,400,,0,,,,,,,2026-03-17,838,,,,,,,,,1,0,,,,,,,0,,0,,,,,,,,0,,,,,,0,0,,,,,,,,,
9480,mobile,,,400,,400,,0,,,,,,,2026-03-17,838,,,,,,,,,1,0,,,,,,,0,,0,,,,,,,,0,,,,,,0,0,,,,,,,,,
9500,table,,,0,,400,,0,,,,,,,2026-03-17,838,838,,,,,,,,1,0,,,,,,,0,,0,,,,,,,,0,,,,,,0,0,,,,,,,,,
9501,phone number,,,0,,400,,0,,,,,,,2026-03-17,838,,,,,,,,,1,0,,,,,,,0,,0,,,,,,,,0,,,,,,0,0,,,,,,,,,
9601,car,,,0,,400,,0,,,,,,,2026-03-17,838,,,,,,,,,1,0,,,,,,,0,,0,,,,,,,,0,,,,,,0,0,,,,,,,,,
9620,car,,,0,,400,,0,,,,,,,2026-03-17,838,,,,,,,,,1,0,,,,,,,0,,0,,,,,,,,0,,,,,,0,0,,,,,,,,,
9621,car,,,0,,400,,0,,,,,,,2026-03-17,838,,,,,,,,,1,0,,,,,,,0,,0,,,,,,,,0,,,,,,0,0,,,,,,,,,
9640,acr,,,0,,400,,0,,,,,,,2026-03-17,838,,,,,,,,,1,0,,,,,,,0,,0,,,,,,,,0,,,,,,0,0,,,,,,,,,
9623,asa,,,0,,400,,0,,,,,,,2026-03-17,838,,,,,,,,,1,0,,,,,,,0,,0,,,,,,,,0,,,,,,0,0,,,,,,,,,
9660,AC,,,0,,400,,0,,,,,,,2026-03-17,838,,,,,,,,,1,0,,,,,,,0,,0,,,,,,,,0,,,,,,0,0,,,,,,,,,
9661,PC,,,0,,400,,0,,,,,,,2026-03-17,838,,,,,,,,,1,0,,,,,,,0,,0,,,,,,,,0,,,,,,0,0,,,,,,,,,
9680,LCD,,,0,,400,,0,,,,,,,2026-03-17,838,,,,,,,,,1,0,,,,,,,0,,0,,,,,,,,0,,,,,,0,0,,,,,,,,,
9841,"1,1",,,N/A,,0,,0,,,,,,,2026-03-24,1023,,,,,,,,,1,0,,,,,,,0,,0,,,,,,,,0,,,,,,0,0,,,,,,,,,
9901,1,,,N/A,,0,,0,,,,,,,2026-03-26,1023,,,,,,,,,1,0,,,,,,,0,,0,,,,,,,,0,,,,,,0,0,,,,,,,,,
9960,Logo,,,0,,400,,0,,,,,,,2026-04-07,30,,,,,,,,,1,0,,,,,,,0,,0,,,,,,,,0,,,,,,0,0,,,,,,,,,
9961,AC,,,0,,400,,0,,,,,,,2026-04-07,30,,,,,,,,,1,0,,,,,,,0,,0,,,,,,,,0,,,,,,0,0,,,,,,,,,
9980,Car 3,,,0,,400,,0,,,,,,,2026-04-07,30,,,,,,,,,1,0,,,,,,,0,,0,,,,,,,,0,,,,,,0,0,,,,,,,,,
10000,Screen,,,0,,400,,0,,,,,,,2026-04-07,30,,,,,,,,,1,0,,,,,,,0,,0,,,,,,,,0,,,,,,0,0,,,,,,,,,
0,1,,,0,,400,,0,,,,,,,2026-04-14,50,,,,,,,,,1,0,,,,,,,0,,0,,,,,,,,0,,,,,,0,0,,,,,,,,,
10060,atest,,,0,,400,,0,,,,,,,2026-04-14,50,,,,,,,,,1,0,,,,,,,0,,0,,,,,,,,0,,,,,,0,0,,,,,,,,,
10041,test,,,0,,400,,0,,,,,,,2026-04-14,50,,,,,,,,,1,0,,,,,,,0,,0,,,,,,,,0,,,,,,0,0,,,,,,,,,
10100,yes,,,0,,400,,0,,,,,,,2026-04-15,49,,,,,,,,,1,0,,,,,,,0,,0,,,,,,,,0,,,,,,0,0,,,,,,,,,
10120,1213,,,0,,400,,0,,,,,,,2026-04-15,49,,,,,,,,,1,0,,,,,,,0,,0,,,,,,,,0,,,,,,0,0,,,,,,,,,
10140,test2,,,0,,400,,0,,,,,,,2026-04-15,50,,,,,,,,,1,0,,,,,,,0,,0,,,,,,,,0,,,,,,0,0,,,,,,,,,
10180,2,,,0,,400,,0,,,,,,,2026-04-15,50,,,,,,,,,1,0,,,,,,,0,,0,,,,,,,,0,,,,,,0,0,,,,,,,,,
17922,tablee,,,17922,,400,,0,,,,,,,2026-04-15,50,,,,,,,,,1,0,,,,,,,0,,0,,,,,,,,0,,,,,,0,0,,,,,,,,,
71688,tableee,,,71688,,400,,0,,,,,,,2026-04-15,50,,,,,,,,,1,0,,,,,,,0,,0,,,,,,,,0,,,,,,0,0,,,,,,,,,
10240,hfn,,,67528,,400,,0,,,,,,,2026-04-15,21,,,,,,,,,1,0,,,,,,,0,,0,,,,,,,,0,,,,,,0,0,,,,,,,,,
10260,rljgb,,,4632576,,400,,0,,,,,,,2026-04-15,21,,,,,,,,,1,0,,,,,,,0,,0,,,,,,,,0,,,,,,0,0,,,,,,,,,
286752,tableeee,,,286752,,400,,0,,,,,,,2026-04-15,50,,,,,,,,,1,0,,,,,,,0,,0,,,,,,,,0,,,,,,0,0,,,,,,,,,
10300,dkyuf,,,0,,400,,0,,,,,,,2026-04-15,50,,,,,,,,,1,0,,,,,,,0,,0,,,,,,,,0,,,,,,0,0,,,,,,,,,
10281,43,,,888,,400,,0,,,,,,,2026-04-15,50,,,,,,,,,1,0,,,,,,,0,,0,,,,,,,,0,,,,,,0,0,,,,,,,,,
18002,tablee,,,18002,,400,,0,,,,,,,2026-04-15,50,,,,,,,,,1,0,,,,,,,0,,0,,,,,,,,0,,,,,,0,0,,,,,,,,,
19246,asaa,,,19246,,400,,0,,,,,,,2026-04-15,50,,,,,,,,,1,0,,,,,,,0,,0,,,,,,,,0,,,,,,0,0,,,,,,,,,
2222,2ew,,,2222,,400,,0,,,,,,,2026-04-15,50,,,,,,,,,1,0,,,,,,,0,,0,,,,,,,,0,,,,,,0,0,,,,,,,,,
17776,2ew,,,2222,,400,,0,,,,,,,2026-04-15,50,,,,,,,,,1,0,,,,,,,0,,0,,,,,,,,0,,,,,,0,0,,,,,,,,,
8888,2ew,,,2222,,400,,0,,,,,,,2026-04-15,50,,,,,,,,,1,0,,,,,,,0,,0,,,,,,,,0,,,,,,0,0,,,,,,,,,
6748,55,,,6748,,400,,0,,,,,,,2026-04-16,50,,,,,,,,,1,0,,,,,,,0,,0,,,,,,,,0,,,,,,0,0,,,,,,,,,
1001,Current Account,,,1000,,200,,0,,,,,,,2026-05-21,,,,,,,,,,1,0,,,,,,,0,,0,,,,,,,,0,,,,,,0,0,,,,,,,,,
